-- MySQL dump 10.13  Distrib 8.0.33, for Win64 (x86_64)
--
-- Host: 192.168.150.101    Database: itcast_auth
-- ------------------------------------------------------
-- Server version	8.0.29

/*!40101 SET @OLD_CHARACTER_SET_CLIENT=@@CHARACTER_SET_CLIENT */;
/*!40101 SET @OLD_CHARACTER_SET_RESULTS=@@CHARACTER_SET_RESULTS */;
/*!40101 SET @OLD_COLLATION_CONNECTION=@@COLLATION_CONNECTION */;
/*!50503 SET NAMES utf8mb4 */;
/*!40103 SET @OLD_TIME_ZONE=@@TIME_ZONE */;
/*!40103 SET TIME_ZONE='+00:00' */;
/*!40014 SET @OLD_UNIQUE_CHECKS=@@UNIQUE_CHECKS, UNIQUE_CHECKS=0 */;
/*!40014 SET @OLD_FOREIGN_KEY_CHECKS=@@FOREIGN_KEY_CHECKS, FOREIGN_KEY_CHECKS=0 */;
/*!40101 SET @OLD_SQL_MODE=@@SQL_MODE, SQL_MODE='NO_AUTO_VALUE_ON_ZERO' */;
/*!40111 SET @OLD_SQL_NOTES=@@SQL_NOTES, SQL_NOTES=0 */;

--
-- Table structure for table `itcast_application`
--

DROP TABLE IF EXISTS `itcast_application`;
/*!40101 SET @saved_cs_client     = @@character_set_client */;
/*!50503 SET character_set_client = utf8mb4 */;
CREATE TABLE `itcast_application` (
  `id` bigint NOT NULL COMMENT 'ID',
  `code` varchar(50) CHARACTER SET utf8mb4 COLLATE utf8mb4_0900_ai_ci DEFAULT NULL COMMENT '编码',
  `name` varchar(100) CHARACTER SET utf8mb4 COLLATE utf8mb4_0900_ai_ci NOT NULL DEFAULT '' COMMENT '名称',
  `status` bit(1) DEFAULT b'1' COMMENT '状态',
  `describe_` varchar(255) CHARACTER SET utf8mb4 COLLATE utf8mb4_0900_ai_ci DEFAULT '' COMMENT '描述',
  `url` varchar(255) CHARACTER SET utf8mb4 COLLATE utf8mb4_0900_ai_ci DEFAULT NULL COMMENT '路径',
  `color` varchar(255) CHARACTER SET utf8mb4 COLLATE utf8mb4_0900_ai_ci DEFAULT NULL COMMENT '颜色',
  `logo` longtext CHARACTER SET utf8mb4 COLLATE utf8mb4_0900_ai_ci COMMENT 'logo图片',
  `create_time` datetime DEFAULT NULL,
  `create_user` bigint DEFAULT NULL,
  `update_time` datetime DEFAULT NULL,
  `update_user` bigint DEFAULT NULL,
  `last_use_time` datetime DEFAULT NULL,
  PRIMARY KEY (`id`) USING BTREE,
  UNIQUE KEY `index_app_name` (`name`) USING BTREE,
  UNIQUE KEY `index_app_code_tenant` (`name`) USING BTREE
) ENGINE=InnoDB DEFAULT CHARSET=utf8mb4 COLLATE=utf8mb4_0900_ai_ci COMMENT='应用';
/*!40101 SET character_set_client = @saved_cs_client */;

--
-- Dumping data for table `itcast_application`
--

LOCK TABLES `itcast_application` WRITE;
/*!40000 ALTER TABLE `itcast_application` DISABLE KEYS */;
INSERT INTO `itcast_application` VALUES (981194468570960001,'1653976591227','神领物流',_binary '','神领物流开发环境',NULL,'default','data:image/png;base64,iVBORw0KGgoAAAANSUhEUgAAANwAAABGCAYAAAHQoMoyAAAABGdBTUEAALGPC/xhBQAAADhlWElmTU0AKgAAAAgAAYdpAAQAAAABAAAAGgAAAAAAAqACAAQAAAABAAAA3KADAAQAAAABAAAARgAAAADSHK/uAAAePUlEQVR4Ae1dCZwU1dGv3ZnZ+74PFo1GjcYYNd5Xohg10agxioqKSLxFQEQ8IqiIIKIoKIiKgopiEs94E+OtMfHMp4lnjMLCsgd73+dX/+qp3p5mZnZ2bcbZpev3m+nu916/fle9o169f8V9e9I+fRRFio/it+RTYT84+k//oMyx5ziaprhgRZo14RLK+PUp1NfTTXEer3xw7dh9CQlQanrhz5Sy76HUXV1B3vxi8mTnqZcZPsDB/xA0h/gYSD/mDxtwqbvvZvlI4o4/2fxjpx0ckDjri0FzGJeSSqkH/JKaX3rSfBE5dIKC5rCvtYVyzr3S/Fhfd7d8q+zht8xvZp50No164BV5jktMIiRSizx38mzycDEHo6A5DBbQKbegOXQq8mDxRDWHUc1dyI/lXTLXrPxgRTIUt6AfQwtL2X8MKYPHJSRS6fIXJX74FVyzVBKC++S9DD7DPVpnOAr6MX0BEYD6OjvIk5Fl5rTqugs1CKWNOd68B/t4C0rMcKaH/yZkAyn74ztE6Ma8PgnqBJMbHaItCZojsnwoPjWdCq+/mxoeW0F93V3S4/TU1ZAnJ586PvsXpY45jtrefY0aHllGhXOWk7doFK0/+6iAmEPmLCCUQw9h68yhb5jRRDVn5lejdBPVkoxSnszPBGUA09d2U3jDvZS4w642V+Oxat4l1P7h26Zf/tWLqXrOZHkuXvwoVUw+UZgCnaGdNl4+nig+nooWPCQcvnHGGRIkLiWN0o86iRofX0Hx6ZlUcvvjVD5hjP31kM8RN0uT4/1RBetaEEbdcb+BM1TCGVNqePReav/PB5S0y56UeeLvqfN/n1PCD3Yy3on30OhH+gsH72gn3dPcQHG+RI2Gys/4uXkf7ibiZll+1uEB8SDx9l9vR3tAmO6N66hz7X/FrfHph7jbu5e8uQWSsXXjf8G9fS+1vvdGwDvBHlpff0EyFM9zIPwipYgzV3rfX8042/71jpRq3f23mW64qVtxi/nc+s9XKe2IE2jj9HG09pT9qf7Bxdzkeij3omvk3b72NvJtuyPV3DSd8qZxU+3tkbkzaquP70Flj/yd0NzTf30yYTKHCeC60w+hrDOnmt8JdxNxs9RIUg44nPKm3qCPcl077iAiHohijQaduVjLQLj0RNwsw0USq35uzcVqzQyUrhHdLEd05gY1/UIziOcV1ij/kq6vq5PWsbgkVmlQNYcZiWYMGYrzJZizFGsGMa9USj3sWL2lovkPyA8Oep83fb74Fy9cHXDVMOLIf6NW/k1vI75GnDlkzEobLj7B+hiwDk7Ydicz0968IvKO+gEl7b6fzCMrZ54j73mycslbPJpqbr5cwvpGbUdpPEnGVad1vW0tlPDDHxMm3huvmBDwvUgeIhsKvF4abZF5tX/yLlXNnsRL4gLqqa2S7/hG/5C61n4l9/aCgGPV3CkUl5hMfW2t1NvazIneheJ4sowpWsXUsZIhnShLJPzX/LenqH71UipZ8pQ6ydXZiXNvb0DkSbvuLYkpvu1PZinHp2UEhOniSTOojueU5RN/Kfdt/3iFEn+8J68GPpNnT44hWzULw+MhzFfrHlgk/vWr72TB8HkyWe788mOZPNfccrn4RfIXWbO0ZU4jjk9K1lsqvPZO876VM4H1G1YEGb85jQquXUbtH70jBZH52wkygc6ZOJ0yjj1Dak2XSUm77SsC5aZnDf4btfwFqltu8KRGHpeUorcDXiNqlughexvrJbKC2XdRx6cfSZMpveOJgA9oIgMcv8eHiGoOGVMm92TlUU/9Juqp2hAy2ViqQIyVPWEalT38pvSM2HdI3HUvyho/hSBT83BHg2WMUv4fFvFKvUzCq9uoFS/Jd81n7jHLbAta9Qt2jShzeLF6wQx538fys5yzLg34KDystSZNiZdAKQcavAZ/H/egoDZenNaDp+LiKIV3B0AYLpJ+so+ISLVTgjtke61/N4aAuORUav3na1S7bHMxBcIGo4iapfVFlHocJ0yp44uPqfLqs/Uxpq6DzlxMpX6AxETcLAeIJya93czFZLVEkKgRzXMR5H/YBhnRLDdsayWChLsVF0EhxWIQt+JisVYiSNOgJV8RxGkG8ZZsQyW8Uo+EsIu//ryjIwnqhuES2CKTk9J7nidPZk7YAu5jqUXbB29Syl6HbBZu09LrqeXVZwLcsdMMLRdIErG866osp8zjzwwIow+QQ/nKtqfsMyZTx5efUHxyigjUsNyENBGEzdyehlqWbVWLqpwK4DZM4Y3gRcZGMMKraKfRL/XQb9SzmEf9rOHU3361LnXtfkN5dpzjNDP2xEAuvWHy76hnkyEEtPsn7/NzSjv8t5S8+/6Ue+FM3lSeSBsm9UtFa269ihK235mK5q3k5kbU8PBSs+IgW0MlQb42yr/3i2cIQnyl21LdyoUc5ywRYKDCusq/praPWAjCESWzJLW3uZHSjzlV3LLPmm4mDWpTm5ZcF6COmDXuIvFHxSl5eBN83YTDqGzly/JNNDylgqtuM/eI1c2Jq6MVFx+Gy8AppXc+LWlWmYSdM5vWPBYghLFmMOP48aSFlrLfGMrhilCC2Brk5Uqykrqj0kDJe/G+NlPTmscJMsXGvzwoFYeCb3pmtfxwr+n0Fo7ib15I7f9+n5J+/DNq//RDeV//wEWZp5xPyXscyCqihgiw5rY/iCYDhLrKZdU3TtNXHLs6Ojnp5a4nEoJSLTjT3p2mH/E7cRc/LkArNT75AEHIC6qE3h6r2Skl7210t3lT54hTd02lCILRHaPwwFEgVA4IXA1KP+Y0ueKvYNYSFulzj1C3yXRDxYJa3nhBrrV3GvHLA/9BDJl5wlnU/PJfKOWgI8S54z+Blathnb46WnFIHAoK6iZQ9rFTxTRWz/arltj97M/a6u3ueO5gDqi9a67xLf5e81+N1r7hgmPFrbv8f6L20tvSJA0B2xcoXKUkrjikE90vCFxSNfsiamaOt1LO2YaINvN3E8W5YNZSudatvJUgzU/+6X7U8iZrnXKe0n91svVV8x57PQVXLRKtLtPRgRvHJyfgFrT4qjmTqHvD2rBJhN586V3PhgyjXU3IAFuxh+McV87Kt968Ql4G/Nns9lCZ+Pl4WzXjtxNM91CVBq24YJWGOBK4m8XOCnYqsbsCwg5LCW8z6YxRT3hgtwXf8JVtx7rWaZT4o90p5eCjZOclmQ9e4B0lUTrzP+i+dPEiPqDBExTfNjtQzvkGdyINIOzwYEIDsupWYkcneb/DeENkB/Ej3mjEvoN9/DU8h/7vOMdpUqBZXboscEqvfqGu0ACsvmFKKG/X3VICW6ziLN8wbzHrxEwP6yqsoborec8ywjHPjMS9kRJwdDkwUJli1hnpzHOguLZ2f8fHuK29QKOVf7fiolXSDn8nqmOcw2nfqqNzOW6YVr9bcW7FDdMSGKbJdjnOrbhhWgLDNNkux7kVN0xLYJgmOyoiL2xQArfHvnGKQ/04StD5tXGEZ5iW4feS7C26AC+YeQef59g7oozVLJ5JrW+uiSisG2gLaXnFZ2TzGU9ju38whYzjjOVnHhb0FXAtFIrq7l1A3RXGATwNiOOPLa88Q41PrFQnc29OHTbdfo0AOSRsv4s6mVfBJfE/6RnSimm818Z7acULVlEXbwhDC8xKhfNW8gnGeLK+C//Se9cwJpqHNi2dTW18wGhLkeMcF+k+XMtbayj1QENPw545+yYqzrSmHXqsbGr2drZT+/tvCcRI8c0P21+VZ7yPDc/umo2sQ1IjIDTAW/Fk5bCm2C4EhSAPNy5groBQ+KMeeJWsBxoRR9qvxsqpsvbPPqLO/34qYfHX9v6bDCvlFZWETctuEO20RD6KGoo6vvoPVV51VijvIbk7PsYNtHkK3Y9aziwOGYequJKlT9GGC48zM4SzvYmsZQWOjOejcih40dHjfygOFTLCGLSsoN5nJRxrBXIQdt6x4929/n+yHxiXYGDCYH+wftVieQWV1tfXZ56Qw845ILdASbxzjp+SKBT59xFzz/+DsVvPXDZ69duEhlV+emRgOhrfUK6OLgdUfS5YQppefFQyiEoDQaEHrRq/9Rceyxx0H0H3EoTT4zj7qNTClb3+7CNFQQdu1uOGvY11EqyXsW+UAFoIamXtLEAwtbzxIiWw+kJ8WqboSHYwB0GvEpWVN9nQgcRzO+/AK3V++yVtuOh4qn94CVVcdrpca+64Vr3NSsXYDCq9+3m51iy8ik+97y8/qFeA8zF0OE2OVhx0H0NR+pEnUuIue5je0AEh1rUE9bByUcMf7xIgB1QkwOTskxrofuh5UUPvo0/eLb7FULnLOGacPOMP3TW6RlDt3TdS09OrzGe44dw2ZrhWxdXquVMJPyXcAxMQjREn8nHtre9XP2xmwFBQ7gUzpTEAZxC6MtA/ybv0RvllnTFF3HIvvlbCOvnneFcZLnGFfNgdBBVxPfSu4TEWVV5zPgEuq3LWuQEchzCqkAOEKIwvStU3z6D86TdRy+vPUeohvxbnhG12FKVUYIdZqf2T9+QRFQuN5nCExrHpjuskCJRhQb0tjXLVP2hQ48Qz0t7HlQbMRjQ8vFvLwKw4xA/FqS2hR9NfApqa73CFAipmWgMR9AztBFU9gLdBbXz9uVwBPN4oAdtVqe39NwQaF+MeSGeYPX6AAbi1vvM3KUDcg1CQAMMMRwYX94dA41KQTJxZCEZZp02S/AJiEpUWTRq4lAeRmmrGVvuuBGWiUttSovbueQEVAaCQxB13lU/lnGeozaWwSpyVoD6XctCRplPjc4+Y9+kMdQECop9SG3ef6y/4jT5Kj5C854HyHB8CygKN1Kr4i3ExWuRoxbV/8BZ1bSz/zmnHVB1jRiiCFjPUwoE3ovggQInp+OrftM6/DsQpnDzWcYQeJ6jpL6tEWxkHPjBWdjLqDAD60LWBqpnD7AdScN4B4UBdPJnSNWAfzxxTf250y9qdIkwnnwyKFjlacUh0BZ/IqeeTNHaC/n7L68bMy+4X7Dlpt32COZtu6CKBrogfqOW1Z3mtNJEhflrkuWLqSXLNOvUCucqJHB5zgF+EbnDjdIPryh56Q/xD/QHhA9T63usElXSMsZiYaPeNxqrU8eW/9Vaum243DpvYu+GAQEN8cHQBnv37y0SyoWnx8MCcwWfYUvY/nDyMiKqtG5lOO/x4DRb0WrN4FovAXgzq5zry3C0Yfv5QCwaq2/E8zW94YiU18OJ3IMo+53JK/+UJQYPhgKFOPIIG2ModHe0qN/pxeIBrhe4Bv7JVrxPkerlTjIUuyluw1VkyEarSEMZeacCuU9Qk7XqKbn4IQQnAYtkMeARSvX/caxpwD5i3gll34LbfndHSlAA8LgS4YU43pDegNF5/wjoBIOFSWEQXz5MngCHBDff6DchSi268v/+d1ezPa8Wimx6UswPi4eCfoxUHaUi3H3ZO04hKSuSTpBBvYSIBMHxUpt3ChYbHtcI//ljdsDzoZJlfMOrkSYmKp+z+sKgByh4/1Zxc4Bndth6jwrNS1vjJtPbk/ajj8/8Tpxx0//ctEOBsDUO87OnlY2TQykY8OK5sPaKFd9adeqChtc0Nof3jf5qvOnXjaMUhURvO/41IC4IlsIztaAy03oHQ1grpZcbD0M6oBMB64WQoOKj943fFG5IWoNkJ8YzRiiYJURqoi+WUItLymwLI5UOQzS8bXAV/SFLwXstrz1HOeVfyWvEwOMu6spfXgIk/+qk84w+yT0hmUg/tXz6YnnyDtWjKIb9iEVuG4CfG4eyzw+ToGGdNW96Mm/lgfvCFqzWc9R5nxLsdWE5Y4xyp91us4qTAWGJewMdtcR46HNXwXhkEwi5FXgJbtuJs6QBsY3xGJoufOqX/h4zPpaGVgKOyyoGSAAEy+eFjBwrr+ocvAccnJ+E/5/o6VQJuxTlVklGOx624KBe4U59zK86pkoxyPG7FRbnAnfqcW3FOlWSU44nqOi7KeXM/55ZAzJWA21PGXJW4CRrJJeAy3EiuXTdvMVcCLsPFXJW4CRrJJeAy3EiuXTdvMVcCLsPFXJW4CRrJJeAy3EiuXTdvMVcCUdUSimbu4/l0CQ4w4NxVXFKSWOXGAXGcjerjaw/OA7sI3tGsEvdbXALDnuES+ERq+pEnEU6i4gDiUAkYJM1rHqXWt18a8LjxUL/hvueWwPDb+GamAo4bUDHi/Oc2tkQ1wuJY7T3z2SzQt1siejfOrbQEhg3DATiq4IqF5C0oiWpVwVha3YqF1Mx4SJGSj5FTiv2GPPEOzAvWLZ9vvg58IfsBaphpgs1IEE7ktX34thkeNzhM3V21gU0WHkL5MxYE+NkfFH8QlvCS2BxUJNTFHUvF1LESFKYUfSWj5b5uxS2GbUxLJHoQHHA9RXNXmD7NrzxNdst6pqflJo/Tr4ZVYSAOFnEBYoJzXQlqQsoSHmg0cZajpzDohp+dOr/5kmocwPuwx+vkc+wzHI9ihbPvokQ+v/tdCIyDRtvw+AoxZge7Yr5io1FFEi/AxSpnnhMWCRUnLGG3MxxVL7xSRs1QcH+h3lUIJivagRXVwMMdUanflhpQeQAkZqesM6dSxtGnijNMUNavMs5TW8OhQ1ObbCiz8vGHyrFhaxhlOJwJD4WeZw2v93X8vSa/6cvixY+Rr2iUeAG6ELCFgIPyZBu2UhN33oMUXAaBOhiysI3zFY6AiAdYqVimmF7DxTOmZOmSp4a0NsM5cJihbnjifurxn/3WisBoAgCZ7oq1jL+VIcd8cXwYx31DEdaHOJBfy+CmoUY7YJ4oIBviyZ10jYkphueNV/+eOr/4hHyjt8ejSRWXnioIe7CeDGp85mFq5I5BrSqbAfkmac8DzMcuBuVR8IIKbrAYGRN32k1GQWKko4Krbw85wgFbDD8lMCgYFaAEShhVcEbfTvgm8Gtq75onP7u/PidstxMpZpu64Vq88BGT2fAMLLWci2ZR7ZLZeJSj4VZmq3vgNtOmrQTw/8Goouah65svqPGpB63eMXkf0wxXfNOqQTMbQA/qgMntB0oIVuqAqMRvIAIYXsoBhzPi09EMF8ZWPZkAooD1HUAlwlHh7LsDzvgbaFHBz+2jkQMDQAnTqmBYALDy6fXjzQF7HLgGwCoAlkAqWw1teeN5YTisbZP36GdMxAsAP2tnALfUXxwjZtZxn3nKecJwQES2oiITEEMeCZze6giH90rvfk7wWnEPrAVgrSrhm8EIHU/psmdNEF6ATCmzAVHSjpgJkAz8whFAeTuZ6ayAF+HCf19+MctwGG3U5PpgCgfgvUXX32O+0s6WuBseXU4dfnRKeCQw0krRvJUSBlsF3ZXl3Hj/Kw0YKJaKuIz1BYxTq4FqvAAQDV/ptqEZjht7CUPk2NeaGO1AaJRAYrESrIdbCfAGwSAOAMuNdZJSzgVXUxeP0vihcwAsnPoDDsdOWadfzCPC6eKMKWUHj7ZDoRxmKnRsXd9+ZdYRTvBjraUE46mhYOj6WlsEhbSY4XpAqQwmAjg8WHcHBm/96qUaTT/gJQOfmOQHwQRYimIHY6tnOGzzxCzDAZbOCUpi/OAkFh4oQfwPBlQIWQAxJ/DIgZ+dZN3H2wT1DP2qkBAAhA5FaORARwXCt5U6vvjYHCGBj1W94DKrN0U6pcTeIjqUYGTvoKydRLDw4dx8o3/I09KDZWqKzslOadzpAIDGawGuaX339QAgG4UZtL+rz5gCAhcFHQUI0ExC3GGNZnvgSgp2UzAT0+O9xVlHa+A4A3IXpGtceYjhv9hluPZWwfNP/tlBjhYfph6QdkZCWMOkMqosfmC+qjmTA0ZKexxgtI1XGqNV9sRLKXm3fSUImBUw/Wio3sLSgHWSPQ591oaoz8Aua//XP6hi2immk/UGoHTJDAIHAkSWfRSFe7wFbhgI8MHIPhXGNC1h2x0DguqUssgPXA7Pzq8/pXRGeVdqffc1vQ16hZRWMT4RoOr6SRIucYd+4VhPU8OIQ5aKWYZD6VfPv5TymTmsC2iple/hD8xXyCMlcNpql80NmgLB2/H79LW1BoSBeQU1sYARBCOdkiLu6zP2GK3o+1ivgdlAqb84mtddBtCsGgwBEytzIwxQi0GQyDa/9CR5S7bZTHoK5gcaMUaLXsYd7+UODlR5HQPoMr6dSUHWcPDDN2G6AQSRvhV5GQKrdjbbEApYHp0JMGiVMA1W/LwEywgeakqq7w3Ha0wzHAq0+sZpDN+ZQ3lTbwjAKA9X2DCKEudNiAg4P1w8wfzSDjtORitIG4dKEHboKKFxAIfdKqWEMbZg1PIqCxtYZS17wjTeKtnFlFJqWOynwdIPCOvWvGlzWQtnjDwDn33jjPGiMFB040qJB9sYtbzX1vr2XyVMALMZLkH/sR+o1PbBm2SdibQxKnX+ZQsC3GDIoP0jQ/iSc9E1bCbKaHrYT4OCgZJ1yox1YjjqYUtJOqXM5z08rLkrLjmZp6eN4V77Xv1ifx/OVjyAlIWBGkzz7FMda1CYBoEEz8t7PcCrx8JcK9kabij3EHyEW8shTh9LGtWqIQQIXbwpG44Aj+vJL5YgmILatzLs72LfLZ7txdgJe1GAqQUl7rw7zyM9cg8oeLs1RWATq9EhfDOUVk2CX0IrEfFfJ69JMWrqNkp31Xry5peYAgykXbc++ni0RAeDUVSI12hiKMkfWW8Tj67MKErWNMl7PK0EoTyxhQPCdg5sEYBg1ycB2yx+Bhbps3WEllCx8xezDIcpCvaAAIlbd/9tRg9sMdESsgi5gaEhwNaOVoo1rMDnHzde1lND1b2EmbMO3hpwyS2BwZZAzDIcMgKxd1oQbGos0Ds+/5iNK37GvfbnYillUCJh3sROG3McZRzHhqVyDSlXpAUHC5sVl4ztF1eHeBE9NQcyRhWeToHQS8PiSy/32rDfFMcSUh1VsMcGs3cYaQy/JNGIkfd4zdfTWBtg8QwjvbeoVOLFH0YQ7WAwanmLywLciDsg2evr7eM0VAaMKmYkfINRFp2V3VIAwiCN8ckpkie7PSlM+32lP2B88m84nZskSqzVPPlFPMJ9bYrsMTJ7+RuQUmJkg2jfW8ijo4W0jLysXgbgYEwdlWAdwMejq4x+OnXk7ZLEHX4iNiC7omjKSNM0mGv8YAJHOyz08oJJuxK225nS2VIphAfFbB4CG7NqokGvGSdMMJOLBpjO+0+l9zxvhGPLOVi7DJrZWBReMX1cWGZTcxFJu+3N5m+/7d+PYybHRj5MFYLA7FhfKRXNW0HFix4VoYj4TZmjXqLals6mJ6wEPUbEB8J0VZkNz1g/YW+vZMmTptjdk50v4cGIEPXDrpddnxPvYh2Zy2ssK0G4gnL1ZGZL5wbVLwD9g8CgMJOB73WwcAcWZ5VgoxJpVOloARs/zZ8+XzRidPqMqS7Sj/dzzrlC7tEhgWA3M2vchXKPmYl8h437dLAUVg3OQcgCY6aegmKZDVn3AuXFGPszVq4xlihrcmoWzBA7KNCnjPR0AKahWLtANUrXGdY4h3Jfs4gNkrPJ5IEIvfvaU/YXDRUo9qIBlE88grmiM0CahymzXQEXisKwFtXLG8ORUhJvPfiKRovZEIwYKQcdQTD5BTNbkJTCyoXoVVqm4+2fvE99LKzA+nZz6tvMCRJJbIvALJcwCI9i3kLjXYyaGBEhKME6GSc5YHSvbvlNm3VMVTwV9/EWQ97F10nHA73StndeNr63+WcD0mF+50M2E8Z5wQgHgiRz7WkHUxpLb4vm3y9lXDH5xIB3Y+kh5hlOCpU1M9aNO4gStvuRaJR7LRoNwQoTGipZY88N5jUoNzTg6luuCLv3Zo8QDJ7JtumSf7ovm6TpMLTn/eanK644k+32sKWuY06ThoLORAmaLjCLDSlb/pW3CrOYfqxGlrzPofKDgKLmpsvkEC0MHJr2X7lsoKGBs4G1fDKhmU8ooHHnTrpWOixMIxEe9mHTWKWrZtHV5laDfgfXbjYo7C3Zlor8ttSr5kyihj/dwyPbN1R43TLZ1IfOZT0bHQa186kG2DyCFotv9Hayb6YKxOhQ8E2d7sOsNwRe2ANsWvMYtVn26mCbva+nW+LUPxiLhIFjEGznQl8UI7BourBArI71WjEthzoY9GPR2UFBOpYpptdw4QouiY+yZE+41DxGEi7sYPy6uWFCSGP2vIN52Q3rlsAAJTBsGc6eL0yPYLgTonAoGmOvKhxh0Q+VK+hatr33mqwdwoV3/dwScKIERgzDOVEYbhxuCWzpEohpKeWWzrwbv1sC0S4Bl+GiXeLu97bqEnAZbquufjfz0S4Bl+GiXeLu97bqEnAZbquufjfz0S4Bl+GiXeLu97bqEnAZbquufjfz0S6B/wegJvRG/6+c+gAAAABJRU5ErkJggg==','2022-05-31 13:56:31',1,'2022-08-30 19:16:03',1,'2023-09-18 12:43:10');
/*!40000 ALTER TABLE `itcast_application` ENABLE KEYS */;
UNLOCK TABLES;

--
-- Table structure for table `itcast_auth_menu`
--

DROP TABLE IF EXISTS `itcast_auth_menu`;
/*!40101 SET @saved_cs_client     = @@character_set_client */;
/*!50503 SET character_set_client = utf8mb4 */;
CREATE TABLE `itcast_auth_menu` (
  `id` bigint NOT NULL COMMENT '主键',
  `name` varchar(20) CHARACTER SET utf8mb4 COLLATE utf8mb4_0900_ai_ci NOT NULL DEFAULT '' COMMENT '菜单名称',
  `describe_` varchar(200) CHARACTER SET utf8mb4 COLLATE utf8mb4_0900_ai_ci DEFAULT '' COMMENT '功能描述',
  `is_public` bit(1) DEFAULT b'0' COMMENT '是否公开菜单\r\n就是无需分配就可以访问的。所有人可见',
  `path` varchar(255) CHARACTER SET utf8mb4 COLLATE utf8mb4_0900_ai_ci DEFAULT '' COMMENT '对应路由path',
  `component` varchar(255) CHARACTER SET utf8mb4 COLLATE utf8mb4_0900_ai_ci DEFAULT NULL COMMENT '对应路由组件component',
  `is_enable` bit(1) DEFAULT b'1' COMMENT '状态',
  `sort_value` int DEFAULT '1' COMMENT '排序',
  `icon` varchar(255) CHARACTER SET utf8mb4 COLLATE utf8mb4_0900_ai_ci DEFAULT '' COMMENT '菜单图标',
  `group_` varchar(20) CHARACTER SET utf8mb4 COLLATE utf8mb4_0900_ai_ci DEFAULT '' COMMENT '菜单分组',
  `application_id` bigint DEFAULT NULL COMMENT '应用id',
  `parent_id` bigint DEFAULT '0' COMMENT '父级菜单id',
  `hidden` float DEFAULT NULL COMMENT '隐藏标识',
  `create_user` bigint DEFAULT NULL COMMENT '创建人id',
  `create_time` datetime DEFAULT NULL COMMENT '创建时间',
  `update_user` bigint DEFAULT NULL COMMENT '更新人id',
  `update_time` datetime DEFAULT NULL COMMENT '更新时间',
  PRIMARY KEY (`id`) USING BTREE,
  UNIQUE KEY `PAM_name` (`name`,`application_id`) USING BTREE,
  KEY `INX_STATUS` (`is_enable`,`is_public`) USING BTREE
) ENGINE=InnoDB DEFAULT CHARSET=utf8mb4 COLLATE=utf8mb4_0900_ai_ci COMMENT='菜单';
/*!40101 SET character_set_client = @saved_cs_client */;

--
-- Dumping data for table `itcast_auth_menu`
--

LOCK TABLES `itcast_auth_menu` WRITE;
/*!40000 ALTER TABLE `itcast_auth_menu` DISABLE KEYS */;
INSERT INTO `itcast_auth_menu` VALUES (101,'用户管理','系统管理',_binary '\0','/users/user-list','/users/user-list/index',_binary '',1,'el-icon-user-solid','',1,0,NULL,1,'2019-08-20 23:35:12',1,'2022-02-22 09:30:41'),(104,'监控管理','开发者',_binary '\0','/developer','/developer/index',_binary '',6,'el-icon-user-solid','',1,0,NULL,1,'2019-12-08 06:38:34',1,'2021-04-12 18:23:14'),(603976297063910529,'菜单配置','',_binary '\0','/menu','/menu/index',_binary '',2,'el-icon-s-order','',1,0,NULL,1,'2019-08-07 23:46:11',1,'2022-03-25 11:09:24'),(603981723864141121,'角色管理','',_binary '\0','/role','/role/index',_binary '',2,'el-icon-s-custom','',1,0,NULL,1,'2019-08-10 00:07:45',1,'2021-04-14 00:48:00'),(603982542332235201,'组织管理','',_binary '\0','/organization','/organization/index',_binary '',3,'el-icon-s-flag','',1,0,NULL,1,'2019-08-06 16:11:00',1,'2021-04-14 00:50:26'),(603982713849908801,'岗位管理','',_binary '\0','/post','/post/index',_binary '',4,'el-icon-s-platform','',1,0,NULL,1,'2019-08-07 00:11:41',1,'2021-04-08 02:12:12'),(605078672772170209,'操作日志','',_binary '\0','/monitoring/log-operation','/monitoring/log-operation/index',_binary '',1,'','',1,104,NULL,1,'2019-08-01 00:46:38',1,'2021-04-01 10:09:52'),(645215230518909025,'登录日志','',_binary '\0','/monitoring/log-login','/monitoring/log-login/index',_binary '',0,'','',1,104,NULL,3,'2019-11-19 18:54:59',1,'2021-04-01 10:09:52'),(829717676565049825,'应用管理','',_binary '\0','/adhibition','/adhibition/index',_binary '',5,'el-icon-menu','',1,0,NULL,1,'2021-04-08 22:01:50',1,'2021-04-14 00:47:35'),(834002593268115937,'首页非官方','',_binary '\0','/dashboard','/dashboard/index',_binary '',0,'el-icon-s-home','',1,0,NULL,1,'2021-04-20 17:48:33',1,'2022-09-02 14:44:57'),(996012789342433537,'工作台','',_binary '\0','/dashboard','/dashboard/index',_binary '',0,'el-icon-eleme','',981194468570960001,0,0,1,'2022-07-11 11:19:14',1,'2022-08-30 09:39:52'),(996013586302137537,'基础数据管理','',_binary '\0','/transit','/transit/index',_binary '',1,'el-icon-medal','',981194468570960001,0,0,1,'2022-07-11 11:22:24',1,'2022-08-29 15:41:29'),(996013688966116737,'车型管理','',_binary '\0','/transit/car-models','/transit/car-models/index',_binary '',0,'','',981194468570960001,1013825825621851521,0,1,'2022-07-11 11:22:49',1,'2022-08-30 09:58:54'),(996013733509625409,'车辆列表','',_binary '\0','/transit/vehicle','/transit/vehicle/index',_binary '',1,'','',981194468570960001,1013825825621851521,0,1,'2022-07-11 11:22:59',1,'2022-08-30 09:58:54'),(996013790027872001,'司机管理','',_binary '\0','/transit/driver','/transit/driver/index',_binary '',2,'','',981194468570960001,1013826500665722913,0,1,'2022-07-11 11:23:13',1,'2022-08-30 09:58:57'),(996013832419702721,'排班管理','',_binary '\0','/transit/workArrange-manage','/transit/workArrange-manage/index',_binary '',3,'','',981194468570960001,1013826500665722913,0,1,'2022-07-11 11:23:23',1,'2022-08-30 09:58:57'),(996013891701995649,'运费管理','',_binary '\0','/transit/freight-manage','/transit/freight-manage/index',_binary '',4,'','',981194468570960001,996013586302137537,0,1,'2022-07-11 11:23:37',1,'2022-08-29 15:41:29'),(996014006701423169,'营业部管理','',_binary '\0','/branches','/branches/index',_binary '',3,'','',981194468570960001,0,0,1,'2022-07-11 11:24:04',1,'2022-08-29 18:38:50'),(996014097885592353,'机构管理','',_binary '\0','/branches/organization-manage','/branches/organization-manage/index',_binary '',0,'','',981194468570960001,996013586302137537,0,1,'2022-07-11 11:24:26',1,'2022-08-29 15:41:29'),(996014173659888673,'机构作业范围','',_binary '\0','/branches/institutions-jobs-area','/branches/institutions-jobs-area/index',_binary '',0,'','',981194468570960001,996013586302137537,0,1,'2022-07-11 11:24:44',1,'2022-08-29 15:41:29'),(996014256233151713,'快递作业管理','',_binary '\0','/branches/operational','/branches/operational/index',_binary '\0',0,'','',981194468570960001,996014596043080033,0,1,'2022-07-11 11:25:04',1,'2022-09-06 09:46:20'),(996014324117962145,'快递员管理','',_binary '\0','/branches/operational-range','/branches/operational-range/index',_binary '',0,'','',981194468570960001,1013826500665722913,0,1,'2022-07-11 11:25:20',1,'2022-08-30 09:58:57'),(996014377347874401,'货品类型管理','',_binary '\0','/branches/goods-type','/branches/goods-type/index',_binary '',1,'','',981194468570960001,996014006701423169,0,1,'2022-07-11 11:25:33',1,'2022-08-29 18:38:50'),(996014431324372769,'业务管理','',_binary '\0','/business','/business/index',_binary '',4,'el-icon-set-up','',981194468570960001,0,0,1,'2022-07-11 11:25:46',1,'2022-08-29 16:48:32'),(996014478124416993,'订单管理','',_binary '\0','/business/order-manage','/business/order-manage/index',_binary '',0,'','',981194468570960001,996014431324372769,0,1,'2022-07-11 11:25:57',1,'2022-08-29 16:48:31'),(996014533355012257,'运单管理','',_binary '\0','/business/waybill','/business/waybill/index',_binary '',1,'','',981194468570960001,996014431324372769,0,1,'2022-07-11 11:26:10',1,'2022-08-29 16:48:31'),(996014596043080033,'调度管理','',_binary '\0','/transport','/transport/index',_binary '',5,'el-icon-service','',981194468570960001,0,0,1,'2022-07-11 11:26:25',1,'2022-08-29 17:08:49'),(996014640003580449,'运输任务管理','',_binary '\0','/transport/transport-task','/transport/transport-task/index',_binary '',0,'','',981194468570960001,996014596043080033,0,1,'2022-07-11 11:26:35',1,'2022-08-29 17:08:49'),(996014685012656865,'线路管理','',_binary '\0','/transport/line-manage','/transport/line-manage/index',_binary '',1,'','',981194468570960001,996014596043080033,0,1,'2022-07-11 11:26:46',1,'2022-08-29 17:08:49'),(996014742650782625,'异常管理','',_binary '\0','/1','/1/index',_binary '\0',2,'','',981194468570960001,996014596043080033,0,1,'2022-07-11 11:27:00',1,'2022-08-30 09:08:48'),(996014803833095265,'回车登记','',_binary '\0','/transit/car-register','/transit/car-register/index',_binary '',3,'','',981194468570960001,1013825825621851521,0,1,'2022-07-11 11:27:15',1,'2022-09-08 15:32:50'),(996014852663182625,'系统管理','',_binary '\0','/1','/1/index',_binary '\0',6,'','',981194468570960001,0,0,1,'2022-07-11 11:27:26',1,'2022-07-20 11:58:40'),(996014922599007713,'用户管理','',_binary '\0','/1','/1/index',_binary '\0',0,'','',981194468570960001,996014852663182625,0,1,'2022-07-11 11:27:43',1,'2022-07-20 11:58:40'),(996014969143199393,'操作日志','',_binary '\0','/1','/1/index',_binary '\0',2,'','',981194468570960001,996014852663182625,0,1,'2022-07-11 11:27:54',1,'2022-07-20 11:58:40'),(996015016501086049,'登录日志','',_binary '\0','/1','/1/index',_binary '\0',1,'','',981194468570960001,996014852663182625,0,1,'2022-07-11 11:28:05',1,'2022-07-20 11:58:40'),(1013825825621851521,'车辆管理','',_binary '\0','/transit1','/transit1/index',_binary '',2,'el-icon-eleme','',981194468570960001,0,0,1,'2022-08-29 15:01:53',1,'2022-08-30 09:58:54'),(1013826500665722913,'员工管理','',_binary '\0','/transit2','/transit2/index',_binary '',3,'el-icon-user','',981194468570960001,0,0,1,'2022-08-29 15:04:34',1,'2022-08-30 09:58:57'),(1016645172630893697,'取件作业管理','',_binary '\0','/branches/pickUptask','/branches/pickUptask/index',_binary '',3,'','',981194468570960001,996014596043080033,0,1,'2022-09-06 09:44:58',1,'2022-09-06 09:46:09'),(1016645380668372641,'派件作业管理','',_binary '\0','/branches/dispatchTask','/branches/dispatchTask/index',_binary '',4,'','',981194468570960001,996014596043080033,0,1,'2022-09-06 09:45:47',1,'2022-09-07 14:07:02');
/*!40000 ALTER TABLE `itcast_auth_menu` ENABLE KEYS */;
UNLOCK TABLES;

--
-- Table structure for table `itcast_auth_resource`
--

DROP TABLE IF EXISTS `itcast_auth_resource`;
/*!40101 SET @saved_cs_client     = @@character_set_client */;
/*!50503 SET character_set_client = utf8mb4 */;
CREATE TABLE `itcast_auth_resource` (
  `id` bigint NOT NULL COMMENT 'ID',
  `code` varchar(150) CHARACTER SET utf8mb4 COLLATE utf8mb4_0900_ai_ci DEFAULT '' COMMENT '资源编码\n规则：\n链接：\n数据列：\n按钮：',
  `name` varchar(150) CHARACTER SET utf8mb4 COLLATE utf8mb4_0900_ai_ci NOT NULL DEFAULT '' COMMENT '接口名称',
  `menu_id` bigint DEFAULT NULL COMMENT '菜单ID\n#c_auth_menu',
  `method` varchar(10) CHARACTER SET utf8mb4 COLLATE utf8mb4_0900_ai_ci DEFAULT NULL,
  `url` varchar(255) CHARACTER SET utf8mb4 COLLATE utf8mb4_0900_ai_ci DEFAULT NULL,
  `describe_` varchar(255) CHARACTER SET utf8mb4 COLLATE utf8mb4_0900_ai_ci DEFAULT '' COMMENT '接口描述',
  `application_id` bigint DEFAULT NULL COMMENT '应用id',
  `create_user` bigint DEFAULT NULL COMMENT '创建人id',
  `create_time` datetime DEFAULT NULL COMMENT '创建时间',
  `update_user` bigint DEFAULT NULL COMMENT '更新人id',
  `update_time` datetime DEFAULT NULL COMMENT '更新时间',
  PRIMARY KEY (`id`) USING BTREE,
  UNIQUE KEY `UN_CODE` (`code`) USING BTREE COMMENT '编码唯一'
) ENGINE=InnoDB DEFAULT CHARSET=utf8mb4 COLLATE=utf8mb4_0900_ai_ci COMMENT='资源';
/*!40101 SET character_set_client = @saved_cs_client */;

--
-- Dumping data for table `itcast_auth_resource`
--

LOCK TABLES `itcast_auth_resource` WRITE;
/*!40000 ALTER TABLE `itcast_auth_resource` DISABLE KEYS */;
INSERT INTO `itcast_auth_resource` VALUES (643444685339100193,'org:add','添加',603982542332235201,'POST','/org','',1,3,'2019-11-12 13:39:28',3,'2019-11-12 13:39:50'),(643444685339100194,'role:config','配置',603981723864141121,'POST','/role/authority','',1,3,'2019-11-12 13:39:28',3,'2020-03-04 19:57:51'),(643444685339100195,'resource:add','添加资源',603976297063910529,'POST','/resource','',1,3,'2019-11-12 13:39:28',1,'2021-03-20 01:47:26'),(643444685339100196,'resource:update','修改资源',603976297063910529,'PUT','/resource','',1,3,'2019-11-12 13:39:28',1,'2021-03-20 01:47:34'),(643444685339100197,'resource:delete','删除资源',603976297063910529,'DELETE','/resource','',1,3,'2019-11-12 13:39:28',1,'2021-03-20 01:47:40'),(643444819758154945,'org:update','修改',603982542332235201,'PUT','/org','',1,3,'2019-11-12 13:40:00',3,'2019-11-12 13:40:00'),(643444858974897441,'org:delete','删除',603982542332235201,'DELETE','/org','',1,3,'2019-11-12 13:40:09',3,'2019-11-12 13:40:09'),(643444897201784193,'org:tree','组织树',603982542332235201,'GET','/org/tree','',1,3,'2019-11-12 13:40:18',3,'2020-03-04 19:53:41'),(643445116756821697,'station:add','添加',603982713849908801,'POST','/station','',1,3,'2019-11-12 13:41:11',3,'2019-11-12 13:41:11'),(643445162915137313,'station:update','修改',603982713849908801,'PUT','/station','',1,3,'2019-11-12 13:41:22',3,'2019-11-12 13:41:22'),(643445197954353025,'station:delete','删除',603982713849908801,'DELETE','/station','',1,3,'2019-11-12 13:41:30',3,'2019-11-12 13:41:30'),(643445229575210977,'station:page','分页',603982713849908801,'GET','/station/page','',1,3,'2019-11-12 13:41:38',3,'2020-04-10 09:21:06'),(643445352703199521,'user:add','添加',101,'POST','/user','',1,3,'2019-11-12 13:42:07',3,'2020-03-10 21:34:38'),(643445412774021505,'user:update','修改',101,'PUT','/user/*','',1,3,'2019-11-12 13:42:21',1,'2021-11-25 14:53:11'),(643445448081672673,'user:delete','删除',101,'DELETE','/user','',1,3,'2019-11-12 13:42:30',3,'2019-11-12 13:42:30'),(643445477274028609,'user:page','分页',101,'GET','/user/page','',1,3,'2019-11-12 13:42:37',1,'2021-08-13 17:40:15'),(643445514607528609,'user:import','导入',101,'POST','/user/importExcel','',1,3,'2019-11-12 13:42:46',822139309904628833,'2021-03-19 16:40:48'),(643445641149680705,'menu:add','添加菜单',603976297063910529,'POST','/menu','',1,3,'2019-11-12 13:43:16',1,'2021-03-20 01:47:50'),(643445674330819745,'menu:update','修改菜单',603976297063910529,'PUT','/menu','',1,3,'2019-11-12 13:43:24',1,'2021-03-20 01:47:54'),(643445704177487105,'menu:delete','删除菜单',603976297063910529,'DELETE','/menu','',1,3,'2019-11-12 13:43:31',1,'2021-03-20 01:48:00'),(643448338154263521,'role:add','添加',603981723864141121,'POST','/role','',1,3,'2019-11-12 13:53:59',3,'2019-11-12 13:53:59'),(643448369779315777,'role:update','修改',603981723864141121,'PUT','/role','',1,3,'2019-11-12 13:54:06',3,'2019-11-12 13:54:06'),(643448507767723169,'role:delete','删除',603981723864141121,'DELETE','/role','',1,3,'2019-11-12 13:54:39',3,'2019-11-12 13:54:39'),(643448611161511169,'role:page','分页',603981723864141121,'GET','/role/page','',1,3,'2019-11-12 13:55:04',3,'2020-03-04 19:55:44'),(643448826945869409,'role:auth','授权',603981723864141121,'POST','/role/user','',1,3,'2019-11-12 13:55:55',3,'2020-03-04 19:57:57'),(643450770317909249,'optLog:view','查看',605078672772170209,'GET','/optLog/page','',1,3,'2019-11-12 14:03:39',3,'2020-03-10 21:45:24'),(643450853134441825,'optLog:export','导出',605078672772170209,'GET','/optLog','',1,3,'2019-11-12 14:03:58',3,'2019-11-12 14:03:58'),(645288214990422241,'optLog:delete','删除',605078672772170209,'DELETE','/optLog','',1,3,'2019-11-17 15:45:00',3,'2019-11-17 15:45:00'),(645288283693121889,'loginLog:delete','删除',645215230518909025,'DELETE','/loginLog','',1,3,'2019-11-17 15:45:16',3,'2019-11-17 15:45:16'),(645288375300915649,'loginLog:export','导出',645215230518909025,'GET','/loginLog','',1,3,'2019-11-17 15:45:38',3,'2019-11-17 15:45:38'),(684536767625301441,'rule:config-get','配置-查看',603981723864141121,'GET','/role/authority/*','',1,3,'2020-03-04 23:04:44',3,'2020-03-04 23:26:26'),(684539815017848257,'resource:page','资源分页',603976297063910529,'GET','/resource/page','',1,3,'2020-03-04 23:16:50',1,'2021-03-20 01:48:11'),(686681252069121761,'role:user-list','查看用户',603981723864141121,'GET','/role/user/*','',1,3,'2020-03-10 21:06:09',3,'2020-03-10 21:06:09'),(686690530444191361,'loginLog:page','分页查询',645215230518909025,'GET','/loginLog/page','',1,3,'2020-03-10 21:43:01',3,'2020-03-10 21:47:09'),(697738050637137985,'station:list','查询',603982713849908801,'GET','/station/list','',1,3,'2020-04-10 09:21:55',3,'2020-04-10 09:21:55'),(819979689903793377,'role:get','查看角色',603981723864141121,'GET','/role/*','',1,3,'2021-03-13 17:06:33',3,'2021-03-13 17:06:33'),(819980292310707361,'menu:resource-tree','查看菜单资源树',603981723864141121,'GET','/menu/resource/tree','',1,3,'2021-03-13 17:08:56',3,'2021-03-13 17:08:56'),(819980764757114209,'menu:get','查看菜单',603976297063910529,'GET','/menu/*','',1,3,'2021-03-13 17:10:49',1,'2021-03-20 01:48:19'),(819981352018401697,'org:get','查看组织',603982542332235201,'GET','/org/*','',1,3,'2021-03-13 17:13:09',3,'2021-03-13 17:13:09'),(819981559128939745,'menu:enable','禁用菜单',603976297063910529,'PUT','/menu/enable','',1,3,'2021-03-13 17:13:58',1,'2021-03-20 01:48:28'),(819984731746600865,'org:status','组织状态变更',603982542332235201,'PUT','/org/status','',1,3,'2021-03-13 17:26:35',3,'2021-03-13 17:26:35'),(819985775964724545,'org:move','拖动组织',603982542332235201,'PUT','/org/move','',1,3,'2021-03-13 17:30:44',3,'2021-03-13 17:30:44'),(820003240325155361,'menu:move','移动菜单',603976297063910529,'PUT','/menu/move','',1,819970379316561441,'2021-03-13 18:40:08',819970379316561441,'2021-03-13 18:40:08'),(821040097440002593,'user:get','查询用户',101,'GET','/user/*','',1,821033290931822305,'2021-03-16 15:20:14',1,'2021-08-13 17:40:30'),(821043867263674209,'resource:get','查看资源',603976297063910529,'GET','/resource/*','',1,821033290931822305,'2021-03-16 15:35:12',1,'2021-03-20 01:48:41'),(857648193905653729,'application:list','查询应用列表',603981723864141121,'GET','/application/list','',1,1,'2021-06-24 15:47:44',1,'2021-06-24 15:48:05'),(860103477676743073,'user:listall','查询全部用户',101,'GET','/user','',1,1,'2021-07-01 10:24:09',1,'2021-07-01 10:24:09'),(874599773141730049,'user:update-role','分配角色',101,'PUT','/user/role','',1,1,'2021-08-10 10:27:15',1,'2021-08-10 10:27:26'),(876848743419269377,'application:page','分页',829717676565049825,'GET','/application/page','',1,1,'2021-08-16 15:23:52',1,'2021-08-16 15:23:52'),(876848904275022241,'application:add','添加',829717676565049825,'POST','/application','',1,1,'2021-08-16 15:24:30',1,'2021-08-16 15:24:30'),(876849034311029281,'application:update','修改',829717676565049825,'PUT','/application','',1,1,'2021-08-16 15:25:01',1,'2021-08-16 15:25:01'),(876849208202678913,'application:delete','删除',829717676565049825,'DELETE','/application','',1,1,'2021-08-16 15:25:43',1,'2021-08-16 15:25:43'),(906124052698017729,'user:orgtree','查看组织树',101,'GET','/org/tree','',1,1,'2021-11-05 10:13:29',1,'2021-11-05 10:13:29'),(906124162924326945,'user:stationlist','查看岗位列表',101,'GET','/station/list','',1,1,'2021-11-05 10:13:56',1,'2021-11-05 10:30:39'),(913442483030066881,'user:password','修改密码',101,'PUT','/user/password','',1,1,'2021-11-25 14:54:19',1,'2021-11-25 14:54:19'),(986227394014626977,'1','车辆类型',NULL,'get','1','',981194468570960001,1,'2022-06-14 11:15:34',1,'2022-06-14 11:15:34'),(996013208424706753,'01','get',996012789342433537,'get','/manager','',981194468570960001,1,'2022-07-11 11:20:54',1,'2022-07-11 11:20:54');
/*!40000 ALTER TABLE `itcast_auth_resource` ENABLE KEYS */;
UNLOCK TABLES;

--
-- Table structure for table `itcast_auth_role`
--

DROP TABLE IF EXISTS `itcast_auth_role`;
/*!40101 SET @saved_cs_client     = @@character_set_client */;
/*!50503 SET character_set_client = utf8mb4 */;
CREATE TABLE `itcast_auth_role` (
  `id` bigint NOT NULL,
  `name` varchar(50) CHARACTER SET utf8mb4 COLLATE utf8mb4_0900_ai_ci NOT NULL DEFAULT '' COMMENT '角色名称',
  `code` varchar(20) CHARACTER SET utf8mb4 COLLATE utf8mb4_0900_ai_ci DEFAULT '' COMMENT '角色编码',
  `describe_` varchar(100) CHARACTER SET utf8mb4 COLLATE utf8mb4_0900_ai_ci DEFAULT '' COMMENT '功能描述',
  `status` bit(1) DEFAULT b'1' COMMENT '状态',
  `readonly` bit(1) DEFAULT b'0' COMMENT '是否内置角色',
  `ds_type` varchar(20) CHARACTER SET utf8mb4 COLLATE utf8mb4_0900_ai_ci NOT NULL DEFAULT 'SELF' COMMENT '数据权限类型\n#DataScopeType{ALL:1,全部;THIS_LEVEL:2,本级;THIS_LEVEL_CHILDREN:3,本级以及子级;CUSTOMIZE:4,自定义;SELF:5,个人;}',
  `repel` bigint DEFAULT NULL COMMENT '互斥角色',
  `application_id` bigint DEFAULT NULL COMMENT '应用id',
  `create_user` bigint DEFAULT '0' COMMENT '创建人id',
  `create_time` datetime DEFAULT NULL COMMENT '创建时间',
  `update_user` bigint DEFAULT '0' COMMENT '更新人id',
  `update_time` datetime DEFAULT NULL COMMENT '更新时间',
  PRIMARY KEY (`id`) USING BTREE,
  UNIQUE KEY `UN_CODE` (`code`,`application_id`) USING BTREE,
  UNIQUE KEY `PAR_NAME` (`name`,`application_id`) USING BTREE
) ENGINE=InnoDB DEFAULT CHARSET=utf8mb4 COLLATE=utf8mb4_0900_ai_ci COMMENT='角色';
/*!40101 SET character_set_client = @saved_cs_client */;

--
-- Dumping data for table `itcast_auth_role`
--

LOCK TABLES `itcast_auth_role` WRITE;
/*!40000 ALTER TABLE `itcast_auth_role` DISABLE KEYS */;
INSERT INTO `itcast_auth_role` VALUES (986227712144197857,'后台管理员','1655176610005','',_binary '',_binary '\0','CUSTOMIZE',NULL,981194468570960001,1,'2022-06-14 11:16:50',1,'2022-09-16 16:50:00'),(989278284569131905,'营业部负责人','1655903923152','',_binary '',_binary '\0','THIS_LEVEL_CHILDREN',NULL,981194468570960001,1,'2022-06-22 21:18:43',1,'2022-07-11 13:30:19'),(989559028277315009,'司机','1655970857665','',_binary '',_binary '\0','ALL',NULL,981194468570960001,1,'2022-06-23 15:54:18',1,'2022-06-23 15:54:18'),(989559057641637825,'快递员','1655970864670','',_binary '',_binary '\0','ALL',NULL,981194468570960001,1,'2022-06-23 15:54:25',1,'2022-06-23 15:54:25'),(996045142395786081,'运营人员','1657517267777','',_binary '',_binary '\0','ALL',NULL,981194468570960001,1,'2022-07-11 13:27:48',1,'2022-07-11 13:32:16'),(996045927523359809,'调度员','1657517454970','',_binary '',_binary '\0','ALL',NULL,981194468570960001,1,'2022-07-11 13:30:55',1,'2022-07-11 13:30:55'),(996073836908694177,'客服','1657524109022','',_binary '',_binary '\0','ALL',NULL,981194468570960001,1,'2022-07-11 15:21:49',1,'2022-07-11 15:21:49'),(996074071437397857,'库管员','1657524165002','',_binary '\0',_binary '\0','ALL',NULL,981194468570960001,1,'2022-07-11 15:22:45',1,'2022-07-11 15:22:49'),(996074230309245665,'分拣中心管理员','1657524202880','',_binary '\0',_binary '\0','ALL',NULL,981194468570960001,1,'2022-07-11 15:23:23',1,'2022-07-11 16:43:57');
/*!40000 ALTER TABLE `itcast_auth_role` ENABLE KEYS */;
UNLOCK TABLES;

--
-- Table structure for table `itcast_auth_role_application`
--

DROP TABLE IF EXISTS `itcast_auth_role_application`;
/*!40101 SET @saved_cs_client     = @@character_set_client */;
/*!50503 SET character_set_client = utf8mb4 */;
CREATE TABLE `itcast_auth_role_application` (
  `id` bigint NOT NULL COMMENT 'ID',
  `role_id` bigint DEFAULT NULL COMMENT '角色ID',
  `application_id` bigint DEFAULT NULL COMMENT '应用ID',
  `create_time` datetime DEFAULT NULL,
  `create_user` bigint DEFAULT NULL,
  PRIMARY KEY (`id`) USING BTREE
) ENGINE=InnoDB DEFAULT CHARSET=utf8mb4 COLLATE=utf8mb4_0900_ai_ci COMMENT='角色应用关系';
/*!40101 SET character_set_client = @saved_cs_client */;

--
-- Dumping data for table `itcast_auth_role_application`
--

LOCK TABLES `itcast_auth_role_application` WRITE;
/*!40000 ALTER TABLE `itcast_auth_role_application` DISABLE KEYS */;
/*!40000 ALTER TABLE `itcast_auth_role_application` ENABLE KEYS */;
UNLOCK TABLES;

--
-- Table structure for table `itcast_auth_role_authority`
--

DROP TABLE IF EXISTS `itcast_auth_role_authority`;
/*!40101 SET @saved_cs_client     = @@character_set_client */;
/*!50503 SET character_set_client = utf8mb4 */;
CREATE TABLE `itcast_auth_role_authority` (
  `id` bigint NOT NULL COMMENT '主键',
  `authority_id` bigint NOT NULL COMMENT '资源id\n#c_auth_resource\n#c_auth_menu',
  `authority_type` varchar(10) CHARACTER SET utf8mb4 COLLATE utf8mb4_0900_ai_ci NOT NULL DEFAULT 'MENU' COMMENT '权限类型\n#AuthorizeType{MENU:菜单;RESOURCE:资源;}',
  `role_id` bigint NOT NULL COMMENT '角色id\n#c_auth_role',
  `create_time` datetime DEFAULT NULL COMMENT '创建时间',
  `create_user` bigint DEFAULT '0' COMMENT '创建人',
  PRIMARY KEY (`id`) USING BTREE,
  KEY `IDX_KEY` (`role_id`,`authority_type`,`authority_id`) USING BTREE
) ENGINE=InnoDB DEFAULT CHARSET=utf8mb4 COLLATE=utf8mb4_0900_ai_ci COMMENT='角色的资源';
/*!40101 SET character_set_client = @saved_cs_client */;

--
-- Dumping data for table `itcast_auth_role_authority`
--

LOCK TABLES `itcast_auth_role_authority` WRITE;
/*!40000 ALTER TABLE `itcast_auth_role_authority` DISABLE KEYS */;
INSERT INTO `itcast_auth_role_authority` VALUES (996012379311467553,991639496929840865,'RESOURCE',989559057641637825,'2022-07-11 11:17:36',1),(996094418903688641,996014533355012257,'MENU',996045142395786081,'2022-07-11 16:43:36',1),(996094418907882977,996014478124416993,'MENU',996045142395786081,'2022-07-11 16:43:36',1),(996094418907883009,996012789342433537,'MENU',996045142395786081,'2022-07-11 16:43:36',1),(996094418907883041,996013333960225793,'MENU',996045142395786081,'2022-07-11 16:43:36',1),(996094418907883073,996014431324372769,'MENU',996045142395786081,'2022-07-11 16:43:36',1),(996094433457924001,996014533355012257,'MENU',996073836908694177,'2022-07-11 16:43:40',1),(996094433462118337,996014478124416993,'MENU',996073836908694177,'2022-07-11 16:43:40',1),(996094433462118369,996012789342433537,'MENU',996073836908694177,'2022-07-11 16:43:40',1),(996094433462118401,996014431324372769,'MENU',996073836908694177,'2022-07-11 16:43:40',1),(996095179888848737,996014324117962145,'MENU',989278284569131905,'2022-07-11 16:46:38',1),(996095179893043073,996014256233151713,'MENU',989278284569131905,'2022-07-11 16:46:38',1),(996095179893043105,996014006701423169,'MENU',989278284569131905,'2022-07-11 16:46:38',1),(996095179893043137,996014097885592353,'MENU',989278284569131905,'2022-07-11 16:46:38',1),(996095179893043169,996012789342433537,'MENU',989278284569131905,'2022-07-11 16:46:38',1),(996095179893043201,996014173659888673,'MENU',989278284569131905,'2022-07-11 16:46:38',1),(996095179893043233,996014377347874401,'MENU',989278284569131905,'2022-07-11 16:46:38',1),(996095234590962049,996014533355012257,'MENU',996074071437397857,'2022-07-11 16:46:51',1),(996095234595156385,996014478124416993,'MENU',996074071437397857,'2022-07-11 16:46:51',1),(996095234595156417,996014431324372769,'MENU',996074071437397857,'2022-07-11 16:46:51',1),(996095332708315937,996013790027872001,'MENU',996074230309245665,'2022-07-11 16:47:14',1),(996095332712510273,996014533355012257,'MENU',996074230309245665,'2022-07-11 16:47:14',1),(996095332712510305,996013733509625409,'MENU',996074230309245665,'2022-07-11 16:47:14',1),(996095332712510337,996013586302137537,'MENU',996074230309245665,'2022-07-11 16:47:14',1),(996095332712510369,996014478124416993,'MENU',996074230309245665,'2022-07-11 16:47:14',1),(996095332712510401,996013891701995649,'MENU',996074230309245665,'2022-07-11 16:47:14',1),(996095332716704737,996012789342433537,'MENU',996074230309245665,'2022-07-11 16:47:14',1),(996095332716704769,996013333960225793,'MENU',996074230309245665,'2022-07-11 16:47:14',1),(996095332716704801,996014431324372769,'MENU',996074230309245665,'2022-07-11 16:47:14',1),(996095332716704833,996013832419702721,'MENU',996074230309245665,'2022-07-11 16:47:14',1),(996095332716704865,996013688966116737,'MENU',996074230309245665,'2022-07-11 16:47:14',1),(1015270368476426817,686681252069121761,'RESOURCE',992434343932621473,'2022-09-02 14:41:59',1),(1015270368480621153,876848743419269377,'RESOURCE',992434343932621473,'2022-09-02 14:41:59',1),(1015270368480621185,643444685339100193,'RESOURCE',992434343932621473,'2022-09-02 14:41:59',1),(1015270368480621217,876848904275022241,'RESOURCE',992434343932621473,'2022-09-02 14:41:59',1),(1015270368480621249,821040097440002593,'RESOURCE',992434343932621473,'2022-09-02 14:41:59',1),(1015270368484815585,857648193905653729,'RESOURCE',992434343932621473,'2022-09-02 14:41:59',1),(1015270368484815617,643445477274028609,'RESOURCE',992434343932621473,'2022-09-02 14:41:59',1),(1015270368484815649,684536767625301441,'RESOURCE',992434343932621473,'2022-09-02 14:41:59',1),(1015270368484815681,643445352703199521,'RESOURCE',992434343932621473,'2022-09-02 14:41:59',1),(1015270368484815713,645215230518909025,'MENU',992434343932621473,'2022-09-02 14:41:59',1),(1015270368489010049,834002593268115937,'MENU',992434343932621473,'2022-09-02 14:41:59',1),(1015270368489010081,829717676565049825,'MENU',992434343932621473,'2022-09-02 14:41:59',1),(1015270368489010113,603982713849908801,'MENU',992434343932621473,'2022-09-02 14:41:59',1),(1015270368489010145,101,'MENU',992434343932621473,'2022-09-02 14:41:59',1),(1015270368489010177,104,'MENU',992434343932621473,'2022-09-02 14:41:59',1),(1015270368489010209,603982542332235201,'MENU',992434343932621473,'2022-09-02 14:41:59',1),(1015270368489010241,605078672772170209,'MENU',992434343932621473,'2022-09-02 14:41:59',1),(1015270368489010273,603976297063910529,'MENU',992434343932621473,'2022-09-02 14:41:59',1),(1015270368489010305,603981723864141121,'MENU',992434343932621473,'2022-09-02 14:41:59',1),(1017456882241283073,996014533355012257,'MENU',986227712144197857,'2022-09-08 15:30:24',1),(1017456882245477409,996014256233151713,'MENU',986227712144197857,'2022-09-08 15:30:24',1),(1017456882245477441,996013586302137537,'MENU',986227712144197857,'2022-09-08 15:30:24',1),(1017456882245477473,996013891701995649,'MENU',986227712144197857,'2022-09-08 15:30:24',1),(1017456882245477505,996014852663182625,'MENU',986227712144197857,'2022-09-08 15:30:24',1),(1017456882249671841,996012789342433537,'MENU',986227712144197857,'2022-09-08 15:30:24',1),(1017456882249671873,996014596043080033,'MENU',986227712144197857,'2022-09-08 15:30:24',1),(1017456882249671905,996013790027872001,'MENU',986227712144197857,'2022-09-08 15:30:24',1),(1017456882249671937,996014742650782625,'MENU',986227712144197857,'2022-09-08 15:30:24',1),(1017456882249671969,996015016501086049,'MENU',986227712144197857,'2022-09-08 15:30:24',1),(1017456882249672001,996014478124416993,'MENU',986227712144197857,'2022-09-08 15:30:24',1),(1017456882249672033,996014803833095265,'MENU',986227712144197857,'2022-09-08 15:30:24',1),(1017456882253866369,996013832419702721,'MENU',986227712144197857,'2022-09-08 15:30:24',1),(1017456882253866401,996013733509625409,'MENU',986227712144197857,'2022-09-08 15:30:24',1),(1017456882253866433,996014969143199393,'MENU',986227712144197857,'2022-09-08 15:30:24',1),(1017456882253866465,996014685012656865,'MENU',986227712144197857,'2022-09-08 15:30:24',1),(1017456882253866497,1013825825621851521,'MENU',986227712144197857,'2022-09-08 15:30:24',1),(1017456882253866529,1013826500665722913,'MENU',986227712144197857,'2022-09-08 15:30:24',1),(1017456882253866561,996014431324372769,'MENU',986227712144197857,'2022-09-08 15:30:24',1),(1017456882253866593,1016645380668372641,'MENU',986227712144197857,'2022-09-08 15:30:24',1),(1017456882253866625,996014173659888673,'MENU',986227712144197857,'2022-09-08 15:30:24',1),(1017456882253866657,996014324117962145,'MENU',986227712144197857,'2022-09-08 15:30:24',1),(1017456882253866689,996014097885592353,'MENU',986227712144197857,'2022-09-08 15:30:24',1),(1017456882253866721,1016645172630893697,'MENU',986227712144197857,'2022-09-08 15:30:24',1),(1017456882253866753,996014922599007713,'MENU',986227712144197857,'2022-09-08 15:30:24',1),(1017456882253866785,996014640003580449,'MENU',986227712144197857,'2022-09-08 15:30:24',1),(1017456882258061121,996013688966116737,'MENU',986227712144197857,'2022-09-08 15:30:24',1),(1027527635309523681,996014256233151713,'MENU',996045927523359809,'2022-10-06 10:27:59',1),(1027527635313718017,996013586302137537,'MENU',996045927523359809,'2022-10-06 10:27:59',1),(1027527635313718049,996014685012656865,'MENU',996045927523359809,'2022-10-06 10:27:59',1),(1027527635313718081,1013825825621851521,'MENU',996045927523359809,'2022-10-06 10:27:59',1),(1027527635313718113,1013826500665722913,'MENU',996045927523359809,'2022-10-06 10:27:59',1),(1027527635317912449,996014596043080033,'MENU',996045927523359809,'2022-10-06 10:27:59',1),(1027527635317912481,996014173659888673,'MENU',996045927523359809,'2022-10-06 10:27:59',1),(1027527635317912513,996013790027872001,'MENU',996045927523359809,'2022-10-06 10:27:59',1),(1027527635317912545,996014742650782625,'MENU',996045927523359809,'2022-10-06 10:27:59',1),(1027527635317912577,996014324117962145,'MENU',996045927523359809,'2022-10-06 10:27:59',1),(1027527635317912609,996014097885592353,'MENU',996045927523359809,'2022-10-06 10:27:59',1),(1027527635317912641,996014640003580449,'MENU',996045927523359809,'2022-10-06 10:27:59',1),(1027527635317912673,996014803833095265,'MENU',996045927523359809,'2022-10-06 10:27:59',1),(1027527635317912705,996013832419702721,'MENU',996045927523359809,'2022-10-06 10:27:59',1);
/*!40000 ALTER TABLE `itcast_auth_role_authority` ENABLE KEYS */;
UNLOCK TABLES;

--
-- Table structure for table `itcast_auth_role_org`
--

DROP TABLE IF EXISTS `itcast_auth_role_org`;
/*!40101 SET @saved_cs_client     = @@character_set_client */;
/*!50503 SET character_set_client = utf8mb4 */;
CREATE TABLE `itcast_auth_role_org` (
  `id` bigint NOT NULL COMMENT 'ID',
  `role_id` bigint DEFAULT NULL COMMENT '角色ID\n#c_auth_role',
  `org_id` bigint DEFAULT NULL COMMENT '部门ID\n#c_core_org',
  `create_time` datetime DEFAULT NULL,
  `create_user` bigint DEFAULT NULL,
  PRIMARY KEY (`id`) USING BTREE
) ENGINE=InnoDB DEFAULT CHARSET=utf8mb4 COLLATE=utf8mb4_0900_ai_ci COMMENT='角色组织关系';
/*!40101 SET character_set_client = @saved_cs_client */;

--
-- Dumping data for table `itcast_auth_role_org`
--

LOCK TABLES `itcast_auth_role_org` WRITE;
/*!40000 ALTER TABLE `itcast_auth_role_org` DISABLE KEYS */;
/*!40000 ALTER TABLE `itcast_auth_role_org` ENABLE KEYS */;
UNLOCK TABLES;

--
-- Table structure for table `itcast_auth_user`
--

DROP TABLE IF EXISTS `itcast_auth_user`;
/*!40101 SET @saved_cs_client     = @@character_set_client */;
/*!50503 SET character_set_client = utf8mb4 */;
CREATE TABLE `itcast_auth_user` (
  `id` bigint NOT NULL COMMENT 'ID',
  `account` varchar(30) CHARACTER SET utf8mb4 COLLATE utf8mb4_0900_ai_ci NOT NULL COMMENT '账号',
  `name` varchar(50) CHARACTER SET utf8mb4 COLLATE utf8mb4_0900_ai_ci NOT NULL COMMENT '姓名',
  `org_id` bigint DEFAULT NULL COMMENT '组织ID\n#c_core_org',
  `station_id` bigint DEFAULT NULL COMMENT '岗位ID\n#c_core_station',
  `email` varchar(255) CHARACTER SET utf8mb4 COLLATE utf8mb4_0900_ai_ci DEFAULT NULL COMMENT '邮箱',
  `mobile` varchar(20) CHARACTER SET utf8mb4 COLLATE utf8mb4_0900_ai_ci DEFAULT '' COMMENT '手机',
  `sex` varchar(1) CHARACTER SET utf8mb4 COLLATE utf8mb4_0900_ai_ci DEFAULT 'N' COMMENT '性别\n#Sex{W:女;M:男;N:未知}',
  `status` bit(1) DEFAULT b'0' COMMENT '启用状态 1启用 0禁用',
  `avatar` varchar(255) CHARACTER SET utf8mb4 COLLATE utf8mb4_0900_ai_ci DEFAULT '' COMMENT '头像',
  `work_describe` varchar(255) CHARACTER SET utf8mb4 COLLATE utf8mb4_0900_ai_ci DEFAULT '' COMMENT '工作描述\r\n比如：  市长、管理员、局长等等   用于登陆展示',
  `password_error_last_time` datetime DEFAULT NULL COMMENT '最后一次输错密码时间',
  `password_error_num` int DEFAULT '0' COMMENT '密码错误次数',
  `password_expire_time` datetime DEFAULT NULL COMMENT '密码过期时间',
  `password` varchar(64) CHARACTER SET utf8mb4 COLLATE utf8mb4_0900_ai_ci NOT NULL DEFAULT '' COMMENT '密码',
  `last_login_time` datetime DEFAULT NULL COMMENT '最后登录时间',
  `superior` bigint DEFAULT NULL COMMENT '上级领导',
  `administrator` bit(1) NOT NULL DEFAULT b'0' COMMENT '超级管理员',
  `create_user` bigint DEFAULT '0' COMMENT '创建人id',
  `create_time` datetime DEFAULT NULL COMMENT '创建时间',
  `update_user` bigint DEFAULT '0' COMMENT '更新人id',
  `update_time` datetime DEFAULT NULL COMMENT '更新时间',
  PRIMARY KEY (`id`) USING BTREE,
  UNIQUE KEY `UN_ACCOUNT` (`account`) USING BTREE
) ENGINE=InnoDB DEFAULT CHARSET=utf8mb4 COLLATE=utf8mb4_0900_ai_ci COMMENT='用户';
/*!40101 SET character_set_client = @saved_cs_client */;

--
-- Dumping data for table `itcast_auth_user`
--

LOCK TABLES `itcast_auth_user` WRITE;
/*!40000 ALTER TABLE `itcast_auth_user` DISABLE KEYS */;
INSERT INTO `itcast_auth_user` VALUES (1,'admin','平台管理员',874227615173449825,857940157460957537,'','13756644565','M',_binary '','http://oss-file-services.oss-cn-zhangjiakou.aliyuncs.com/pd_files/2021/04/ffdc9d9b-287f-4c5c-beb5-8487132898d3.jpg','超级管理员','2023-09-18 04:43:05',0,NULL,'e10adc3949ba59abbe56e057f20f883e','2023-09-18 12:43:07',-1,_binary '',1,'2019-09-02 19:32:02',1,'2021-12-02 09:16:44'),(1024705709255773345,'shenlingadmin','神领管理员',1024704844486756641,1024705489436494721,NULL,'18500557669','M',_binary '','','','2023-09-16 02:34:51',0,NULL,'e10adc3949ba59abbe56e057f20f883e',NULL,1,_binary '\0',1,'2022-09-28 15:34:39',1,'2022-09-28 15:34:39'),(1024738476802799553,'xbsj001','周一',1024704844486756641,1024707535891944769,NULL,'13571250987','M',_binary '','','','2022-09-29 15:35:41',0,NULL,'e10adc3949ba59abbe56e057f20f883e',NULL,-1,_binary '\0',1,'2022-09-28 17:44:52',1,'2022-09-28 17:44:52'),(1024738594893428865,'xbsj002','周二',1024704844486756641,1024707535891944769,NULL,'18500224566','M',_binary '','','',NULL,0,NULL,'e10adc3949ba59abbe56e057f20f883e',NULL,-1,_binary '\0',1,'2022-09-28 17:45:20',1,'2022-09-28 17:45:20'),(1024741978908228513,'xnsj001','吴用',1024706655985685345,1024707535891944769,NULL,'18500766555','M',_binary '','','','2022-09-29 16:28:50',0,NULL,'e10adc3949ba59abbe56e057f20f883e',NULL,-1,_binary '\0',1,'2022-09-28 17:58:47',1,'2022-09-28 17:58:47'),(1024742117286706369,'xnsj002','吴西',1024706655985685345,1024707535891944769,NULL,'18346766666','M',_binary '','','',NULL,0,NULL,'e10adc3949ba59abbe56e057f20f883e',NULL,-1,_binary '\0',1,'2022-09-28 17:59:20',1,'2022-09-28 17:59:20'),(1024742265953811937,'cdsj001','成功',1024706903290237921,1024707535891944769,NULL,'18950867777','M',_binary '','','','2022-09-29 17:33:40',0,NULL,'e10adc3949ba59abbe56e057f20f883e',NULL,-1,_binary '\0',1,'2022-09-28 17:59:55',1,'2022-09-28 17:59:55'),(1024742403489234657,'cdsj002','成仁',1024706903290237921,1024707535891944769,NULL,'18394867666','M',_binary '','','',NULL,0,NULL,'e10adc3949ba59abbe56e057f20f883e',NULL,-1,_binary '\0',1,'2022-09-28 18:00:28',1,'2022-09-28 18:00:28'),(1024976390379916929,'xasj001','西王',1024772115791985729,1024707535891944769,NULL,'18355544444','M',_binary '','','','2022-09-29 15:39:45',0,NULL,'e10adc3949ba59abbe56e057f20f883e',NULL,-1,_binary '\0',1,'2022-09-29 09:30:15',1,'2022-09-29 09:30:15'),(1024976605161836353,'xasj002','西米',1024772115791985729,1024707535891944769,NULL,'17655555555','M',_binary '','','','2022-09-29 10:51:59',0,NULL,'e10adc3949ba59abbe56e057f20f883e',NULL,-1,_binary '\0',1,'2022-09-29 09:31:06',1,'2022-09-29 09:31:06'),(1024976781221941281,'blkdy001','贝林',1024772301733870785,1024707516816250081,NULL,'13434343434','M',_binary '','','','2022-10-17 15:17:04',0,NULL,'e10adc3949ba59abbe56e057f20f883e',NULL,-1,_binary '\0',1,'2022-09-29 09:31:48',1,'2022-09-29 09:31:48'),(1024976941658263777,'blkdy002','贝小贝',1024772301733870785,1024707516816250081,NULL,'13433434544','W',_binary '','','','2022-10-11 13:15:47',0,NULL,'e10adc3949ba59abbe56e057f20f883e',NULL,-1,_binary '\0',1,'2022-09-29 09:32:26',1,'2022-09-29 09:32:26'),(1024977078208025057,'casj001','长小名',1024772425923018049,1024707516816250081,NULL,'18364636473','M',_binary '','','',NULL,0,NULL,'e10adc3949ba59abbe56e057f20f883e',NULL,-1,_binary '\0',1,'2022-09-29 09:32:59',1,'2022-09-29 09:32:59'),(1024977221418341025,'casj002','长城',1024772425923018049,1024707516816250081,NULL,'13445657565','W',_binary '','','',NULL,0,NULL,'e10adc3949ba59abbe56e057f20f883e',NULL,-1,_binary '\0',1,'2022-09-29 09:33:33',1,'2022-09-29 09:33:33'),(1024977388880122881,'jnkdy001','金元宝',1024771466287232801,1024707516816250081,NULL,'18374673467','M',_binary '','','','2022-10-13 14:45:44',0,NULL,'e10adc3949ba59abbe56e057f20f883e',NULL,-1,_binary '\0',1,'2022-09-29 09:34:13',1,'2022-09-29 09:34:13'),(1024977522992993473,'jnkdy002','金开',1024771466287232801,1024707516816250081,NULL,'18374734736','M',_binary '','','','2022-10-06 14:53:14',0,NULL,'e10adc3949ba59abbe56e057f20f883e',NULL,-1,_binary '\0',1,'2022-09-29 09:34:45',1,'2022-09-29 09:34:45'),(1024977621806601633,'qykdy001','青青',1024771753995515873,1024707516816250081,NULL,'18273827382','W',_binary '','','','2022-10-18 15:06:13',0,NULL,'e10adc3949ba59abbe56e057f20f883e',NULL,-1,_binary '\0',1,'2022-09-29 09:35:08',1,'2022-09-29 09:35:08'),(1024977719693268993,'qykdy002','青风',1024771753995515873,1024707516816250081,NULL,'18273872382','M',_binary '','','','2022-10-18 15:02:37',0,NULL,'e10adc3949ba59abbe56e057f20f883e',NULL,-1,_binary '\0',1,'2022-09-29 09:35:32',1,'2022-09-29 09:35:32'),(1024984140988150081,'hdsj001','华亮',1024980958136362977,1024707535891944769,NULL,'18837473473','M',_binary '','','','2022-10-18 10:18:57',0,NULL,'e10adc3949ba59abbe56e057f20f883e',NULL,-1,_binary '\0',1,'2022-09-29 10:01:03',1,'2022-09-29 10:01:03'),(1024984230121304705,'hdsj002','华明',1024980958136362977,1024707535891944769,NULL,'13454545454','M',_binary '','','','2022-10-18 15:21:23',0,NULL,'e10adc3949ba59abbe56e057f20f883e',NULL,-1,_binary '\0',1,'2022-09-29 10:01:24',1,'2022-09-29 10:01:24'),(1024984365991588705,'shsj001','海明月',1024980990084376673,1024707535891944769,NULL,'18566666667','M',_binary '','','','2022-10-18 14:10:48',0,NULL,'e10adc3949ba59abbe56e057f20f883e',NULL,-1,_binary '\0',1,'2022-09-29 10:01:56',1,'2022-09-29 10:01:56'),(1024984516357387297,'shsj002','海阔',1024980990084376673,1024707535891944769,NULL,'18734736473','M',_binary '','','',NULL,0,NULL,'e10adc3949ba59abbe56e057f20f883e',NULL,-1,_binary '\0',1,'2022-09-29 10:02:32',1,'2022-09-29 10:02:32'),(1024984720745821569,'hkkdy001','周生生',1024981295454874273,1024707516816250081,NULL,'18776676767','W',_binary '','','',NULL,0,NULL,'e10adc3949ba59abbe56e057f20f883e',NULL,-1,_binary '\0',1,'2022-09-29 10:03:21',1,'2022-09-29 10:04:31'),(1024984891772761697,'hkkdy002','周生辰',1024981295454874273,1024707516816250081,NULL,'13434343434','M',_binary '','','','2022-10-10 14:22:17',0,NULL,'e10adc3949ba59abbe56e057f20f883e',NULL,-1,_binary '\0',1,'2022-09-29 10:04:02',1,'2022-09-29 10:04:02'),(1024985344870841121,'pdkdy001','刘徽',1024981239465110017,1024707516816250081,NULL,'18737373647','M',_binary '','','','2022-10-10 10:25:01',0,NULL,'e10adc3949ba59abbe56e057f20f883e',NULL,-1,_binary '\0',1,'2022-09-29 10:05:50',1,'2022-09-29 10:05:50'),(1024985481462545409,'pdkdy002','萧晏',1024981239465110017,1024707516816250081,NULL,'18737473647','W',_binary '','','',NULL,0,NULL,'e10adc3949ba59abbe56e057f20f883e',NULL,-1,_binary '\0',1,'2022-09-29 10:06:22',1,'2022-09-29 10:06:22'),(1024985621531327777,'hbsj001','平秦王',1024980634071852417,1024707535891944769,NULL,'18723736473','M',_binary '','','','2022-10-06 14:37:27',0,NULL,'e10adc3949ba59abbe56e057f20f883e',NULL,-1,_binary '\0',1,'2022-09-29 10:06:56',1,'2022-09-29 10:06:56'),(1024986076978217057,'hbsj002','长孙杰',1024980634071852417,1024707535891944769,NULL,'13987675455','M',_binary '','','',NULL,0,NULL,'e10adc3949ba59abbe56e057f20f883e',NULL,-1,_binary '\0',1,'2022-09-29 10:08:44',1,'2022-09-29 10:08:44'),(1024986455853892225,'bjsj002','漼时宜',1024980728632436289,1024707535891944769,NULL,'17898989565','M',_binary '','','',NULL,0,NULL,'e10adc3949ba59abbe56e057f20f883e',NULL,-1,_binary '\0',1,'2022-09-29 10:10:15',1,'2022-09-29 10:10:15'),(1024987310187482529,'bjsj001','宏晓誉',1024980728632436289,1024707535891944769,NULL,'18737437483','M',_binary '','','','2022-09-29 17:58:14',0,NULL,'e10adc3949ba59abbe56e057f20f883e',NULL,-1,_binary '\0',1,'2022-09-29 10:13:38',1,'2022-09-29 10:13:38'),(1024987378881793537,'sysj001','司沈阳',1024984540818568481,1024707535891944769,NULL,'13311111222','M',_binary '','','','2022-09-29 15:51:15',0,NULL,'e10adc3949ba59abbe56e057f20f883e',NULL,1024705709255773345,_binary '\0',1,'2022-09-29 10:13:55',1,'2022-09-29 10:52:15'),(1024987860782158145,'sykdy001','顺意',1024980833938827105,1024707516816250081,NULL,'18734736473','M',_binary '','','',NULL,0,NULL,'e10adc3949ba59abbe56e057f20f883e',NULL,-1,_binary '\0',1,'2022-09-29 10:15:50',1,'2022-09-29 10:15:50'),(1024987931753976513,'sykdy002','顺心',1024980833938827105,1024707516816250081,NULL,'17647657465','M',_binary '','','',NULL,0,NULL,'e10adc3949ba59abbe56e057f20f883e',NULL,-1,_binary '\0',1,'2022-09-29 10:16:06',1,'2022-09-29 10:16:06'),(1024988097613534273,'cpkdy001','景昌',1024980800111765185,1024707516816250081,NULL,'18784574758','M',_binary '','','','2022-10-13 14:44:28',0,NULL,'e10adc3949ba59abbe56e057f20f883e',NULL,-1,_binary '\0',1,'2022-09-29 10:16:46',1,'2022-09-29 10:16:46'),(1024988171324232993,'cpkdy002','景元',1024980800111765185,1024707516816250081,NULL,'18783748374','M',_binary '','','',NULL,0,NULL,'e10adc3949ba59abbe56e057f20f883e',NULL,-1,_binary '\0',1,'2022-09-29 10:17:04',1,'2022-09-29 10:17:04'),(1024988319861315553,'hpkdy001','李和平',1024985257948084801,1024707516816250081,NULL,'13355554444','M',_binary '','','','2022-09-30 15:21:11',0,NULL,'e10adc3949ba59abbe56e057f20f883e',NULL,-1,_binary '\0',1,'2022-09-29 10:17:39',1,'2022-09-29 11:39:17'),(1024988498702245281,'hpkdy002','李平和',1024985257948084801,1024707516816250081,NULL,'17788889999','M',_binary '','','','2022-10-11 13:30:16',0,NULL,'e10adc3949ba59abbe56e057f20f883e',NULL,-1,_binary '\0',1,'2022-09-29 10:18:22',1,'2022-09-29 11:39:23'),(1024988744815617761,'gukdy001','李姑皇',1024985129287809409,1024707516816250081,NULL,'17766667777','M',_binary '','','','2022-10-17 17:34:12',0,NULL,'e10adc3949ba59abbe56e057f20f883e',NULL,-1,_binary '\0',1,'2022-09-29 10:19:20',1,'2022-09-30 17:50:52'),(1024989856838856577,'hgkdy002','李皇姑',1024985129287809409,1024707516816250081,NULL,'18877776666','M',_binary '','','','2022-10-17 17:34:23',0,NULL,'e10adc3949ba59abbe56e057f20f883e',NULL,-1,_binary '\0',1,'2022-09-29 10:23:45',1,'2022-09-30 18:28:37'),(1024994498993865153,'hzsj','司华中',1024990726519403457,1024707535891944769,NULL,'18877776666','M',_binary '','','',NULL,0,NULL,'e10adc3949ba59abbe56e057f20f883e',NULL,-1,_binary '\0',1,'2022-09-29 10:42:12',1,'2022-09-29 10:42:12'),(1024994711959651169,'whsj','司武汉',1024991961163118369,1024707535891944769,NULL,'17788887777','M',_binary '','','',NULL,0,NULL,'e10adc3949ba59abbe56e057f20f883e',NULL,-1,_binary '\0',1,'2022-09-29 10:43:03',1,'2022-09-29 10:43:03'),(1024995063794648993,'jhkdy001','李江汉',1024993548853984385,1024707516816250081,NULL,'17799990000','M',_binary '','','','2022-10-18 16:03:23',0,NULL,'e10adc3949ba59abbe56e057f20f883e',NULL,-1,_binary '\0',1,'2022-09-29 10:44:27',1,'2022-09-29 10:44:27'),(1024995257768626273,'jhkdy002','李汉江',1024993548853984385,1024707516816250081,NULL,'17788882222','M',_binary '','','',NULL,0,NULL,'e10adc3949ba59abbe56e057f20f883e',NULL,-1,_binary '\0',1,'2022-09-29 10:45:13',1,'2022-09-30 17:50:34'),(1024995991193013985,'wckdy001','李武昌',1024993422324415489,1024707516816250081,NULL,'18877778888','M',_binary '','','','2022-09-29 17:37:30',0,NULL,'e10adc3949ba59abbe56e057f20f883e',NULL,-1,_binary '\0',1,'2022-09-29 10:48:08',1,'2022-09-29 10:48:08'),(1024996147695079329,'wckdy002','李昌武',1024993422324415489,1024707516816250081,NULL,'18877776666','M',_binary '','','',NULL,0,NULL,'e10adc3949ba59abbe56e057f20f883e',NULL,-1,_binary '\0',1,'2022-09-29 10:48:45',1,'2022-09-29 10:48:45'),(1024997316655995489,'dbsj','司东北',1024982867475820033,1024707535891944769,NULL,'17788887777','M',_binary '','','','2022-09-30 16:09:56',0,NULL,'e10adc3949ba59abbe56e057f20f883e',NULL,-1,_binary '\0',1,'2022-09-29 10:53:24',1,'2022-09-29 10:53:24'),(1025074399029692449,'hpkdy003','王和平',1024985257948084801,1024707516816250081,NULL,'17788887777','M',_binary '','','',NULL,0,NULL,'e10adc3949ba59abbe56e057f20f883e',NULL,-1,_binary '\0',1,'2022-09-29 15:59:42',1,'2022-09-29 15:59:42'),(1025104059952247329,'hnsj001','司华南',1025103176946395585,1024707535891944769,NULL,'17788887777','M',_binary '','','',NULL,0,NULL,'e10adc3949ba59abbe56e057f20f883e',NULL,-1,_binary '\0',1,'2022-09-29 17:57:34',1,'2022-09-29 17:57:34'),(1025104550799061921,'szsj001','司深圳',1025103512826260673,1024707535891944769,NULL,'18877776666','M',_binary '','','',NULL,0,NULL,'e10adc3949ba59abbe56e057f20f883e',NULL,-1,_binary '\0',1,'2022-09-29 17:59:31',1,'2022-09-29 17:59:40'),(1025109259005971617,'gmkdy001','王光明',1025108643500246881,1024707516816250081,NULL,'18877776666','M',_binary '','','',NULL,0,NULL,'e10adc3949ba59abbe56e057f20f883e',NULL,-1,_binary '\0',1,'2022-09-29 18:18:13',1,'2022-09-29 18:18:13'),(1025110041134617825,'bakdy001','王保安',1025108572721366561,1024707516816250081,NULL,'18877776666','M',_binary '','','',NULL,0,NULL,'e10adc3949ba59abbe56e057f20f883e',NULL,-1,_binary '\0',1,'2022-09-29 18:21:20',1,'2022-09-29 18:21:20'),(1025110490961140193,'gmkdy002','王明光',1025108643500246881,1024707516816250081,NULL,'16677779999','M',_binary '','','',NULL,0,NULL,'e10adc3949ba59abbe56e057f20f883e',NULL,-1,_binary '\0',1,'2022-09-29 18:23:07',1,'2022-09-29 18:23:07'),(1025110675888003969,'bakdy002','王安宝',1025108572721366561,1024707516816250081,NULL,'16677776666','M',_binary '','','',NULL,0,NULL,'e10adc3949ba59abbe56e057f20f883e',NULL,-1,_binary '\0',1,'2022-09-29 18:23:51',1,'2022-09-29 18:23:51'),(1025110935532199265,'yxkdy001','王越秀',1025108784911206497,1024707516816250081,NULL,'16688886666','M',_binary '','','',NULL,0,NULL,'e10adc3949ba59abbe56e057f20f883e',NULL,-1,_binary '\0',1,'2022-09-29 18:24:53',1,'2022-09-29 18:24:53'),(1025111112225644097,'hdkdy001','王华都',1025108696675633121,1024707516816250081,NULL,'17799995555','M',_binary '','','',NULL,0,NULL,'e10adc3949ba59abbe56e057f20f883e',NULL,-1,_binary '\0',1,'2022-09-29 18:25:35',1,'2022-09-29 18:25:35'),(1025111247919767297,'hdkdy002','王都花',1025108696675633121,1024707516816250081,NULL,'16677776666','M',_binary '','','',NULL,0,NULL,'e10adc3949ba59abbe56e057f20f883e',NULL,-1,_binary '\0',1,'2022-09-29 18:26:07',1,'2022-09-29 18:26:07'),(1025111573938823425,'yxkdy002','王秀越',1025108784911206497,1024707516816250081,NULL,'17788887777','M',_binary '','','',NULL,0,NULL,'e10adc3949ba59abbe56e057f20f883e',NULL,-1,_binary '\0',1,'2022-09-29 18:27:25',1,'2022-09-29 18:27:25'),(1025112013736764417,'gzsj','司广州',1025103442882046977,1024707535891944769,NULL,'18877770000','M',_binary '','','','2023-09-15 13:07:28',0,NULL,'e10adc3949ba59abbe56e057f20f883e',NULL,-1,_binary '\0',1,'2022-09-29 18:29:10',1,'2022-09-29 18:29:10'),(1025428687312684929,'sl001','张成飞',1024704844486756641,1024705489436494721,NULL,'18866666666','M',_binary '','','','2022-10-14 09:09:16',0,NULL,'e10adc3949ba59abbe56e057f20f883e',NULL,-1,_binary '\0',1,'2022-09-30 15:27:31',1,'2022-10-06 09:50:38'),(1027527374507700225,'sldd001','张调马',1024980958136362977,1024705489436494721,NULL,'13111332426','M',_binary '','','',NULL,0,NULL,'e10adc3949ba59abbe56e057f20f883e',NULL,-1,_binary '\0',1,'2022-10-06 10:26:57',1,'2022-10-06 10:26:57');
/*!40000 ALTER TABLE `itcast_auth_user` ENABLE KEYS */;
UNLOCK TABLES;

--
-- Table structure for table `itcast_auth_user_group`
--

DROP TABLE IF EXISTS `itcast_auth_user_group`;
/*!40101 SET @saved_cs_client     = @@character_set_client */;
/*!50503 SET character_set_client = utf8mb4 */;
CREATE TABLE `itcast_auth_user_group` (
  `id` bigint NOT NULL,
  `name` varchar(30) CHARACTER SET utf8mb4 COLLATE utf8mb4_0900_ai_ci NOT NULL DEFAULT '' COMMENT '用户组名称',
  `user_count` int NOT NULL COMMENT '用户数量',
  `role_id` bigint NOT NULL COMMENT '角色id',
  `describe_` varchar(100) CHARACTER SET utf8mb4 COLLATE utf8mb4_0900_ai_ci DEFAULT '' COMMENT '功能描述',
  `status` bit(1) DEFAULT b'1' COMMENT '状态',
  `create_user` bigint DEFAULT '0' COMMENT '创建人id',
  `create_time` datetime DEFAULT NULL COMMENT '创建时间',
  `update_user` bigint DEFAULT '0' COMMENT '更新人id',
  `update_time` datetime DEFAULT NULL COMMENT '更新时间',
  PRIMARY KEY (`id`) USING BTREE,
  UNIQUE KEY `user_group_name` (`name`) USING BTREE
) ENGINE=InnoDB DEFAULT CHARSET=utf8mb4 COLLATE=utf8mb4_0900_ai_ci COMMENT='用户组';
/*!40101 SET character_set_client = @saved_cs_client */;

--
-- Dumping data for table `itcast_auth_user_group`
--

LOCK TABLES `itcast_auth_user_group` WRITE;
/*!40000 ALTER TABLE `itcast_auth_user_group` DISABLE KEYS */;
/*!40000 ALTER TABLE `itcast_auth_user_group` ENABLE KEYS */;
UNLOCK TABLES;

--
-- Table structure for table `itcast_auth_user_group_user`
--

DROP TABLE IF EXISTS `itcast_auth_user_group_user`;
/*!40101 SET @saved_cs_client     = @@character_set_client */;
/*!50503 SET character_set_client = utf8mb4 */;
CREATE TABLE `itcast_auth_user_group_user` (
  `id` bigint NOT NULL,
  `group_id` bigint NOT NULL DEFAULT '0' COMMENT '用户组ID',
  `user_id` bigint NOT NULL DEFAULT '0' COMMENT '用户ID',
  `create_user` bigint DEFAULT NULL COMMENT '创建人ID',
  `create_time` datetime DEFAULT NULL COMMENT '创建时间',
  PRIMARY KEY (`id`) USING BTREE,
  KEY `IDX_KEY` (`group_id`,`user_id`) USING BTREE
) ENGINE=InnoDB DEFAULT CHARSET=utf8mb4 COLLATE=utf8mb4_0900_ai_ci COMMENT='用户组、用户绑定';
/*!40101 SET character_set_client = @saved_cs_client */;

--
-- Dumping data for table `itcast_auth_user_group_user`
--

LOCK TABLES `itcast_auth_user_group_user` WRITE;
/*!40000 ALTER TABLE `itcast_auth_user_group_user` DISABLE KEYS */;
/*!40000 ALTER TABLE `itcast_auth_user_group_user` ENABLE KEYS */;
UNLOCK TABLES;

--
-- Table structure for table `itcast_auth_user_role`
--

DROP TABLE IF EXISTS `itcast_auth_user_role`;
/*!40101 SET @saved_cs_client     = @@character_set_client */;
/*!50503 SET character_set_client = utf8mb4 */;
CREATE TABLE `itcast_auth_user_role` (
  `id` bigint NOT NULL,
  `role_id` bigint NOT NULL DEFAULT '0' COMMENT '角色ID\n#c_auth_role',
  `user_id` bigint NOT NULL DEFAULT '0' COMMENT '用户ID\n#c_core_accou',
  `type` tinyint(1) NOT NULL DEFAULT '0' COMMENT '0用户 1 用户组',
  `application_id` bigint DEFAULT NULL COMMENT '应用id',
  `create_user` bigint DEFAULT NULL COMMENT '创建人ID',
  `create_time` datetime DEFAULT NULL COMMENT '创建时间',
  PRIMARY KEY (`id`) USING BTREE,
  KEY `IDX_KEY` (`role_id`,`user_id`) USING BTREE
) ENGINE=InnoDB DEFAULT CHARSET=utf8mb4 COLLATE=utf8mb4_0900_ai_ci COMMENT='角色分配\r\n账号角色绑定';
/*!40101 SET character_set_client = @saved_cs_client */;

--
-- Dumping data for table `itcast_auth_user_role`
--

LOCK TABLES `itcast_auth_user_role` WRITE;
/*!40000 ALTER TABLE `itcast_auth_user_role` DISABLE KEYS */;
INSERT INTO `itcast_auth_user_role` VALUES (1024747438847658017,989559028277315009,1024738594893428865,0,981194468570960001,1,'2022-09-28 18:20:29'),(1024747457927547105,989559028277315009,1024738476802799553,0,981194468570960001,1,'2022-09-28 18:20:33'),(1024747540928629665,989559028277315009,1024742403489234657,0,981194468570960001,1,'2022-09-28 18:20:53'),(1024747558616009825,989559028277315009,1024742265953811937,0,981194468570960001,1,'2022-09-28 18:20:57'),(1024747576802512161,989559028277315009,1024742117286706369,0,981194468570960001,1,'2022-09-28 18:21:01'),(1024747598537395681,989559028277315009,1024741978908228513,0,981194468570960001,1,'2022-09-28 18:21:07'),(1024977845987957281,989559057641637825,1024977719693268993,0,981194468570960001,1,'2022-09-29 09:36:02'),(1024977876967086817,989559057641637825,1024977621806601633,0,981194468570960001,1,'2022-09-29 09:36:09'),(1024977896483183521,989559057641637825,1024977522992993473,0,981194468570960001,1,'2022-09-29 09:36:14'),(1024977916334824545,989559057641637825,1024977388880122881,0,981194468570960001,1,'2022-09-29 09:36:19'),(1024977939541908769,989559057641637825,1024977221418341025,0,981194468570960001,1,'2022-09-29 09:36:24'),(1024977988497825441,989559057641637825,1024977078208025057,0,981194468570960001,1,'2022-09-29 09:36:36'),(1024978009800695649,989559057641637825,1024976941658263777,0,981194468570960001,1,'2022-09-29 09:36:41'),(1024978040662384673,989559028277315009,1024976605161836353,0,981194468570960001,1,'2022-09-29 09:36:48'),(1024978061000564961,989559057641637825,1024976781221941281,0,981194468570960001,1,'2022-09-29 09:36:53'),(1024978084153123233,989559028277315009,1024976390379916929,0,981194468570960001,1,'2022-09-29 09:36:59'),(1024988398319966657,989559057641637825,1024985481462545409,0,981194468570960001,1,'2022-09-29 10:17:58'),(1024988418788170401,989559057641637825,1024985344870841121,0,981194468570960001,1,'2022-09-29 10:18:03'),(1024988436408441697,989559057641637825,1024984891772761697,0,981194468570960001,1,'2022-09-29 10:18:07'),(1024988455681268769,989559057641637825,1024984720745821569,0,981194468570960001,1,'2022-09-29 10:18:11'),(1024988484508720353,989559028277315009,1024984516357387297,0,981194468570960001,1,'2022-09-29 10:18:18'),(1024988510177861121,989559028277315009,1024984365991588705,0,981194468570960001,1,'2022-09-29 10:18:24'),(1024988527454199489,989559028277315009,1024984230121304705,0,981194468570960001,1,'2022-09-29 10:18:29'),(1024988548929036161,989559028277315009,1024984140988150081,0,981194468570960001,1,'2022-09-29 10:18:34'),(1024988600422506817,989559057641637825,1024988171324232993,0,981194468570960001,1,'2022-09-29 10:18:46'),(1024988621943480833,989559057641637825,1024988097613534273,0,981194468570960001,1,'2022-09-29 10:18:51'),(1024988638016053953,989559057641637825,1024987931753976513,0,981194468570960001,1,'2022-09-29 10:18:55'),(1024988665618768769,989559057641637825,1024987860782158145,0,981194468570960001,1,'2022-09-29 10:19:01'),(1024988686183441473,989559028277315009,1024987310187482529,0,981194468570960001,1,'2022-09-29 10:19:06'),(1024988703958902017,989559028277315009,1024986455853892225,0,981194468570960001,1,'2022-09-29 10:19:11'),(1024988730609509921,989559028277315009,1024986076978217057,0,981194468570960001,1,'2022-09-29 10:19:17'),(1024988748829566785,989559028277315009,1024985621531327777,0,981194468570960001,1,'2022-09-29 10:19:21'),(1024997918857387169,989559057641637825,1024996147695079329,0,981194468570960001,1,'2022-09-29 10:55:48'),(1024997945814179169,989559057641637825,1024995991193013985,0,981194468570960001,1,'2022-09-29 10:55:54'),(1024998002189819617,989559057641637825,1024995063794648993,0,981194468570960001,1,'2022-09-29 10:56:07'),(1024998084700168481,989559028277315009,1024994498993865153,0,981194468570960001,1,'2022-09-29 10:56:27'),(1024998137774891521,989559028277315009,1024997316655995489,0,981194468570960001,1,'2022-09-29 10:56:40'),(1024998244062750273,989559028277315009,1024987378881793537,0,981194468570960001,1,'2022-09-29 10:57:05'),(1025073317381603905,989559028277315009,1024994711959651169,0,981194468570960001,1,'2022-09-29 15:55:24'),(1025074469976344993,989559057641637825,1025074399029692449,0,981194468570960001,1,'2022-09-29 15:59:59'),(1025075950653742945,989559057641637825,1024988498702245281,0,981194468570960001,1,'2022-09-29 16:05:52'),(1025076031935160641,989559057641637825,1024988319861315553,0,981194468570960001,1,'2022-09-29 16:06:11'),(1025105315110304449,989559028277315009,1025104550799061921,0,981194468570960001,1,'2022-09-29 18:02:33'),(1025105333720431489,989559028277315009,1025104059952247329,0,981194468570960001,1,'2022-09-29 18:02:37'),(1025112177083934305,989559028277315009,1025112013736764417,0,981194468570960001,1,'2022-09-29 18:29:49'),(1025112260739328065,989559057641637825,1025111573938823425,0,981194468570960001,1,'2022-09-29 18:30:09'),(1025112283925440769,989559057641637825,1025111247919767297,0,981194468570960001,1,'2022-09-29 18:30:14'),(1025112302535567809,989559057641637825,1025111112225644097,0,981194468570960001,1,'2022-09-29 18:30:19'),(1025112322601118337,989559057641637825,1025110935532199265,0,981194468570960001,1,'2022-09-29 18:30:24'),(1025112346047277889,989559057641637825,1025110675888003969,0,981194468570960001,1,'2022-09-29 18:30:29'),(1025112364095368193,989559057641637825,1025110490961140193,0,981194468570960001,1,'2022-09-29 18:30:33'),(1025112383267531969,989559057641637825,1025110041134617825,0,981194468570960001,1,'2022-09-29 18:30:38'),(1025112405220519297,989559057641637825,1025109259005971617,0,981194468570960001,1,'2022-09-29 18:30:43'),(1025354337846829025,986227712144197857,1024705709255773345,0,981194468570960001,1,'2022-09-30 10:32:05'),(1025428973724928321,986227712144197857,1025428687312684929,0,981194468570960001,1,'2022-09-30 15:28:39'),(1025473170561639681,989559057641637825,1024988744815617761,0,981194468570960001,1,'2022-09-30 18:24:16'),(1025474047024375873,989559057641637825,1024989856838856577,0,981194468570960001,1,'2022-09-30 18:27:45'),(1027518139778549345,989559057641637825,1024995257768626273,0,981194468570960001,1,'2022-10-06 09:50:15'),(1027527680985495073,996045927523359809,1027527374507700225,0,981194468570960001,1,'2022-10-06 10:28:10');
/*!40000 ALTER TABLE `itcast_auth_user_role` ENABLE KEYS */;
UNLOCK TABLES;

--
-- Table structure for table `itcast_common_login_log`
--

DROP TABLE IF EXISTS `itcast_common_login_log`;
/*!40101 SET @saved_cs_client     = @@character_set_client */;
/*!50503 SET character_set_client = utf8mb4 */;
CREATE TABLE `itcast_common_login_log` (
  `id` bigint NOT NULL COMMENT '主键',
  `request_ip` varchar(50) CHARACTER SET utf8mb4 COLLATE utf8mb4_0900_ai_ci DEFAULT '' COMMENT '操作IP',
  `user_id` bigint DEFAULT NULL COMMENT '登录人ID',
  `user_name` varchar(50) CHARACTER SET utf8mb4 COLLATE utf8mb4_0900_ai_ci DEFAULT NULL COMMENT '登录人姓名',
  `account` varchar(30) CHARACTER SET utf8mb4 COLLATE utf8mb4_0900_ai_ci DEFAULT '' COMMENT '登录人账号',
  `description` varchar(255) CHARACTER SET utf8mb4 COLLATE utf8mb4_0900_ai_ci DEFAULT '' COMMENT '登录描述',
  `login_date` date DEFAULT NULL COMMENT '登录时间',
  `ua` varchar(500) CHARACTER SET utf8mb4 COLLATE utf8mb4_0900_ai_ci DEFAULT '0' COMMENT '浏览器请求头',
  `browser` varchar(100) CHARACTER SET utf8mb4 COLLATE utf8mb4_0900_ai_ci DEFAULT NULL COMMENT '浏览器名称',
  `browser_version` varchar(255) CHARACTER SET utf8mb4 COLLATE utf8mb4_0900_ai_ci DEFAULT NULL COMMENT '浏览器版本',
  `operating_system` varchar(100) CHARACTER SET utf8mb4 COLLATE utf8mb4_0900_ai_ci DEFAULT NULL COMMENT '操作系统',
  `location` varchar(50) CHARACTER SET utf8mb4 COLLATE utf8mb4_0900_ai_ci DEFAULT '' COMMENT '登录地点',
  `create_time` datetime DEFAULT NULL,
  `create_user` bigint DEFAULT NULL,
  PRIMARY KEY (`id`) USING BTREE,
  KEY `IDX_BROWSER` (`browser`) USING BTREE,
  KEY `IDX_OPERATING` (`operating_system`) USING BTREE,
  KEY `IDX_LOGIN_DATE` (`login_date`,`account`) USING BTREE,
  KEY `IDX_ACCOUNT_IP` (`account`,`request_ip`) USING BTREE
) ENGINE=InnoDB DEFAULT CHARSET=utf8mb4 COLLATE=utf8mb4_0900_ai_ci COMMENT='登录日志';
/*!40101 SET character_set_client = @saved_cs_client */;

--
-- Dumping data for table `itcast_common_login_log`
--

LOCK TABLES `itcast_common_login_log` WRITE;
/*!40000 ALTER TABLE `itcast_common_login_log` DISABLE KEYS */;
INSERT INTO `itcast_common_login_log` VALUES (1153310234807107617,'192.168.150.1',1,'平台管理员','admin','登录成功！','2023-09-18','Mozilla/5.0 (Windows NT 10.0; Win64; x64) AppleWebKit/537.36 (KHTML, like Gecko) Chrome/117.0.0.0 Safari/537.36 Edg/117.0.2045.31','Chrome','117.0.0.0','Windows 10','0|0|0|内网IP|内网IP','2023-09-18 12:43:08',0);
/*!40000 ALTER TABLE `itcast_common_login_log` ENABLE KEYS */;
UNLOCK TABLES;

--
-- Table structure for table `itcast_common_opt_log`
--

DROP TABLE IF EXISTS `itcast_common_opt_log`;
/*!40101 SET @saved_cs_client     = @@character_set_client */;
/*!50503 SET character_set_client = utf8mb4 */;
CREATE TABLE `itcast_common_opt_log` (
  `id` bigint NOT NULL COMMENT '主键',
  `request_ip` varchar(50) CHARACTER SET utf8mb4 COLLATE utf8mb4_0900_ai_ci DEFAULT '' COMMENT '操作IP',
  `type` varchar(5) CHARACTER SET utf8mb4 COLLATE utf8mb4_0900_ai_ci DEFAULT 'OPT' COMMENT '日志类型\n#LogType{OPT:操作类型;EX:异常类型}',
  `user_name` varchar(50) CHARACTER SET utf8mb4 COLLATE utf8mb4_0900_ai_ci DEFAULT '' COMMENT '操作人',
  `description` varchar(255) CHARACTER SET utf8mb4 COLLATE utf8mb4_0900_ai_ci DEFAULT '' COMMENT '操作描述',
  `class_path` varchar(255) CHARACTER SET utf8mb4 COLLATE utf8mb4_0900_ai_ci DEFAULT '' COMMENT '类路径',
  `action_method` varchar(50) CHARACTER SET utf8mb4 COLLATE utf8mb4_0900_ai_ci DEFAULT '' COMMENT '请求方法',
  `request_uri` varchar(50) CHARACTER SET utf8mb4 COLLATE utf8mb4_0900_ai_ci DEFAULT '' COMMENT '请求地址',
  `http_method` varchar(10) CHARACTER SET utf8mb4 COLLATE utf8mb4_0900_ai_ci DEFAULT 'GET' COMMENT '请求类型\n#HttpMethod{GET:GET请求;POST:POST请求;PUT:PUT请求;DELETE:DELETE请求;PATCH:PATCH请求;TRACE:TRACE请求;HEAD:HEAD请求;OPTIONS:OPTIONS请求;}',
  `params` longtext CHARACTER SET utf8mb4 COLLATE utf8mb4_0900_ai_ci COMMENT '请求参数',
  `result` longtext CHARACTER SET utf8mb4 COLLATE utf8mb4_0900_ai_ci COMMENT '返回值',
  `ex_desc` longtext CHARACTER SET utf8mb4 COLLATE utf8mb4_0900_ai_ci COMMENT '异常详情信息',
  `ex_detail` longtext CHARACTER SET utf8mb4 COLLATE utf8mb4_0900_ai_ci COMMENT '异常描述',
  `start_time` timestamp NULL DEFAULT NULL COMMENT '开始时间',
  `finish_time` timestamp NULL DEFAULT NULL COMMENT '完成时间',
  `consuming_time` bigint DEFAULT '0' COMMENT '消耗时间',
  `ua` varchar(500) CHARACTER SET utf8mb4 COLLATE utf8mb4_0900_ai_ci DEFAULT '' COMMENT '浏览器',
  `create_time` datetime DEFAULT NULL,
  `create_user` bigint DEFAULT NULL,
  PRIMARY KEY (`id`) USING BTREE,
  KEY `index_type` (`type`) USING BTREE COMMENT '日志类型'
) ENGINE=InnoDB DEFAULT CHARSET=utf8mb4 COLLATE=utf8mb4_0900_ai_ci COMMENT='系统日志';
/*!40101 SET character_set_client = @saved_cs_client */;

--
-- Dumping data for table `itcast_common_opt_log`
--

LOCK TABLES `itcast_common_opt_log` WRITE;
/*!40000 ALTER TABLE `itcast_common_opt_log` DISABLE KEYS */;
INSERT INTO `itcast_common_opt_log` VALUES (1153310235465613377,'192.168.150.1','OPT','平台管理员','租户-查询当前租户集合','com.itheima.authority.controller.core.TenantController','currentList','/api/authority/tenant/currentList','GET','[]','{\"code\":0,\"data\":[],\"isError\":false,\"isSuccess\":true,\"msg\":\"ok\",\"timestamp\":1695012187745}',NULL,NULL,'2023-09-18 12:43:08','2023-09-18 12:43:08',88,'Mozilla/5.0 (Windows NT 10.0; Win64; x64) AppleWebKit/537.36 (KHTML, like Gecko) Chrome/117.0.0.0 Safari/537.36 Edg/117.0.2045.31','2023-09-18 12:43:08',1),(1153310236111536225,'192.168.150.1','OPT','平台管理员','应用-查询当前应用集合','com.itheima.authority.controller.core.ApplicationController','currentList','/api/authority/application/currentList','GET','[Application(super=Entity(super=SuperEntity(super=com.itheima.authority.entity.core.Application@95b4af88, id=null, createTime=null, createUser=null), updateTime=null, updateUser=null), name=null, code=null, status=null, describe=null, url=null, color=null, logo=null, lastUseTime=null)]','{\"code\":0,\"data\":[{\"code\":\"1653976591227\",\"color\":\"default\",\"createTime\":\"2022-05-31T13:56:31\",\"createUser\":1,\"describe\":\"神领物流开发环境\",\"id\":981194468570960001,\"lastUseTime\":\"2023-09-16T10:34:53\",\"logo\":\"data:image/png;base64,iVBORw0KGgoAAAANSUhEUgAAANwAAABGCAYAAAHQoMoyAAAABGdBTUEAALGPC/xhBQAAADhlWElmTU0AKgAAAAgAAYdpAAQAAAABAAAAGgAAAAAAAqACAAQAAAABAAAA3KADAAQAAAABAAAARgAAAADSHK/uAAAePUlEQVR4Ae1dCZwU1dGv3ZnZ+74PFo1GjcYYNd5Xohg10agxioqKSLxFQEQ8IqiIIKIoKIiKgopiEs94E+OtMfHMp4lnjMLCsgd73+dX/+qp3p5mZnZ2bcbZpev3m+nu916/fle9o169f8V9e9I+fRRFio/it+RTYT84+k//oMyx5ziaprhgRZo14RLK+PUp1NfTTXEer3xw7dh9CQlQanrhz5Sy76HUXV1B3vxi8mTnqZcZPsDB/xA0h/gYSD/mDxtwqbvvZvlI4o4/2fxjpx0ckDjri0FzGJeSSqkH/JKaX3rSfBE5dIKC5rCvtYVyzr3S/Fhfd7d8q+zht8xvZp50No164BV5jktMIiRSizx38mzycDEHo6A5DBbQKbegOXQq8mDxRDWHUc1dyI/lXTLXrPxgRTIUt6AfQwtL2X8MKYPHJSRS6fIXJX74FVyzVBKC++S9DD7DPVpnOAr6MX0BEYD6OjvIk5Fl5rTqugs1CKWNOd68B/t4C0rMcKaH/yZkAyn74ztE6Ma8PgnqBJMbHaItCZojsnwoPjWdCq+/mxoeW0F93V3S4/TU1ZAnJ586PvsXpY45jtrefY0aHllGhXOWk7doFK0/+6iAmEPmLCCUQw9h68yhb5jRRDVn5lejdBPVkoxSnszPBGUA09d2U3jDvZS4w642V+Oxat4l1P7h26Zf/tWLqXrOZHkuXvwoVUw+UZgCnaGdNl4+nig+nooWPCQcvnHGGRIkLiWN0o86iRofX0Hx6ZlUcvvjVD5hjP31kM8RN0uT4/1RBetaEEbdcb+BM1TCGVNqePReav/PB5S0y56UeeLvqfN/n1PCD3Yy3on30OhH+gsH72gn3dPcQHG+RI2Gys/4uXkf7ibiZll+1uEB8SDx9l9vR3tAmO6N66hz7X/FrfHph7jbu5e8uQWSsXXjf8G9fS+1vvdGwDvBHlpff0EyFM9zIPwipYgzV3rfX8042/71jpRq3f23mW64qVtxi/nc+s9XKe2IE2jj9HG09pT9qf7Bxdzkeij3omvk3b72NvJtuyPV3DSd8qZxU+3tkbkzaquP70Flj/yd0NzTf30yYTKHCeC60w+hrDOnmt8JdxNxs9RIUg44nPKm3qCPcl077iAiHohijQaduVjLQLj0RNwsw0USq35uzcVqzQyUrhHdLEd05gY1/UIziOcV1ij/kq6vq5PWsbgkVmlQNYcZiWYMGYrzJZizFGsGMa9USj3sWL2lovkPyA8Oep83fb74Fy9cHXDVMOLIf6NW/k1vI75GnDlkzEobLj7B+hiwDk7Ydicz0968IvKO+gEl7b6fzCMrZ54j73mycslbPJpqbr5cwvpGbUdpPEnGVad1vW0tlPDDHxMm3huvmBDwvUgeIhsKvF4abZF5tX/yLlXNnsRL4gLqqa2S7/hG/5C61n4l9/aCgGPV3CkUl5hMfW2t1NvazIneheJ4sowpWsXUsZIhnShLJPzX/LenqH71UipZ8pQ6ydXZiXNvb0DkSbvuLYkpvu1PZinHp2UEhOniSTOojueU5RN/Kfdt/3iFEn+8J68GPpNnT44hWzULw+MhzFfrHlgk/vWr72TB8HkyWe788mOZPNfccrn4RfIXWbO0ZU4jjk9K1lsqvPZO876VM4H1G1YEGb85jQquXUbtH70jBZH52wkygc6ZOJ0yjj1Dak2XSUm77SsC5aZnDf4btfwFqltu8KRGHpeUorcDXiNqlughexvrJbKC2XdRx6cfSZMpveOJgA9oIgMcv8eHiGoOGVMm92TlUU/9Juqp2hAy2ViqQIyVPWEalT38pvSM2HdI3HUvyho/hSBT83BHg2WMUv4fFvFKvUzCq9uoFS/Jd81n7jHLbAta9Qt2jShzeLF6wQx538fys5yzLg34KDystSZNiZdAKQcavAZ/H/egoDZenNaDp+LiKIV3B0AYLpJ+so+ISLVTgjtke61/N4aAuORUav3na1S7bHMxBcIGo4iapfVFlHocJ0yp44uPqfLqs/Uxpq6DzlxMpX6AxETcLAeIJya93czFZLVEkKgRzXMR5H/YBhnRLDdsayWChLsVF0EhxWIQt+JisVYiSNOgJV8RxGkG8ZZsQyW8Uo+EsIu//ryjIwnqhuES2CKTk9J7nidPZk7YAu5jqUXbB29Syl6HbBZu09LrqeXVZwLcsdMMLRdIErG866osp8zjzwwIow+QQ/nKtqfsMyZTx5efUHxyigjUsNyENBGEzdyehlqWbVWLqpwK4DZM4Y3gRcZGMMKraKfRL/XQb9SzmEf9rOHU3361LnXtfkN5dpzjNDP2xEAuvWHy76hnkyEEtPsn7/NzSjv8t5S8+/6Ue+FM3lSeSBsm9UtFa269ihK235mK5q3k5kbU8PBSs+IgW0MlQb42yr/3i2cIQnyl21LdyoUc5ywRYKDCusq/praPWAjCESWzJLW3uZHSjzlV3LLPmm4mDWpTm5ZcF6COmDXuIvFHxSl5eBN83YTDqGzly/JNNDylgqtuM/eI1c2Jq6MVFx+Gy8AppXc+LWlWmYSdM5vWPBYghLFmMOP48aSFlrLfGMrhilCC2Brk5Uqykrqj0kDJe/G+NlPTmscJMsXGvzwoFYeCb3pmtfxwr+n0Fo7ib15I7f9+n5J+/DNq//RDeV//wEWZp5xPyXscyCqihgiw5rY/iCYDhLrKZdU3TtNXHLs6Ojnp5a4nEoJSLTjT3p2mH/E7cRc/LkArNT75AEHIC6qE3h6r2Skl7210t3lT54hTd02lCILRHaPwwFEgVA4IXA1KP+Y0ueKvYNYSFulzj1C3yXRDxYJa3nhBrrV3GvHLA/9BDJl5wlnU/PJfKOWgI8S54z+Blathnb46WnFIHAoK6iZQ9rFTxTRWz/arltj97M/a6u3ueO5gDqi9a67xLf5e81+N1r7hgmPFrbv8f6L20tvSJA0B2xcoXKUkrjikE90vCFxSNfsiamaOt1LO2YaINvN3E8W5YNZSudatvJUgzU/+6X7U8iZrnXKe0n91svVV8x57PQVXLRKtLtPRgRvHJyfgFrT4qjmTqHvD2rBJhN586V3PhgyjXU3IAFuxh+McV87Kt968Ql4G/Nns9lCZ+Pl4WzXjtxNM91CVBq24YJWGOBK4m8XOCnYqsbsCwg5LCW8z6YxRT3hgtwXf8JVtx7rWaZT4o90p5eCjZOclmQ9e4B0lUTrzP+i+dPEiPqDBExTfNjtQzvkGdyINIOzwYEIDsupWYkcneb/DeENkB/Ej3mjEvoN9/DU8h/7vOMdpUqBZXboscEqvfqGu0ACsvmFKKG/X3VICW6ziLN8wbzHrxEwP6yqsoborec8ywjHPjMS9kRJwdDkwUJli1hnpzHOguLZ2f8fHuK29QKOVf7fiolXSDn8nqmOcw2nfqqNzOW6YVr9bcW7FDdMSGKbJdjnOrbhhWgLDNNkux7kVN0xLYJgmOyoiL2xQArfHvnGKQ/04StD5tXGEZ5iW4feS7C26AC+YeQef59g7oozVLJ5JrW+uiSisG2gLaXnFZ2TzGU9ju38whYzjjOVnHhb0FXAtFIrq7l1A3RXGATwNiOOPLa88Q41PrFQnc29OHTbdfo0AOSRsv4s6mVfBJfE/6RnSimm818Z7acULVlEXbwhDC8xKhfNW8gnGeLK+C//Se9cwJpqHNi2dTW18wGhLkeMcF+k+XMtbayj1QENPw545+yYqzrSmHXqsbGr2drZT+/tvCcRI8c0P21+VZ7yPDc/umo2sQ1IjIDTAW/Fk5bCm2C4EhSAPNy5groBQ+KMeeJWsBxoRR9qvxsqpsvbPPqLO/34qYfHX9v6bDCvlFZWETctuEO20RD6KGoo6vvoPVV51VijvIbk7PsYNtHkK3Y9aziwOGYequJKlT9GGC48zM4SzvYmsZQWOjOejcih40dHjfygOFTLCGLSsoN5nJRxrBXIQdt6x4929/n+yHxiXYGDCYH+wftVieQWV1tfXZ56Qw845ILdASbxzjp+SKBT59xFzz/+DsVvPXDZ69duEhlV+emRgOhrfUK6OLgdUfS5YQppefFQyiEoDQaEHrRq/9Rceyxx0H0H3EoTT4zj7qNTClb3+7CNFQQdu1uOGvY11EqyXsW+UAFoIamXtLEAwtbzxIiWw+kJ8WqboSHYwB0GvEpWVN9nQgcRzO+/AK3V++yVtuOh4qn94CVVcdrpca+64Vr3NSsXYDCq9+3m51iy8ik+97y8/qFeA8zF0OE2OVhx0H0NR+pEnUuIue5je0AEh1rUE9bByUcMf7xIgB1QkwOTskxrofuh5UUPvo0/eLb7FULnLOGacPOMP3TW6RlDt3TdS09OrzGe44dw2ZrhWxdXquVMJPyXcAxMQjREn8nHtre9XP2xmwFBQ7gUzpTEAZxC6MtA/ybv0RvllnTFF3HIvvlbCOvnneFcZLnGFfNgdBBVxPfSu4TEWVV5zPgEuq3LWuQEchzCqkAOEKIwvStU3z6D86TdRy+vPUeohvxbnhG12FKVUYIdZqf2T9+QRFQuN5nCExrHpjuskCJRhQb0tjXLVP2hQ48Qz0t7HlQbMRjQ8vFvLwKw4xA/FqS2hR9NfApqa73CFAipmWgMR9AztBFU9gLdBbXz9uVwBPN4oAdtVqe39NwQaF+MeSGeYPX6AAbi1vvM3KUDcg1CQAMMMRwYX94dA41KQTJxZCEZZp02S/AJiEpUWTRq4lAeRmmrGVvuuBGWiUttSovbueQEVAaCQxB13lU/lnGeozaWwSpyVoD6XctCRplPjc4+Y9+kMdQECop9SG3ef6y/4jT5Kj5C854HyHB8CygKN1Kr4i3ExWuRoxbV/8BZ1bSz/zmnHVB1jRiiCFjPUwoE3ovggQInp+OrftM6/DsQpnDzWcYQeJ6jpL6tEWxkHPjBWdjLqDAD60LWBqpnD7AdScN4B4UBdPJnSNWAfzxxTf250y9qdIkwnnwyKFjlacUh0BZ/IqeeTNHaC/n7L68bMy+4X7Dlpt32COZtu6CKBrogfqOW1Z3mtNJEhflrkuWLqSXLNOvUCucqJHB5zgF+EbnDjdIPryh56Q/xD/QHhA9T63usElXSMsZiYaPeNxqrU8eW/9Vaum243DpvYu+GAQEN8cHQBnv37y0SyoWnx8MCcwWfYUvY/nDyMiKqtG5lOO/x4DRb0WrN4FovAXgzq5zry3C0Yfv5QCwaq2/E8zW94YiU18OJ3IMo+53JK/+UJQYPhgKFOPIIG2ModHe0qN/pxeIBrhe4Bv7JVrxPkerlTjIUuyluw1VkyEarSEMZeacCuU9Qk7XqKbn4IQQnAYtkMeARSvX/caxpwD5i3gll34LbfndHSlAA8LgS4YU43pDegNF5/wjoBIOFSWEQXz5MngCHBDff6DchSi268v/+d1ezPa8Wimx6UswPi4eCfoxUHaUi3H3ZO04hKSuSTpBBvYSIBMHxUpt3ChYbHtcI//ljdsDzoZJlfMOrkSYmKp+z+sKgByh4/1Zxc4Bndth6jwrNS1vjJtPbk/ajj8/8Tpxx0//ctEOBsDUO87OnlY2TQykY8OK5sPaKFd9adeqChtc0Nof3jf5qvOnXjaMUhURvO/41IC4IlsIztaAy03oHQ1grpZcbD0M6oBMB64WQoOKj943fFG5IWoNkJ8YzRiiYJURqoi+WUItLymwLI5UOQzS8bXAV/SFLwXstrz1HOeVfyWvEwOMu6spfXgIk/+qk84w+yT0hmUg/tXz6YnnyDtWjKIb9iEVuG4CfG4eyzw+ToGGdNW96Mm/lgfvCFqzWc9R5nxLsdWE5Y4xyp91us4qTAWGJewMdtcR46HNXwXhkEwi5FXgJbtuJs6QBsY3xGJoufOqX/h4zPpaGVgKOyyoGSAAEy+eFjBwrr+ocvAccnJ+E/5/o6VQJuxTlVklGOx624KBe4U59zK86pkoxyPG7FRbnAnfqcW3FOlWSU44nqOi7KeXM/55ZAzJWA21PGXJW4CRrJJeAy3EiuXTdvMVcCLsPFXJW4CRrJJeAy3EiuXTdvMVcCLsPFXJW4CRrJJeAy3EiuXTdvMVcCUdUSimbu4/l0CQ4w4NxVXFKSWOXGAXGcjerjaw/OA7sI3tGsEvdbXALDnuES+ERq+pEnEU6i4gDiUAkYJM1rHqXWt18a8LjxUL/hvueWwPDb+GamAo4bUDHi/Oc2tkQ1wuJY7T3z2SzQt1siejfOrbQEhg3DATiq4IqF5C0oiWpVwVha3YqF1Mx4SJGSj5FTiv2GPPEOzAvWLZ9vvg58IfsBaphpgs1IEE7ktX34thkeNzhM3V21gU0WHkL5MxYE+NkfFH8QlvCS2BxUJNTFHUvF1LESFKYUfSWj5b5uxS2GbUxLJHoQHHA9RXNXmD7NrzxNdst6pqflJo/Tr4ZVYSAOFnEBYoJzXQlqQsoSHmg0cZajpzDohp+dOr/5kmocwPuwx+vkc+wzHI9ihbPvokQ+v/tdCIyDRtvw+AoxZge7Yr5io1FFEi/AxSpnnhMWCRUnLGG3MxxVL7xSRs1QcH+h3lUIJivagRXVwMMdUanflhpQeQAkZqesM6dSxtGnijNMUNavMs5TW8OhQ1ObbCiz8vGHyrFhaxhlOJwJD4WeZw2v93X8vSa/6cvixY+Rr2iUeAG6ELCFgIPyZBu2UhN33oMUXAaBOhiysI3zFY6AiAdYqVimmF7DxTOmZOmSp4a0NsM5cJihbnjifurxn/3WisBoAgCZ7oq1jL+VIcd8cXwYx31DEdaHOJBfy+CmoUY7YJ4oIBviyZ10jYkphueNV/+eOr/4hHyjt8ejSRWXnioIe7CeDGp85mFq5I5BrSqbAfkmac8DzMcuBuVR8IIKbrAYGRN32k1GQWKko4Krbw85wgFbDD8lMCgYFaAEShhVcEbfTvgm8Gtq75onP7u/PidstxMpZpu64Vq88BGT2fAMLLWci2ZR7ZLZeJSj4VZmq3vgNtOmrQTw/8Goouah65svqPGpB63eMXkf0wxXfNOqQTMbQA/qgMntB0oIVuqAqMRvIAIYXsoBhzPi09EMF8ZWPZkAooD1HUAlwlHh7LsDzvgbaFHBz+2jkQMDQAnTqmBYALDy6fXjzQF7HLgGwCoAlkAqWw1teeN5YTisbZP36GdMxAsAP2tnALfUXxwjZtZxn3nKecJwQES2oiITEEMeCZze6giH90rvfk7wWnEPrAVgrSrhm8EIHU/psmdNEF6ATCmzAVHSjpgJkAz8whFAeTuZ6ayAF+HCf19+MctwGG3U5PpgCgfgvUXX32O+0s6WuBseXU4dfnRKeCQw0krRvJUSBlsF3ZXl3Hj/Kw0YKJaKuIz1BYxTq4FqvAAQDV/ptqEZjht7CUPk2NeaGO1AaJRAYrESrIdbCfAGwSAOAMuNdZJSzgVXUxeP0vihcwAsnPoDDsdOWadfzCPC6eKMKWUHj7ZDoRxmKnRsXd9+ZdYRTvBjraUE46mhYOj6WlsEhbSY4XpAqQwmAjg8WHcHBm/96qUaTT/gJQOfmOQHwQRYimIHY6tnOGzzxCzDAZbOCUpi/OAkFh4oQfwPBlQIWQAxJ/DIgZ+dZN3H2wT1DP2qkBAAhA5FaORARwXCt5U6vvjYHCGBj1W94DKrN0U6pcTeIjqUYGTvoKydRLDw4dx8o3/I09KDZWqKzslOadzpAIDGawGuaX339QAgG4UZtL+rz5gCAhcFHQUI0ExC3GGNZnvgSgp2UzAT0+O9xVlHa+A4A3IXpGtceYjhv9hluPZWwfNP/tlBjhYfph6QdkZCWMOkMqosfmC+qjmTA0ZKexxgtI1XGqNV9sRLKXm3fSUImBUw/Wio3sLSgHWSPQ591oaoz8Aua//XP6hi2immk/UGoHTJDAIHAkSWfRSFe7wFbhgI8MHIPhXGNC1h2x0DguqUssgPXA7Pzq8/pXRGeVdqffc1vQ16hZRWMT4RoOr6SRIucYd+4VhPU8OIQ5aKWYZD6VfPv5TymTmsC2iple/hD8xXyCMlcNpql80NmgLB2/H79LW1BoSBeQU1sYARBCOdkiLu6zP2GK3o+1ivgdlAqb84mtddBtCsGgwBEytzIwxQi0GQyDa/9CR5S7bZTHoK5gcaMUaLXsYd7+UODlR5HQPoMr6dSUHWcPDDN2G6AQSRvhV5GQKrdjbbEApYHp0JMGiVMA1W/LwEywgeakqq7w3Ha0wzHAq0+sZpDN+ZQ3lTbwjAKA9X2DCKEudNiAg4P1w8wfzSDjtORitIG4dKEHboKKFxAIfdKqWEMbZg1PIqCxtYZS17wjTeKtnFlFJqWOynwdIPCOvWvGlzWQtnjDwDn33jjPGiMFB040qJB9sYtbzX1vr2XyVMALMZLkH/sR+o1PbBm2SdibQxKnX+ZQsC3GDIoP0jQ/iSc9E1bCbKaHrYT4OCgZJ1yox1YjjqYUtJOqXM5z08rLkrLjmZp6eN4V77Xv1ifx/OVjyAlIWBGkzz7FMda1CYBoEEz8t7PcCrx8JcK9kabij3EHyEW8shTh9LGtWqIQQIXbwpG44Aj+vJL5YgmILatzLs72LfLZ7txdgJe1GAqQUl7rw7zyM9cg8oeLs1RWATq9EhfDOUVk2CX0IrEfFfJ69JMWrqNkp31Xry5peYAgykXbc++ni0RAeDUVSI12hiKMkfWW8Tj67MKErWNMl7PK0EoTyxhQPCdg5sEYBg1ycB2yx+Bhbps3WEllCx8xezDIcpCvaAAIlbd/9tRg9sMdESsgi5gaEhwNaOVoo1rMDnHzde1lND1b2EmbMO3hpwyS2BwZZAzDIcMgKxd1oQbGos0Ds+/5iNK37GvfbnYillUCJh3sROG3McZRzHhqVyDSlXpAUHC5sVl4ztF1eHeBE9NQcyRhWeToHQS8PiSy/32rDfFMcSUh1VsMcGs3cYaQy/JNGIkfd4zdfTWBtg8QwjvbeoVOLFH0YQ7WAwanmLywLciDsg2evr7eM0VAaMKmYkfINRFp2V3VIAwiCN8ckpkie7PSlM+32lP2B88m84nZskSqzVPPlFPMJ9bYrsMTJ7+RuQUmJkg2jfW8ijo4W0jLysXgbgYEwdlWAdwMejq4x+OnXk7ZLEHX4iNiC7omjKSNM0mGv8YAJHOyz08oJJuxK225nS2VIphAfFbB4CG7NqokGvGSdMMJOLBpjO+0+l9zxvhGPLOVi7DJrZWBReMX1cWGZTcxFJu+3N5m+/7d+PYybHRj5MFYLA7FhfKRXNW0HFix4VoYj4TZmjXqLals6mJ6wEPUbEB8J0VZkNz1g/YW+vZMmTptjdk50v4cGIEPXDrpddnxPvYh2Zy2ssK0G4gnL1ZGZL5wbVLwD9g8CgMJOB73WwcAcWZ5VgoxJpVOloARs/zZ8+XzRidPqMqS7Sj/dzzrlC7tEhgWA3M2vchXKPmYl8h437dLAUVg3OQcgCY6aegmKZDVn3AuXFGPszVq4xlihrcmoWzBA7KNCnjPR0AKahWLtANUrXGdY4h3Jfs4gNkrPJ5IEIvfvaU/YXDRUo9qIBlE88grmiM0CahymzXQEXisKwFtXLG8ORUhJvPfiKRovZEIwYKQcdQTD5BTNbkJTCyoXoVVqm4+2fvE99LKzA+nZz6tvMCRJJbIvALJcwCI9i3kLjXYyaGBEhKME6GSc5YHSvbvlNm3VMVTwV9/EWQ97F10nHA73StndeNr63+WcD0mF+50M2E8Z5wQgHgiRz7WkHUxpLb4vm3y9lXDH5xIB3Y+kh5hlOCpU1M9aNO4gStvuRaJR7LRoNwQoTGipZY88N5jUoNzTg6luuCLv3Zo8QDJ7JtumSf7ovm6TpMLTn/eanK644k+32sKWuY06ThoLORAmaLjCLDSlb/pW3CrOYfqxGlrzPofKDgKLmpsvkEC0MHJr2X7lsoKGBs4G1fDKhmU8ooHHnTrpWOixMIxEe9mHTWKWrZtHV5laDfgfXbjYo7C3Zlor8ttSr5kyihj/dwyPbN1R43TLZ1IfOZT0bHQa186kG2DyCFotv9Hayb6YKxOhQ8E2d7sOsNwRe2ANsWvMYtVn26mCbva+nW+LUPxiLhIFjEGznQl8UI7BourBArI71WjEthzoY9GPR2UFBOpYpptdw4QouiY+yZE+41DxGEi7sYPy6uWFCSGP2vIN52Q3rlsAAJTBsGc6eL0yPYLgTonAoGmOvKhxh0Q+VK+hatr33mqwdwoV3/dwScKIERgzDOVEYbhxuCWzpEohpKeWWzrwbv1sC0S4Bl+GiXeLu97bqEnAZbquufjfz0S4Bl+GiXeLu97bqEnAZbquufjfz0S4Bl+GiXeLu97bqEnAZbquufjfz0S6B/wegJvRG/6+c+gAAAABJRU5ErkJggg==\",\"name\":\"神领物流\",\"status\":true,\"updateTime\":\"2022-08-30T19:16:03\",\"updateUser\":1}],\"isError\":false,\"isSuccess\":true,\"msg\":\"ok\",\"timestamp\":1695012187940}',NULL,NULL,'2023-09-18 12:43:08','2023-09-18 12:43:08',227,'Mozilla/5.0 (Windows NT 10.0; Win64; x64) AppleWebKit/537.36 (KHTML, like Gecko) Chrome/117.0.0.0 Safari/537.36 Edg/117.0.2045.31','2023-09-18 12:43:08',1),(1153310236321251457,'192.168.150.1','OPT','平台管理员','应用-分页查询应用','com.itheima.authority.controller.core.ApplicationController','page','/api/authority/application/page','GET','[Application(super=Entity(super=SuperEntity(super=com.itheima.authority.entity.core.Application@c486b45c, id=null, createTime=null, createUser=null), updateTime=null, updateUser=null), name=null, code=null, status=null, describe=null, url=null, color=null, logo=null, lastUseTime=null)]','{\"code\":0,\"data\":{\"current\":1,\"orders\":[],\"pages\":1,\"records\":[{\"code\":\"1653976591227\",\"color\":\"default\",\"createTime\":\"2022-05-31T13:56:31\",\"createUser\":1,\"describe\":\"神领物流开发环境\",\"id\":981194468570960001,\"lastUseTime\":\"2023-09-16T10:34:53\",\"logo\":\"data:image/png;base64,iVBORw0KGgoAAAANSUhEUgAAANwAAABGCAYAAAHQoMoyAAAABGdBTUEAALGPC/xhBQAAADhlWElmTU0AKgAAAAgAAYdpAAQAAAABAAAAGgAAAAAAAqACAAQAAAABAAAA3KADAAQAAAABAAAARgAAAADSHK/uAAAePUlEQVR4Ae1dCZwU1dGv3ZnZ+74PFo1GjcYYNd5Xohg10agxioqKSLxFQEQ8IqiIIKIoKIiKgopiEs94E+OtMfHMp4lnjMLCsgd73+dX/+qp3p5mZnZ2bcbZpev3m+nu916/fle9o169f8V9e9I+fRRFio/it+RTYT84+k//oMyx5ziaprhgRZo14RLK+PUp1NfTTXEer3xw7dh9CQlQanrhz5Sy76HUXV1B3vxi8mTnqZcZPsDB/xA0h/gYSD/mDxtwqbvvZvlI4o4/2fxjpx0ckDjri0FzGJeSSqkH/JKaX3rSfBE5dIKC5rCvtYVyzr3S/Fhfd7d8q+zht8xvZp50No164BV5jktMIiRSizx38mzycDEHo6A5DBbQKbegOXQq8mDxRDWHUc1dyI/lXTLXrPxgRTIUt6AfQwtL2X8MKYPHJSRS6fIXJX74FVyzVBKC++S9DD7DPVpnOAr6MX0BEYD6OjvIk5Fl5rTqugs1CKWNOd68B/t4C0rMcKaH/yZkAyn74ztE6Ma8PgnqBJMbHaItCZojsnwoPjWdCq+/mxoeW0F93V3S4/TU1ZAnJ586PvsXpY45jtrefY0aHllGhXOWk7doFK0/+6iAmEPmLCCUQw9h68yhb5jRRDVn5lejdBPVkoxSnszPBGUA09d2U3jDvZS4w642V+Oxat4l1P7h26Zf/tWLqXrOZHkuXvwoVUw+UZgCnaGdNl4+nig+nooWPCQcvnHGGRIkLiWN0o86iRofX0Hx6ZlUcvvjVD5hjP31kM8RN0uT4/1RBetaEEbdcb+BM1TCGVNqePReav/PB5S0y56UeeLvqfN/n1PCD3Yy3on30OhH+gsH72gn3dPcQHG+RI2Gys/4uXkf7ibiZll+1uEB8SDx9l9vR3tAmO6N66hz7X/FrfHph7jbu5e8uQWSsXXjf8G9fS+1vvdGwDvBHlpff0EyFM9zIPwipYgzV3rfX8042/71jpRq3f23mW64qVtxi/nc+s9XKe2IE2jj9HG09pT9qf7Bxdzkeij3omvk3b72NvJtuyPV3DSd8qZxU+3tkbkzaquP70Flj/yd0NzTf30yYTKHCeC60w+hrDOnmt8JdxNxs9RIUg44nPKm3qCPcl077iAiHohijQaduVjLQLj0RNwsw0USq35uzcVqzQyUrhHdLEd05gY1/UIziOcV1ij/kq6vq5PWsbgkVmlQNYcZiWYMGYrzJZizFGsGMa9USj3sWL2lovkPyA8Oep83fb74Fy9cHXDVMOLIf6NW/k1vI75GnDlkzEobLj7B+hiwDk7Ydicz0968IvKO+gEl7b6fzCMrZ54j73mycslbPJpqbr5cwvpGbUdpPEnGVad1vW0tlPDDHxMm3huvmBDwvUgeIhsKvF4abZF5tX/yLlXNnsRL4gLqqa2S7/hG/5C61n4l9/aCgGPV3CkUl5hMfW2t1NvazIneheJ4sowpWsXUsZIhnShLJPzX/LenqH71UipZ8pQ6ydXZiXNvb0DkSbvuLYkpvu1PZinHp2UEhOniSTOojueU5RN/Kfdt/3iFEn+8J68GPpNnT44hWzULw+MhzFfrHlgk/vWr72TB8HkyWe788mOZPNfccrn4RfIXWbO0ZU4jjk9K1lsqvPZO876VM4H1G1YEGb85jQquXUbtH70jBZH52wkygc6ZOJ0yjj1Dak2XSUm77SsC5aZnDf4btfwFqltu8KRGHpeUorcDXiNqlughexvrJbKC2XdRx6cfSZMpveOJgA9oIgMcv8eHiGoOGVMm92TlUU/9Juqp2hAy2ViqQIyVPWEalT38pvSM2HdI3HUvyho/hSBT83BHg2WMUv4fFvFKvUzCq9uoFS/Jd81n7jHLbAta9Qt2jShzeLF6wQx538fys5yzLg34KDystSZNiZdAKQcavAZ/H/egoDZenNaDp+LiKIV3B0AYLpJ+so+ISLVTgjtke61/N4aAuORUav3na1S7bHMxBcIGo4iapfVFlHocJ0yp44uPqfLqs/Uxpq6DzlxMpX6AxETcLAeIJya93czFZLVEkKgRzXMR5H/YBhnRLDdsayWChLsVF0EhxWIQt+JisVYiSNOgJV8RxGkG8ZZsQyW8Uo+EsIu//ryjIwnqhuES2CKTk9J7nidPZk7YAu5jqUXbB29Syl6HbBZu09LrqeXVZwLcsdMMLRdIErG866osp8zjzwwIow+QQ/nKtqfsMyZTx5efUHxyigjUsNyENBGEzdyehlqWbVWLqpwK4DZM4Y3gRcZGMMKraKfRL/XQb9SzmEf9rOHU3361LnXtfkN5dpzjNDP2xEAuvWHy76hnkyEEtPsn7/NzSjv8t5S8+/6Ue+FM3lSeSBsm9UtFa269ihK235mK5q3k5kbU8PBSs+IgW0MlQb42yr/3i2cIQnyl21LdyoUc5ywRYKDCusq/praPWAjCESWzJLW3uZHSjzlV3LLPmm4mDWpTm5ZcF6COmDXuIvFHxSl5eBN83YTDqGzly/JNNDylgqtuM/eI1c2Jq6MVFx+Gy8AppXc+LWlWmYSdM5vWPBYghLFmMOP48aSFlrLfGMrhilCC2Brk5Uqykrqj0kDJe/G+NlPTmscJMsXGvzwoFYeCb3pmtfxwr+n0Fo7ib15I7f9+n5J+/DNq//RDeV//wEWZp5xPyXscyCqihgiw5rY/iCYDhLrKZdU3TtNXHLs6Ojnp5a4nEoJSLTjT3p2mH/E7cRc/LkArNT75AEHIC6qE3h6r2Skl7210t3lT54hTd02lCILRHaPwwFEgVA4IXA1KP+Y0ueKvYNYSFulzj1C3yXRDxYJa3nhBrrV3GvHLA/9BDJl5wlnU/PJfKOWgI8S54z+Blathnb46WnFIHAoK6iZQ9rFTxTRWz/arltj97M/a6u3ueO5gDqi9a67xLf5e81+N1r7hgmPFrbv8f6L20tvSJA0B2xcoXKUkrjikE90vCFxSNfsiamaOt1LO2YaINvN3E8W5YNZSudatvJUgzU/+6X7U8iZrnXKe0n91svVV8x57PQVXLRKtLtPRgRvHJyfgFrT4qjmTqHvD2rBJhN586V3PhgyjXU3IAFuxh+McV87Kt968Ql4G/Nns9lCZ+Pl4WzXjtxNM91CVBq24YJWGOBK4m8XOCnYqsbsCwg5LCW8z6YxRT3hgtwXf8JVtx7rWaZT4o90p5eCjZOclmQ9e4B0lUTrzP+i+dPEiPqDBExTfNjtQzvkGdyINIOzwYEIDsupWYkcneb/DeENkB/Ej3mjEvoN9/DU8h/7vOMdpUqBZXboscEqvfqGu0ACsvmFKKG/X3VICW6ziLN8wbzHrxEwP6yqsoborec8ywjHPjMS9kRJwdDkwUJli1hnpzHOguLZ2f8fHuK29QKOVf7fiolXSDn8nqmOcw2nfqqNzOW6YVr9bcW7FDdMSGKbJdjnOrbhhWgLDNNkux7kVN0xLYJgmOyoiL2xQArfHvnGKQ/04StD5tXGEZ5iW4feS7C26AC+YeQef59g7oozVLJ5JrW+uiSisG2gLaXnFZ2TzGU9ju38whYzjjOVnHhb0FXAtFIrq7l1A3RXGATwNiOOPLa88Q41PrFQnc29OHTbdfo0AOSRsv4s6mVfBJfE/6RnSimm818Z7acULVlEXbwhDC8xKhfNW8gnGeLK+C//Se9cwJpqHNi2dTW18wGhLkeMcF+k+XMtbayj1QENPw545+yYqzrSmHXqsbGr2drZT+/tvCcRI8c0P21+VZ7yPDc/umo2sQ1IjIDTAW/Fk5bCm2C4EhSAPNy5groBQ+KMeeJWsBxoRR9qvxsqpsvbPPqLO/34qYfHX9v6bDCvlFZWETctuEO20RD6KGoo6vvoPVV51VijvIbk7PsYNtHkK3Y9aziwOGYequJKlT9GGC48zM4SzvYmsZQWOjOejcih40dHjfygOFTLCGLSsoN5nJRxrBXIQdt6x4929/n+yHxiXYGDCYH+wftVieQWV1tfXZ56Qw845ILdASbxzjp+SKBT59xFzz/+DsVvPXDZ69duEhlV+emRgOhrfUK6OLgdUfS5YQppefFQyiEoDQaEHrRq/9Rceyxx0H0H3EoTT4zj7qNTClb3+7CNFQQdu1uOGvY11EqyXsW+UAFoIamXtLEAwtbzxIiWw+kJ8WqboSHYwB0GvEpWVN9nQgcRzO+/AK3V++yVtuOh4qn94CVVcdrpca+64Vr3NSsXYDCq9+3m51iy8ik+97y8/qFeA8zF0OE2OVhx0H0NR+pEnUuIue5je0AEh1rUE9bByUcMf7xIgB1QkwOTskxrofuh5UUPvo0/eLb7FULnLOGacPOMP3TW6RlDt3TdS09OrzGe44dw2ZrhWxdXquVMJPyXcAxMQjREn8nHtre9XP2xmwFBQ7gUzpTEAZxC6MtA/ybv0RvllnTFF3HIvvlbCOvnneFcZLnGFfNgdBBVxPfSu4TEWVV5zPgEuq3LWuQEchzCqkAOEKIwvStU3z6D86TdRy+vPUeohvxbnhG12FKVUYIdZqf2T9+QRFQuN5nCExrHpjuskCJRhQb0tjXLVP2hQ48Qz0t7HlQbMRjQ8vFvLwKw4xA/FqS2hR9NfApqa73CFAipmWgMR9AztBFU9gLdBbXz9uVwBPN4oAdtVqe39NwQaF+MeSGeYPX6AAbi1vvM3KUDcg1CQAMMMRwYX94dA41KQTJxZCEZZp02S/AJiEpUWTRq4lAeRmmrGVvuuBGWiUttSovbueQEVAaCQxB13lU/lnGeozaWwSpyVoD6XctCRplPjc4+Y9+kMdQECop9SG3ef6y/4jT5Kj5C854HyHB8CygKN1Kr4i3ExWuRoxbV/8BZ1bSz/zmnHVB1jRiiCFjPUwoE3ovggQInp+OrftM6/DsQpnDzWcYQeJ6jpL6tEWxkHPjBWdjLqDAD60LWBqpnD7AdScN4B4UBdPJnSNWAfzxxTf250y9qdIkwnnwyKFjlacUh0BZ/IqeeTNHaC/n7L68bMy+4X7Dlpt32COZtu6CKBrogfqOW1Z3mtNJEhflrkuWLqSXLNOvUCucqJHB5zgF+EbnDjdIPryh56Q/xD/QHhA9T63usElXSMsZiYaPeNxqrU8eW/9Vaum243DpvYu+GAQEN8cHQBnv37y0SyoWnx8MCcwWfYUvY/nDyMiKqtG5lOO/x4DRb0WrN4FovAXgzq5zry3C0Yfv5QCwaq2/E8zW94YiU18OJ3IMo+53JK/+UJQYPhgKFOPIIG2ModHe0qN/pxeIBrhe4Bv7JVrxPkerlTjIUuyluw1VkyEarSEMZeacCuU9Qk7XqKbn4IQQnAYtkMeARSvX/caxpwD5i3gll34LbfndHSlAA8LgS4YU43pDegNF5/wjoBIOFSWEQXz5MngCHBDff6DchSi268v/+d1ezPa8Wimx6UswPi4eCfoxUHaUi3H3ZO04hKSuSTpBBvYSIBMHxUpt3ChYbHtcI//ljdsDzoZJlfMOrkSYmKp+z+sKgByh4/1Zxc4Bndth6jwrNS1vjJtPbk/ajj8/8Tpxx0//ctEOBsDUO87OnlY2TQykY8OK5sPaKFd9adeqChtc0Nof3jf5qvOnXjaMUhURvO/41IC4IlsIztaAy03oHQ1grpZcbD0M6oBMB64WQoOKj943fFG5IWoNkJ8YzRiiYJURqoi+WUItLymwLI5UOQzS8bXAV/SFLwXstrz1HOeVfyWvEwOMu6spfXgIk/+qk84w+yT0hmUg/tXz6YnnyDtWjKIb9iEVuG4CfG4eyzw+ToGGdNW96Mm/lgfvCFqzWc9R5nxLsdWE5Y4xyp91us4qTAWGJewMdtcR46HNXwXhkEwi5FXgJbtuJs6QBsY3xGJoufOqX/h4zPpaGVgKOyyoGSAAEy+eFjBwrr+ocvAccnJ+E/5/o6VQJuxTlVklGOx624KBe4U59zK86pkoxyPG7FRbnAnfqcW3FOlWSU44nqOi7KeXM/55ZAzJWA21PGXJW4CRrJJeAy3EiuXTdvMVcCLsPFXJW4CRrJJeAy3EiuXTdvMVcCLsPFXJW4CRrJJeAy3EiuXTdvMVcCUdUSimbu4/l0CQ4w4NxVXFKSWOXGAXGcjerjaw/OA7sI3tGsEvdbXALDnuES+ERq+pEnEU6i4gDiUAkYJM1rHqXWt18a8LjxUL/hvueWwPDb+GamAo4bUDHi/Oc2tkQ1wuJY7T3z2SzQt1siejfOrbQEhg3DATiq4IqF5C0oiWpVwVha3YqF1Mx4SJGSj5FTiv2GPPEOzAvWLZ9vvg58IfsBaphpgs1IEE7ktX34thkeNzhM3V21gU0WHkL5MxYE+NkfFH8QlvCS2BxUJNTFHUvF1LESFKYUfSWj5b5uxS2GbUxLJHoQHHA9RXNXmD7NrzxNdst6pqflJo/Tr4ZVYSAOFnEBYoJzXQlqQsoSHmg0cZajpzDohp+dOr/5kmocwPuwx+vkc+wzHI9ihbPvokQ+v/tdCIyDRtvw+AoxZge7Yr5io1FFEi/AxSpnnhMWCRUnLGG3MxxVL7xSRs1QcH+h3lUIJivagRXVwMMdUanflhpQeQAkZqesM6dSxtGnijNMUNavMs5TW8OhQ1ObbCiz8vGHyrFhaxhlOJwJD4WeZw2v93X8vSa/6cvixY+Rr2iUeAG6ELCFgIPyZBu2UhN33oMUXAaBOhiysI3zFY6AiAdYqVimmF7DxTOmZOmSp4a0NsM5cJihbnjifurxn/3WisBoAgCZ7oq1jL+VIcd8cXwYx31DEdaHOJBfy+CmoUY7YJ4oIBviyZ10jYkphueNV/+eOr/4hHyjt8ejSRWXnioIe7CeDGp85mFq5I5BrSqbAfkmac8DzMcuBuVR8IIKbrAYGRN32k1GQWKko4Krbw85wgFbDD8lMCgYFaAEShhVcEbfTvgm8Gtq75onP7u/PidstxMpZpu64Vq88BGT2fAMLLWci2ZR7ZLZeJSj4VZmq3vgNtOmrQTw/8Goouah65svqPGpB63eMXkf0wxXfNOqQTMbQA/qgMntB0oIVuqAqMRvIAIYXsoBhzPi09EMF8ZWPZkAooD1HUAlwlHh7LsDzvgbaFHBz+2jkQMDQAnTqmBYALDy6fXjzQF7HLgGwCoAlkAqWw1teeN5YTisbZP36GdMxAsAP2tnALfUXxwjZtZxn3nKecJwQES2oiITEEMeCZze6giH90rvfk7wWnEPrAVgrSrhm8EIHU/psmdNEF6ATCmzAVHSjpgJkAz8whFAeTuZ6ayAF+HCf19+MctwGG3U5PpgCgfgvUXX32O+0s6WuBseXU4dfnRKeCQw0krRvJUSBlsF3ZXl3Hj/Kw0YKJaKuIz1BYxTq4FqvAAQDV/ptqEZjht7CUPk2NeaGO1AaJRAYrESrIdbCfAGwSAOAMuNdZJSzgVXUxeP0vihcwAsnPoDDsdOWadfzCPC6eKMKWUHj7ZDoRxmKnRsXd9+ZdYRTvBjraUE46mhYOj6WlsEhbSY4XpAqQwmAjg8WHcHBm/96qUaTT/gJQOfmOQHwQRYimIHY6tnOGzzxCzDAZbOCUpi/OAkFh4oQfwPBlQIWQAxJ/DIgZ+dZN3H2wT1DP2qkBAAhA5FaORARwXCt5U6vvjYHCGBj1W94DKrN0U6pcTeIjqUYGTvoKydRLDw4dx8o3/I09KDZWqKzslOadzpAIDGawGuaX339QAgG4UZtL+rz5gCAhcFHQUI0ExC3GGNZnvgSgp2UzAT0+O9xVlHa+A4A3IXpGtceYjhv9hluPZWwfNP/tlBjhYfph6QdkZCWMOkMqosfmC+qjmTA0ZKexxgtI1XGqNV9sRLKXm3fSUImBUw/Wio3sLSgHWSPQ591oaoz8Aua//XP6hi2immk/UGoHTJDAIHAkSWfRSFe7wFbhgI8MHIPhXGNC1h2x0DguqUssgPXA7Pzq8/pXRGeVdqffc1vQ16hZRWMT4RoOr6SRIucYd+4VhPU8OIQ5aKWYZD6VfPv5TymTmsC2iple/hD8xXyCMlcNpql80NmgLB2/H79LW1BoSBeQU1sYARBCOdkiLu6zP2GK3o+1ivgdlAqb84mtddBtCsGgwBEytzIwxQi0GQyDa/9CR5S7bZTHoK5gcaMUaLXsYd7+UODlR5HQPoMr6dSUHWcPDDN2G6AQSRvhV5GQKrdjbbEApYHp0JMGiVMA1W/LwEywgeakqq7w3Ha0wzHAq0+sZpDN+ZQ3lTbwjAKA9X2DCKEudNiAg4P1w8wfzSDjtORitIG4dKEHboKKFxAIfdKqWEMbZg1PIqCxtYZS17wjTeKtnFlFJqWOynwdIPCOvWvGlzWQtnjDwDn33jjPGiMFB040qJB9sYtbzX1vr2XyVMALMZLkH/sR+o1PbBm2SdibQxKnX+ZQsC3GDIoP0jQ/iSc9E1bCbKaHrYT4OCgZJ1yox1YjjqYUtJOqXM5z08rLkrLjmZp6eN4V77Xv1ifx/OVjyAlIWBGkzz7FMda1CYBoEEz8t7PcCrx8JcK9kabij3EHyEW8shTh9LGtWqIQQIXbwpG44Aj+vJL5YgmILatzLs72LfLZ7txdgJe1GAqQUl7rw7zyM9cg8oeLs1RWATq9EhfDOUVk2CX0IrEfFfJ69JMWrqNkp31Xry5peYAgykXbc++ni0RAeDUVSI12hiKMkfWW8Tj67MKErWNMl7PK0EoTyxhQPCdg5sEYBg1ycB2yx+Bhbps3WEllCx8xezDIcpCvaAAIlbd/9tRg9sMdESsgi5gaEhwNaOVoo1rMDnHzde1lND1b2EmbMO3hpwyS2BwZZAzDIcMgKxd1oQbGos0Ds+/5iNK37GvfbnYillUCJh3sROG3McZRzHhqVyDSlXpAUHC5sVl4ztF1eHeBE9NQcyRhWeToHQS8PiSy/32rDfFMcSUh1VsMcGs3cYaQy/JNGIkfd4zdfTWBtg8QwjvbeoVOLFH0YQ7WAwanmLywLciDsg2evr7eM0VAaMKmYkfINRFp2V3VIAwiCN8ckpkie7PSlM+32lP2B88m84nZskSqzVPPlFPMJ9bYrsMTJ7+RuQUmJkg2jfW8ijo4W0jLysXgbgYEwdlWAdwMejq4x+OnXk7ZLEHX4iNiC7omjKSNM0mGv8YAJHOyz08oJJuxK225nS2VIphAfFbB4CG7NqokGvGSdMMJOLBpjO+0+l9zxvhGPLOVi7DJrZWBReMX1cWGZTcxFJu+3N5m+/7d+PYybHRj5MFYLA7FhfKRXNW0HFix4VoYj4TZmjXqLals6mJ6wEPUbEB8J0VZkNz1g/YW+vZMmTptjdk50v4cGIEPXDrpddnxPvYh2Zy2ssK0G4gnL1ZGZL5wbVLwD9g8CgMJOB73WwcAcWZ5VgoxJpVOloARs/zZ8+XzRidPqMqS7Sj/dzzrlC7tEhgWA3M2vchXKPmYl8h437dLAUVg3OQcgCY6aegmKZDVn3AuXFGPszVq4xlihrcmoWzBA7KNCnjPR0AKahWLtANUrXGdY4h3Jfs4gNkrPJ5IEIvfvaU/YXDRUo9qIBlE88grmiM0CahymzXQEXisKwFtXLG8ORUhJvPfiKRovZEIwYKQcdQTD5BTNbkJTCyoXoVVqm4+2fvE99LKzA+nZz6tvMCRJJbIvALJcwCI9i3kLjXYyaGBEhKME6GSc5YHSvbvlNm3VMVTwV9/EWQ97F10nHA73StndeNr63+WcD0mF+50M2E8Z5wQgHgiRz7WkHUxpLb4vm3y9lXDH5xIB3Y+kh5hlOCpU1M9aNO4gStvuRaJR7LRoNwQoTGipZY88N5jUoNzTg6luuCLv3Zo8QDJ7JtumSf7ovm6TpMLTn/eanK644k+32sKWuY06ThoLORAmaLjCLDSlb/pW3CrOYfqxGlrzPofKDgKLmpsvkEC0MHJr2X7lsoKGBs4G1fDKhmU8ooHHnTrpWOixMIxEe9mHTWKWrZtHV5laDfgfXbjYo7C3Zlor8ttSr5kyihj/dwyPbN1R43TLZ1IfOZT0bHQa186kG2DyCFotv9Hayb6YKxOhQ8E2d7sOsNwRe2ANsWvMYtVn26mCbva+nW+LUPxiLhIFjEGznQl8UI7BourBArI71WjEthzoY9GPR2UFBOpYpptdw4QouiY+yZE+41DxGEi7sYPy6uWFCSGP2vIN52Q3rlsAAJTBsGc6eL0yPYLgTonAoGmOvKhxh0Q+VK+hatr33mqwdwoV3/dwScKIERgzDOVEYbhxuCWzpEohpKeWWzrwbv1sC0S4Bl+GiXeLu97bqEnAZbquufjfz0S4Bl+GiXeLu97bqEnAZbquufjfz0S4Bl+GiXeLu97bqEnAZbquufjfz0S6B/wegJvRG/6+c+gAAAABJRU5ErkJggg==\",\"name\":\"神领物流\",\"status\":true,\"updateTime\":\"2022-08-30T19:16:03\",\"updateUser\":1}],\"searchCount\":true,\"size\":20,\"total\":1},\"isError\":false,\"isSuccess\":true,\"msg\":\"ok\",\"timestamp\":1695012188007}',NULL,NULL,'2023-09-18 12:43:08','2023-09-18 12:43:08',282,'Mozilla/5.0 (Windows NT 10.0; Win64; x64) AppleWebKit/537.36 (KHTML, like Gecko) Chrome/117.0.0.0 Safari/537.36 Edg/117.0.2045.31','2023-09-18 12:43:08',1),(1153310244592418977,'192.168.150.1','OPT','平台管理员','租户-查询当前租户集合','com.itheima.authority.controller.core.TenantController','currentList','/api/authority/tenant/currentList','GET','[]','{\"code\":0,\"data\":[],\"isError\":false,\"isSuccess\":true,\"msg\":\"ok\",\"timestamp\":1695012189968}',NULL,NULL,'2023-09-18 12:43:10','2023-09-18 12:43:10',0,'Mozilla/5.0 (Windows NT 10.0; Win64; x64) AppleWebKit/537.36 (KHTML, like Gecko) Chrome/117.0.0.0 Safari/537.36 Edg/117.0.2045.31','2023-09-18 12:43:10',1),(1153310244856660161,'192.168.150.1','OPT','平台管理员','应用-查询当前应用集合','com.itheima.authority.controller.core.ApplicationController','currentList','/api/authority/application/currentList','GET','[Application(super=Entity(super=SuperEntity(super=com.itheima.authority.entity.core.Application@e5f50f50, id=null, createTime=null, createUser=null), updateTime=null, updateUser=null), name=null, code=null, status=null, describe=null, url=null, color=null, logo=null, lastUseTime=null)]','{\"code\":0,\"data\":[{\"code\":\"1653976591227\",\"color\":\"default\",\"createTime\":\"2022-05-31T13:56:31\",\"createUser\":1,\"describe\":\"神领物流开发环境\",\"id\":981194468570960001,\"lastUseTime\":\"2023-09-18T12:43:10\",\"logo\":\"data:image/png;base64,iVBORw0KGgoAAAANSUhEUgAAANwAAABGCAYAAAHQoMoyAAAABGdBTUEAALGPC/xhBQAAADhlWElmTU0AKgAAAAgAAYdpAAQAAAABAAAAGgAAAAAAAqACAAQAAAABAAAA3KADAAQAAAABAAAARgAAAADSHK/uAAAePUlEQVR4Ae1dCZwU1dGv3ZnZ+74PFo1GjcYYNd5Xohg10agxioqKSLxFQEQ8IqiIIKIoKIiKgopiEs94E+OtMfHMp4lnjMLCsgd73+dX/+qp3p5mZnZ2bcbZpev3m+nu916/fle9o169f8V9e9I+fRRFio/it+RTYT84+k//oMyx5ziaprhgRZo14RLK+PUp1NfTTXEer3xw7dh9CQlQanrhz5Sy76HUXV1B3vxi8mTnqZcZPsDB/xA0h/gYSD/mDxtwqbvvZvlI4o4/2fxjpx0ckDjri0FzGJeSSqkH/JKaX3rSfBE5dIKC5rCvtYVyzr3S/Fhfd7d8q+zht8xvZp50No164BV5jktMIiRSizx38mzycDEHo6A5DBbQKbegOXQq8mDxRDWHUc1dyI/lXTLXrPxgRTIUt6AfQwtL2X8MKYPHJSRS6fIXJX74FVyzVBKC++S9DD7DPVpnOAr6MX0BEYD6OjvIk5Fl5rTqugs1CKWNOd68B/t4C0rMcKaH/yZkAyn74ztE6Ma8PgnqBJMbHaItCZojsnwoPjWdCq+/mxoeW0F93V3S4/TU1ZAnJ586PvsXpY45jtrefY0aHllGhXOWk7doFK0/+6iAmEPmLCCUQw9h68yhb5jRRDVn5lejdBPVkoxSnszPBGUA09d2U3jDvZS4w642V+Oxat4l1P7h26Zf/tWLqXrOZHkuXvwoVUw+UZgCnaGdNl4+nig+nooWPCQcvnHGGRIkLiWN0o86iRofX0Hx6ZlUcvvjVD5hjP31kM8RN0uT4/1RBetaEEbdcb+BM1TCGVNqePReav/PB5S0y56UeeLvqfN/n1PCD3Yy3on30OhH+gsH72gn3dPcQHG+RI2Gys/4uXkf7ibiZll+1uEB8SDx9l9vR3tAmO6N66hz7X/FrfHph7jbu5e8uQWSsXXjf8G9fS+1vvdGwDvBHlpff0EyFM9zIPwipYgzV3rfX8042/71jpRq3f23mW64qVtxi/nc+s9XKe2IE2jj9HG09pT9qf7Bxdzkeij3omvk3b72NvJtuyPV3DSd8qZxU+3tkbkzaquP70Flj/yd0NzTf30yYTKHCeC60w+hrDOnmt8JdxNxs9RIUg44nPKm3qCPcl077iAiHohijQaduVjLQLj0RNwsw0USq35uzcVqzQyUrhHdLEd05gY1/UIziOcV1ij/kq6vq5PWsbgkVmlQNYcZiWYMGYrzJZizFGsGMa9USj3sWL2lovkPyA8Oep83fb74Fy9cHXDVMOLIf6NW/k1vI75GnDlkzEobLj7B+hiwDk7Ydicz0968IvKO+gEl7b6fzCMrZ54j73mycslbPJpqbr5cwvpGbUdpPEnGVad1vW0tlPDDHxMm3huvmBDwvUgeIhsKvF4abZF5tX/yLlXNnsRL4gLqqa2S7/hG/5C61n4l9/aCgGPV3CkUl5hMfW2t1NvazIneheJ4sowpWsXUsZIhnShLJPzX/LenqH71UipZ8pQ6ydXZiXNvb0DkSbvuLYkpvu1PZinHp2UEhOniSTOojueU5RN/Kfdt/3iFEn+8J68GPpNnT44hWzULw+MhzFfrHlgk/vWr72TB8HkyWe788mOZPNfccrn4RfIXWbO0ZU4jjk9K1lsqvPZO876VM4H1G1YEGb85jQquXUbtH70jBZH52wkygc6ZOJ0yjj1Dak2XSUm77SsC5aZnDf4btfwFqltu8KRGHpeUorcDXiNqlughexvrJbKC2XdRx6cfSZMpveOJgA9oIgMcv8eHiGoOGVMm92TlUU/9Juqp2hAy2ViqQIyVPWEalT38pvSM2HdI3HUvyho/hSBT83BHg2WMUv4fFvFKvUzCq9uoFS/Jd81n7jHLbAta9Qt2jShzeLF6wQx538fys5yzLg34KDystSZNiZdAKQcavAZ/H/egoDZenNaDp+LiKIV3B0AYLpJ+so+ISLVTgjtke61/N4aAuORUav3na1S7bHMxBcIGo4iapfVFlHocJ0yp44uPqfLqs/Uxpq6DzlxMpX6AxETcLAeIJya93czFZLVEkKgRzXMR5H/YBhnRLDdsayWChLsVF0EhxWIQt+JisVYiSNOgJV8RxGkG8ZZsQyW8Uo+EsIu//ryjIwnqhuES2CKTk9J7nidPZk7YAu5jqUXbB29Syl6HbBZu09LrqeXVZwLcsdMMLRdIErG866osp8zjzwwIow+QQ/nKtqfsMyZTx5efUHxyigjUsNyENBGEzdyehlqWbVWLqpwK4DZM4Y3gRcZGMMKraKfRL/XQb9SzmEf9rOHU3361LnXtfkN5dpzjNDP2xEAuvWHy76hnkyEEtPsn7/NzSjv8t5S8+/6Ue+FM3lSeSBsm9UtFa269ihK235mK5q3k5kbU8PBSs+IgW0MlQb42yr/3i2cIQnyl21LdyoUc5ywRYKDCusq/praPWAjCESWzJLW3uZHSjzlV3LLPmm4mDWpTm5ZcF6COmDXuIvFHxSl5eBN83YTDqGzly/JNNDylgqtuM/eI1c2Jq6MVFx+Gy8AppXc+LWlWmYSdM5vWPBYghLFmMOP48aSFlrLfGMrhilCC2Brk5Uqykrqj0kDJe/G+NlPTmscJMsXGvzwoFYeCb3pmtfxwr+n0Fo7ib15I7f9+n5J+/DNq//RDeV//wEWZp5xPyXscyCqihgiw5rY/iCYDhLrKZdU3TtNXHLs6Ojnp5a4nEoJSLTjT3p2mH/E7cRc/LkArNT75AEHIC6qE3h6r2Skl7210t3lT54hTd02lCILRHaPwwFEgVA4IXA1KP+Y0ueKvYNYSFulzj1C3yXRDxYJa3nhBrrV3GvHLA/9BDJl5wlnU/PJfKOWgI8S54z+Blathnb46WnFIHAoK6iZQ9rFTxTRWz/arltj97M/a6u3ueO5gDqi9a67xLf5e81+N1r7hgmPFrbv8f6L20tvSJA0B2xcoXKUkrjikE90vCFxSNfsiamaOt1LO2YaINvN3E8W5YNZSudatvJUgzU/+6X7U8iZrnXKe0n91svVV8x57PQVXLRKtLtPRgRvHJyfgFrT4qjmTqHvD2rBJhN586V3PhgyjXU3IAFuxh+McV87Kt968Ql4G/Nns9lCZ+Pl4WzXjtxNM91CVBq24YJWGOBK4m8XOCnYqsbsCwg5LCW8z6YxRT3hgtwXf8JVtx7rWaZT4o90p5eCjZOclmQ9e4B0lUTrzP+i+dPEiPqDBExTfNjtQzvkGdyINIOzwYEIDsupWYkcneb/DeENkB/Ej3mjEvoN9/DU8h/7vOMdpUqBZXboscEqvfqGu0ACsvmFKKG/X3VICW6ziLN8wbzHrxEwP6yqsoborec8ywjHPjMS9kRJwdDkwUJli1hnpzHOguLZ2f8fHuK29QKOVf7fiolXSDn8nqmOcw2nfqqNzOW6YVr9bcW7FDdMSGKbJdjnOrbhhWgLDNNkux7kVN0xLYJgmOyoiL2xQArfHvnGKQ/04StD5tXGEZ5iW4feS7C26AC+YeQef59g7oozVLJ5JrW+uiSisG2gLaXnFZ2TzGU9ju38whYzjjOVnHhb0FXAtFIrq7l1A3RXGATwNiOOPLa88Q41PrFQnc29OHTbdfo0AOSRsv4s6mVfBJfE/6RnSimm818Z7acULVlEXbwhDC8xKhfNW8gnGeLK+C//Se9cwJpqHNi2dTW18wGhLkeMcF+k+XMtbayj1QENPw545+yYqzrSmHXqsbGr2drZT+/tvCcRI8c0P21+VZ7yPDc/umo2sQ1IjIDTAW/Fk5bCm2C4EhSAPNy5groBQ+KMeeJWsBxoRR9qvxsqpsvbPPqLO/34qYfHX9v6bDCvlFZWETctuEO20RD6KGoo6vvoPVV51VijvIbk7PsYNtHkK3Y9aziwOGYequJKlT9GGC48zM4SzvYmsZQWOjOejcih40dHjfygOFTLCGLSsoN5nJRxrBXIQdt6x4929/n+yHxiXYGDCYH+wftVieQWV1tfXZ56Qw845ILdASbxzjp+SKBT59xFzz/+DsVvPXDZ69duEhlV+emRgOhrfUK6OLgdUfS5YQppefFQyiEoDQaEHrRq/9Rceyxx0H0H3EoTT4zj7qNTClb3+7CNFQQdu1uOGvY11EqyXsW+UAFoIamXtLEAwtbzxIiWw+kJ8WqboSHYwB0GvEpWVN9nQgcRzO+/AK3V++yVtuOh4qn94CVVcdrpca+64Vr3NSsXYDCq9+3m51iy8ik+97y8/qFeA8zF0OE2OVhx0H0NR+pEnUuIue5je0AEh1rUE9bByUcMf7xIgB1QkwOTskxrofuh5UUPvo0/eLb7FULnLOGacPOMP3TW6RlDt3TdS09OrzGe44dw2ZrhWxdXquVMJPyXcAxMQjREn8nHtre9XP2xmwFBQ7gUzpTEAZxC6MtA/ybv0RvllnTFF3HIvvlbCOvnneFcZLnGFfNgdBBVxPfSu4TEWVV5zPgEuq3LWuQEchzCqkAOEKIwvStU3z6D86TdRy+vPUeohvxbnhG12FKVUYIdZqf2T9+QRFQuN5nCExrHpjuskCJRhQb0tjXLVP2hQ48Qz0t7HlQbMRjQ8vFvLwKw4xA/FqS2hR9NfApqa73CFAipmWgMR9AztBFU9gLdBbXz9uVwBPN4oAdtVqe39NwQaF+MeSGeYPX6AAbi1vvM3KUDcg1CQAMMMRwYX94dA41KQTJxZCEZZp02S/AJiEpUWTRq4lAeRmmrGVvuuBGWiUttSovbueQEVAaCQxB13lU/lnGeozaWwSpyVoD6XctCRplPjc4+Y9+kMdQECop9SG3ef6y/4jT5Kj5C854HyHB8CygKN1Kr4i3ExWuRoxbV/8BZ1bSz/zmnHVB1jRiiCFjPUwoE3ovggQInp+OrftM6/DsQpnDzWcYQeJ6jpL6tEWxkHPjBWdjLqDAD60LWBqpnD7AdScN4B4UBdPJnSNWAfzxxTf250y9qdIkwnnwyKFjlacUh0BZ/IqeeTNHaC/n7L68bMy+4X7Dlpt32COZtu6CKBrogfqOW1Z3mtNJEhflrkuWLqSXLNOvUCucqJHB5zgF+EbnDjdIPryh56Q/xD/QHhA9T63usElXSMsZiYaPeNxqrU8eW/9Vaum243DpvYu+GAQEN8cHQBnv37y0SyoWnx8MCcwWfYUvY/nDyMiKqtG5lOO/x4DRb0WrN4FovAXgzq5zry3C0Yfv5QCwaq2/E8zW94YiU18OJ3IMo+53JK/+UJQYPhgKFOPIIG2ModHe0qN/pxeIBrhe4Bv7JVrxPkerlTjIUuyluw1VkyEarSEMZeacCuU9Qk7XqKbn4IQQnAYtkMeARSvX/caxpwD5i3gll34LbfndHSlAA8LgS4YU43pDegNF5/wjoBIOFSWEQXz5MngCHBDff6DchSi268v/+d1ezPa8Wimx6UswPi4eCfoxUHaUi3H3ZO04hKSuSTpBBvYSIBMHxUpt3ChYbHtcI//ljdsDzoZJlfMOrkSYmKp+z+sKgByh4/1Zxc4Bndth6jwrNS1vjJtPbk/ajj8/8Tpxx0//ctEOBsDUO87OnlY2TQykY8OK5sPaKFd9adeqChtc0Nof3jf5qvOnXjaMUhURvO/41IC4IlsIztaAy03oHQ1grpZcbD0M6oBMB64WQoOKj943fFG5IWoNkJ8YzRiiYJURqoi+WUItLymwLI5UOQzS8bXAV/SFLwXstrz1HOeVfyWvEwOMu6spfXgIk/+qk84w+yT0hmUg/tXz6YnnyDtWjKIb9iEVuG4CfG4eyzw+ToGGdNW96Mm/lgfvCFqzWc9R5nxLsdWE5Y4xyp91us4qTAWGJewMdtcR46HNXwXhkEwi5FXgJbtuJs6QBsY3xGJoufOqX/h4zPpaGVgKOyyoGSAAEy+eFjBwrr+ocvAccnJ+E/5/o6VQJuxTlVklGOx624KBe4U59zK86pkoxyPG7FRbnAnfqcW3FOlWSU44nqOi7KeXM/55ZAzJWA21PGXJW4CRrJJeAy3EiuXTdvMVcCLsPFXJW4CRrJJeAy3EiuXTdvMVcCLsPFXJW4CRrJJeAy3EiuXTdvMVcCUdUSimbu4/l0CQ4w4NxVXFKSWOXGAXGcjerjaw/OA7sI3tGsEvdbXALDnuES+ERq+pEnEU6i4gDiUAkYJM1rHqXWt18a8LjxUL/hvueWwPDb+GamAo4bUDHi/Oc2tkQ1wuJY7T3z2SzQt1siejfOrbQEhg3DATiq4IqF5C0oiWpVwVha3YqF1Mx4SJGSj5FTiv2GPPEOzAvWLZ9vvg58IfsBaphpgs1IEE7ktX34thkeNzhM3V21gU0WHkL5MxYE+NkfFH8QlvCS2BxUJNTFHUvF1LESFKYUfSWj5b5uxS2GbUxLJHoQHHA9RXNXmD7NrzxNdst6pqflJo/Tr4ZVYSAOFnEBYoJzXQlqQsoSHmg0cZajpzDohp+dOr/5kmocwPuwx+vkc+wzHI9ihbPvokQ+v/tdCIyDRtvw+AoxZge7Yr5io1FFEi/AxSpnnhMWCRUnLGG3MxxVL7xSRs1QcH+h3lUIJivagRXVwMMdUanflhpQeQAkZqesM6dSxtGnijNMUNavMs5TW8OhQ1ObbCiz8vGHyrFhaxhlOJwJD4WeZw2v93X8vSa/6cvixY+Rr2iUeAG6ELCFgIPyZBu2UhN33oMUXAaBOhiysI3zFY6AiAdYqVimmF7DxTOmZOmSp4a0NsM5cJihbnjifurxn/3WisBoAgCZ7oq1jL+VIcd8cXwYx31DEdaHOJBfy+CmoUY7YJ4oIBviyZ10jYkphueNV/+eOr/4hHyjt8ejSRWXnioIe7CeDGp85mFq5I5BrSqbAfkmac8DzMcuBuVR8IIKbrAYGRN32k1GQWKko4Krbw85wgFbDD8lMCgYFaAEShhVcEbfTvgm8Gtq75onP7u/PidstxMpZpu64Vq88BGT2fAMLLWci2ZR7ZLZeJSj4VZmq3vgNtOmrQTw/8Goouah65svqPGpB63eMXkf0wxXfNOqQTMbQA/qgMntB0oIVuqAqMRvIAIYXsoBhzPi09EMF8ZWPZkAooD1HUAlwlHh7LsDzvgbaFHBz+2jkQMDQAnTqmBYALDy6fXjzQF7HLgGwCoAlkAqWw1teeN5YTisbZP36GdMxAsAP2tnALfUXxwjZtZxn3nKecJwQES2oiITEEMeCZze6giH90rvfk7wWnEPrAVgrSrhm8EIHU/psmdNEF6ATCmzAVHSjpgJkAz8whFAeTuZ6ayAF+HCf19+MctwGG3U5PpgCgfgvUXX32O+0s6WuBseXU4dfnRKeCQw0krRvJUSBlsF3ZXl3Hj/Kw0YKJaKuIz1BYxTq4FqvAAQDV/ptqEZjht7CUPk2NeaGO1AaJRAYrESrIdbCfAGwSAOAMuNdZJSzgVXUxeP0vihcwAsnPoDDsdOWadfzCPC6eKMKWUHj7ZDoRxmKnRsXd9+ZdYRTvBjraUE46mhYOj6WlsEhbSY4XpAqQwmAjg8WHcHBm/96qUaTT/gJQOfmOQHwQRYimIHY6tnOGzzxCzDAZbOCUpi/OAkFh4oQfwPBlQIWQAxJ/DIgZ+dZN3H2wT1DP2qkBAAhA5FaORARwXCt5U6vvjYHCGBj1W94DKrN0U6pcTeIjqUYGTvoKydRLDw4dx8o3/I09KDZWqKzslOadzpAIDGawGuaX339QAgG4UZtL+rz5gCAhcFHQUI0ExC3GGNZnvgSgp2UzAT0+O9xVlHa+A4A3IXpGtceYjhv9hluPZWwfNP/tlBjhYfph6QdkZCWMOkMqosfmC+qjmTA0ZKexxgtI1XGqNV9sRLKXm3fSUImBUw/Wio3sLSgHWSPQ591oaoz8Aua//XP6hi2immk/UGoHTJDAIHAkSWfRSFe7wFbhgI8MHIPhXGNC1h2x0DguqUssgPXA7Pzq8/pXRGeVdqffc1vQ16hZRWMT4RoOr6SRIucYd+4VhPU8OIQ5aKWYZD6VfPv5TymTmsC2iple/hD8xXyCMlcNpql80NmgLB2/H79LW1BoSBeQU1sYARBCOdkiLu6zP2GK3o+1ivgdlAqb84mtddBtCsGgwBEytzIwxQi0GQyDa/9CR5S7bZTHoK5gcaMUaLXsYd7+UODlR5HQPoMr6dSUHWcPDDN2G6AQSRvhV5GQKrdjbbEApYHp0JMGiVMA1W/LwEywgeakqq7w3Ha0wzHAq0+sZpDN+ZQ3lTbwjAKA9X2DCKEudNiAg4P1w8wfzSDjtORitIG4dKEHboKKFxAIfdKqWEMbZg1PIqCxtYZS17wjTeKtnFlFJqWOynwdIPCOvWvGlzWQtnjDwDn33jjPGiMFB040qJB9sYtbzX1vr2XyVMALMZLkH/sR+o1PbBm2SdibQxKnX+ZQsC3GDIoP0jQ/iSc9E1bCbKaHrYT4OCgZJ1yox1YjjqYUtJOqXM5z08rLkrLjmZp6eN4V77Xv1ifx/OVjyAlIWBGkzz7FMda1CYBoEEz8t7PcCrx8JcK9kabij3EHyEW8shTh9LGtWqIQQIXbwpG44Aj+vJL5YgmILatzLs72LfLZ7txdgJe1GAqQUl7rw7zyM9cg8oeLs1RWATq9EhfDOUVk2CX0IrEfFfJ69JMWrqNkp31Xry5peYAgykXbc++ni0RAeDUVSI12hiKMkfWW8Tj67MKErWNMl7PK0EoTyxhQPCdg5sEYBg1ycB2yx+Bhbps3WEllCx8xezDIcpCvaAAIlbd/9tRg9sMdESsgi5gaEhwNaOVoo1rMDnHzde1lND1b2EmbMO3hpwyS2BwZZAzDIcMgKxd1oQbGos0Ds+/5iNK37GvfbnYillUCJh3sROG3McZRzHhqVyDSlXpAUHC5sVl4ztF1eHeBE9NQcyRhWeToHQS8PiSy/32rDfFMcSUh1VsMcGs3cYaQy/JNGIkfd4zdfTWBtg8QwjvbeoVOLFH0YQ7WAwanmLywLciDsg2evr7eM0VAaMKmYkfINRFp2V3VIAwiCN8ckpkie7PSlM+32lP2B88m84nZskSqzVPPlFPMJ9bYrsMTJ7+RuQUmJkg2jfW8ijo4W0jLysXgbgYEwdlWAdwMejq4x+OnXk7ZLEHX4iNiC7omjKSNM0mGv8YAJHOyz08oJJuxK225nS2VIphAfFbB4CG7NqokGvGSdMMJOLBpjO+0+l9zxvhGPLOVi7DJrZWBReMX1cWGZTcxFJu+3N5m+/7d+PYybHRj5MFYLA7FhfKRXNW0HFix4VoYj4TZmjXqLals6mJ6wEPUbEB8J0VZkNz1g/YW+vZMmTptjdk50v4cGIEPXDrpddnxPvYh2Zy2ssK0G4gnL1ZGZL5wbVLwD9g8CgMJOB73WwcAcWZ5VgoxJpVOloARs/zZ8+XzRidPqMqS7Sj/dzzrlC7tEhgWA3M2vchXKPmYl8h437dLAUVg3OQcgCY6aegmKZDVn3AuXFGPszVq4xlihrcmoWzBA7KNCnjPR0AKahWLtANUrXGdY4h3Jfs4gNkrPJ5IEIvfvaU/YXDRUo9qIBlE88grmiM0CahymzXQEXisKwFtXLG8ORUhJvPfiKRovZEIwYKQcdQTD5BTNbkJTCyoXoVVqm4+2fvE99LKzA+nZz6tvMCRJJbIvALJcwCI9i3kLjXYyaGBEhKME6GSc5YHSvbvlNm3VMVTwV9/EWQ97F10nHA73StndeNr63+WcD0mF+50M2E8Z5wQgHgiRz7WkHUxpLb4vm3y9lXDH5xIB3Y+kh5hlOCpU1M9aNO4gStvuRaJR7LRoNwQoTGipZY88N5jUoNzTg6luuCLv3Zo8QDJ7JtumSf7ovm6TpMLTn/eanK644k+32sKWuY06ThoLORAmaLjCLDSlb/pW3CrOYfqxGlrzPofKDgKLmpsvkEC0MHJr2X7lsoKGBs4G1fDKhmU8ooHHnTrpWOixMIxEe9mHTWKWrZtHV5laDfgfXbjYo7C3Zlor8ttSr5kyihj/dwyPbN1R43TLZ1IfOZT0bHQa186kG2DyCFotv9Hayb6YKxOhQ8E2d7sOsNwRe2ANsWvMYtVn26mCbva+nW+LUPxiLhIFjEGznQl8UI7BourBArI71WjEthzoY9GPR2UFBOpYpptdw4QouiY+yZE+41DxGEi7sYPy6uWFCSGP2vIN52Q3rlsAAJTBsGc6eL0yPYLgTonAoGmOvKhxh0Q+VK+hatr33mqwdwoV3/dwScKIERgzDOVEYbhxuCWzpEohpKeWWzrwbv1sC0S4Bl+GiXeLu97bqEnAZbquufjfz0S4Bl+GiXeLu97bqEnAZbquufjfz0S4Bl+GiXeLu97bqEnAZbquufjfz0S6B/wegJvRG/6+c+gAAAABJRU5ErkJggg==\",\"name\":\"神领物流\",\"status\":true,\"updateTime\":\"2022-08-30T19:16:03\",\"updateUser\":1}],\"isError\":false,\"isSuccess\":true,\"msg\":\"ok\",\"timestamp\":1695012190038}',NULL,NULL,'2023-09-18 12:43:10','2023-09-18 12:43:10',21,'Mozilla/5.0 (Windows NT 10.0; Win64; x64) AppleWebKit/537.36 (KHTML, like Gecko) Chrome/117.0.0.0 Safari/537.36 Edg/117.0.2045.31','2023-09-18 12:43:10',1),(1153310245733269729,'192.168.150.1','OPT','平台管理员','角色-根据条件查询角色列表','com.itheima.authority.controller.auth.RoleController','listAll','/api/authority/role/listAll','GET','[Role(super=Entity(super=SuperEntity(super=com.itheima.authority.entity.auth.Role@765f09e7, id=null, createTime=null, createUser=null), updateTime=null, updateUser=null), name=null, code=null, describe=null, status=null, readonly=null, dsType=null, repel=null, applicationId=null)]','{\"code\":0,\"data\":[{\"applicationId\":981194468570960001,\"code\":\"1657524202880\",\"createTime\":\"2022-07-11T15:23:23\",\"createUser\":1,\"describe\":\"\",\"dsType\":\"ALL\",\"id\":996074230309245665,\"name\":\"分拣中心管理员\",\"readonly\":false,\"status\":false,\"updateTime\":\"2022-07-11T16:43:57\",\"updateUser\":1},{\"applicationId\":981194468570960001,\"code\":\"1657524165002\",\"createTime\":\"2022-07-11T15:22:45\",\"createUser\":1,\"describe\":\"\",\"dsType\":\"ALL\",\"id\":996074071437397857,\"name\":\"库管员\",\"readonly\":false,\"status\":false,\"updateTime\":\"2022-07-11T15:22:49\",\"updateUser\":1},{\"applicationId\":981194468570960001,\"code\":\"1657524109022\",\"createTime\":\"2022-07-11T15:21:49\",\"createUser\":1,\"describe\":\"\",\"dsType\":\"ALL\",\"id\":996073836908694177,\"name\":\"客服\",\"readonly\":false,\"status\":true,\"updateTime\":\"2022-07-11T15:21:49\",\"updateUser\":1},{\"applicationId\":981194468570960001,\"code\":\"1657517454970\",\"createTime\":\"2022-07-11T13:30:55\",\"createUser\":1,\"describe\":\"\",\"dsType\":\"ALL\",\"id\":996045927523359809,\"name\":\"调度员\",\"readonly\":false,\"status\":true,\"updateTime\":\"2022-07-11T13:30:55\",\"updateUser\":1},{\"applicationId\":981194468570960001,\"code\":\"1657517267777\",\"createTime\":\"2022-07-11T13:27:48\",\"createUser\":1,\"describe\":\"\",\"dsType\":\"ALL\",\"id\":996045142395786081,\"name\":\"运营人员\",\"readonly\":false,\"status\":true,\"updateTime\":\"2022-07-11T13:32:16\",\"updateUser\":1},{\"applicationId\":981194468570960001,\"code\":\"1655970864670\",\"createTime\":\"2022-06-23T15:54:25\",\"createUser\":1,\"describe\":\"\",\"dsType\":\"ALL\",\"id\":989559057641637825,\"name\":\"快递员\",\"readonly\":false,\"status\":true,\"updateTime\":\"2022-06-23T15:54:25\",\"updateUser\":1},{\"applicationId\":981194468570960001,\"code\":\"1655970857665\",\"createTime\":\"2022-06-23T15:54:18\",\"createUser\":1,\"describe\":\"\",\"dsType\":\"ALL\",\"id\":989559028277315009,\"name\":\"司机\",\"readonly\":false,\"status\":true,\"updateTime\":\"2022-06-23T15:54:18\",\"updateUser\":1},{\"applicationId\":981194468570960001,\"code\":\"1655903923152\",\"createTime\":\"2022-06-22T21:18:43\",\"createUser\":1,\"describe\":\"\",\"dsType\":\"THIS_LEVEL_CHILDREN\",\"id\":989278284569131905,\"name\":\"营业部负责人\",\"readonly\":false,\"status\":true,\"updateTime\":\"2022-07-11T13:30:19\",\"updateUser\":1},{\"applicationId\":981194468570960001,\"code\":\"1655176610005\",\"createTime\":\"2022-06-14T11:16:50\",\"createUser\":1,\"describe\":\"\",\"dsType\":\"CUSTOMIZE\",\"id\":986227712144197857,\"name\":\"后台管理员\",\"readonly\":false,\"status\":true,\"updateTime\":\"2022-09-16T16:50:00\",\"updateUser\":1}],\"isError\":false,\"isSuccess\":true,\"msg\":\"ok\",\"timestamp\":1695012190169}',NULL,NULL,'2023-09-18 12:43:10','2023-09-18 12:43:10',223,'Mozilla/5.0 (Windows NT 10.0; Win64; x64) AppleWebKit/537.36 (KHTML, like Gecko) Chrome/117.0.0.0 Safari/537.36 Edg/117.0.2045.31','2023-09-18 12:43:10',1),(1153310246161088769,'192.168.150.1','OPT','平台管理员','组织-查询系统所有的组织树','com.itheima.authority.controller.core.OrgController','tree','/api/authority/org/tree','GET','[null, null]','{\"code\":0,\"data\":[{\"abbreviation\":\"\",\"children\":[{\"abbreviation\":\"\",\"children\":[{\"abbreviation\":\"\",\"createTime\":\"2022-09-29T18:15:46\",\"createUser\":1,\"describe\":\"\",\"id\":1025108643500246881,\"label\":\"光明区营业部\",\"name\":\"光明区营业部\",\"parentId\":1025103512826260673,\"parentStatus\":true,\"sortValue\":0,\"status\":true,\"treePath\":\",1025103176946395585,1025103512826260673,\",\"updateTime\":\"2022-09-29T18:15:46\",\"updateUser\":1},{\"abbreviation\":\"\",\"createTime\":\"2022-09-29T18:15:30\",\"createUser\":1,\"describe\":\"\",\"id\":1025108572721366561,\"label\":\" 宝安区营业部\",\"name\":\" 宝安区营业部\",\"parentId\":1025103512826260673,\"parentStatus\":true,\"sortValue\":0,\"status\":true,\"treePath\":\",1025103176946395585,1025103512826260673,\",\"updateTime\":\"2022-09-29T18:15:30\",\"updateUser\":1}],\"createTime\":\"2022-09-29T17:55:23\",\"createUser\":1,\"describe\":\"\",\"id\":1025103512826260673,\"label\":\"深圳分拣中心\",\"name\":\"深圳分拣中心\",\"parentId\":1025103176946395585,\"parentStatus\":true,\"sortValue\":0,\"status\":true,\"treePath\":\",1025103176946395585,\",\"updateTime\":\"2022-09-29T17:55:23\",\"updateUser\":1},{\"abbreviation\":\"\",\"children\":[{\"abbreviation\":\"\",\"createTime\":\"2022-09-29T18:16:20\",\"createUser\":1,\"describe\":\"\",\"id\":1025108784911206497,\"label\":\"越秀区营业部\",\"name\":\"越秀区营业部\",\"parentId\":1025103442882046977,\"parentStatus\":true,\"sortValue\":0,\"status\":true,\"treePath\":\",1025103176946395585,1025103442882046977,\",\"updateTime\":\"2022-09-29T18:16:20\",\"updateUser\":1},{\"abbreviation\":\"\",\"createTime\":\"2022-09-29T18:15:59\",\"createUser\":1,\"describe\":\"\",\"id\":1025108696675633121,\"label\":\"花都营业部\",\"name\":\"花都营业部\",\"parentId\":1025103442882046977,\"parentStatus\":true,\"sortValue\":0,\"status\":true,\"treePath\":\",1025103176946395585,1025103442882046977,\",\"updateTime\":\"2022-09-29T18:15:59\",\"updateUser\":1}],\"createTime\":\"2022-09-29T17:55:06\",\"createUser\":1,\"describe\":\"\",\"id\":1025103442882046977,\"label\":\"广州分拣中心\",\"name\":\"广州分拣中心\",\"parentId\":1025103176946395585,\"parentStatus\":true,\"sortValue\":0,\"status\":true,\"treePath\":\",1025103176946395585,\",\"updateTime\":\"2022-09-29T17:55:06\",\"updateUser\":1}],\"createTime\":\"2022-09-29T17:54:03\",\"createUser\":1,\"describe\":\"\",\"id\":1025103176946395585,\"label\":\"华南转运中心\",\"managerId\":1024705709255773345,\"name\":\"华南转运中心\",\"parentId\":0,\"sortValue\":0,\"status\":true,\"treePath\":\",\",\"updateTime\":\"2022-09-29T17:54:03\",\"updateUser\":1},{\"abbreviation\":\"\",\"children\":[{\"abbreviation\":\"\",\"children\":[{\"abbreviation\":\"\",\"createTime\":\"2022-09-29T10:38:26\",\"createUser\":1,\"describe\":\"\",\"id\":1024993548853984385,\"label\":\"江汉营业部\",\"name\":\"江汉营业部\",\"parentId\":1024991961163118369,\"parentStatus\":true,\"sortValue\":0,\"status\":true,\"treePath\":\",1024990726519403457,1024991961163118369,\",\"updateTime\":\"2022-09-29T10:38:26\",\"updateUser\":1},{\"abbreviation\":\"\",\"createTime\":\"2022-09-29T10:37:56\",\"createUser\":1,\"describe\":\"\",\"id\":1024993422324415489,\"label\":\"武昌营业部\",\"managerId\":1024705709255773345,\"name\":\"武昌营业部\",\"parentId\":1024991961163118369,\"parentStatus\":true,\"sortValue\":0,\"status\":true,\"treePath\":\",1024990726519403457,1024991961163118369,\",\"updateTime\":\"2022-09-29T10:37:56\",\"updateUser\":1}],\"createTime\":\"2022-09-29T10:32:07\",\"createUser\":1,\"describe\":\"\",\"id\":1024991961163118369,\"label\":\"武汉分拣中心\",\"name\":\"武汉分拣中心\",\"parentId\":1024990726519403457,\"parentStatus\":true,\"sortValue\":0,\"status\":true,\"treePath\":\",1024990726519403457,\",\"updateTime\":\"2022-09-29T10:32:07\",\"updateUser\":1}],\"createTime\":\"2022-09-29T10:27:13\",\"createUser\":1,\"describe\":\"\",\"id\":1024990726519403457,\"label\":\"华中转运中心\",\"name\":\"华中转运中心\",\"parentId\":0,\"sortValue\":0,\"status\":true,\"treePath\":\",\",\"updateTime\":\"2022-09-29T10:27:13\",\"updateUser\":1},{\"abbreviation\":\"\",\"children\":[{\"abbreviation\":\"\",\"children\":[{\"abbreviation\":\"\",\"createTime\":\"2022-09-28T19:59:46\",\"createUser\":1,\"describe\":\"\",\"id\":1024772425923018049,\"label\":\"长安区营业部\",\"name\":\"长安区营业部\",\"parentId\":1024772115791985729,\"parentStatus\":true,\"sortValue\":0,\"status\":true,\"treePath\":\",1024704844486756641,1024772115791985729,\",\"updateTime\":\"2022-09-28T19:59:46\",\"updateUser\":1},{\"abbreviation\":\"\",\"createTime\":\"2022-09-28T19:59:16\",\"createUser\":1,\"describe\":\"\",\"id\":1024772301733870785,\"label\":\"碑林区营业部\",\"name\":\"碑林区营业部\",\"parentId\":1024772115791985729,\"parentStatus\":true,\"sortValue\":0,\"status\":true,\"treePath\":\",1024704844486756641,1024772115791985729,\",\"updateTime\":\"2022-09-28T19:59:16\",\"updateUser\":1}],\"createTime\":\"2022-09-28T19:58:32\",\"createUser\":1,\"describe\":\"\",\"id\":1024772115791985729,\"label\":\"西安分拣中心\",\"name\":\"西安分拣中心\",\"parentId\":1024704844486756641,\"parentStatus\":true,\"sortValue\":0,\"status\":true,\"treePath\":\",1024704844486756641,\",\"updateTime\":\"2022-09-28T19:58:32\",\"updateUser\":1}],\"createTime\":\"2022-09-28T15:31:13\",\"createUser\":1,\"describe\":\"\",\"id\":1024704844486756641,\"label\":\"西北转运中心\",\"managerId\":1,\"name\":\"西北转运中心\",\"parentId\":0,\"sortValue\":0,\"status\":true,\"treePath\":\",\",\"updateTime\":\"2022-09-28T15:31:13\",\"updateUser\":1},{\"abbreviation\":\"\",\"children\":[{\"abbreviation\":\"\",\"children\":[{\"abbreviation\":\"\",\"createTime\":\"2022-09-29T09:49:44\",\"createUser\":1,\"describe\":\"\",\"id\":1024981295454874273,\"label\":\"虹口区营业部\",\"name\":\"虹口区营业部\",\"parentId\":1024980990084376673,\"parentStatus\":true,\"sortValue\":0,\"status\":true,\"treePath\":\",1024980958136362977,1024980990084376673,\",\"updateTime\":\"2022-09-29T09:49:44\",\"updateUser\":1},{\"abbreviation\":\"\",\"createTime\":\"2022-09-29T09:49:31\",\"createUser\":1,\"describe\":\"\",\"id\":1024981239465110017,\"label\":\"浦东新区营业部\",\"name\":\"浦东新区营业部\",\"parentId\":1024980990084376673,\"parentStatus\":true,\"sortValue\":0,\"status\":true,\"treePath\":\",1024980958136362977,1024980990084376673,\",\"updateTime\":\"2022-09-29T09:49:31\",\"updateUser\":1}],\"createTime\":\"2022-09-29T09:48:31\",\"createUser\":1,\"describe\":\"\",\"id\":1024980990084376673,\"label\":\"上海分拣中心\",\"name\":\"上海分拣中心\",\"parentId\":1024980958136362977,\"parentStatus\":true,\"sortValue\":0,\"status\":true,\"treePath\":\",1024980958136362977,\",\"updateTime\":\"2022-09-29T09:48:31\",\"updateUser\":1}],\"createTime\":\"2022-09-29T09:48:24\",\"createUser\":1,\"describe\":\"\",\"id\":1024980958136362977,\"label\":\"华东转运中心\",\"name\":\"华东转运中心\",\"parentId\":0,\"sortValue\":0,\"status\":true,\"treePath\":\",\",\"updateTime\":\"2022-09-29T09:48:24\",\"updateUser\":1},{\"abbreviation\":\"\",\"children\":[{\"abbreviation\":\"\",\"children\":[{\"abbreviation\":\"\",\"createTime\":\"2022-09-29T09:47:54\",\"createUser\":1,\"describe\":\"\",\"id\":1024980833938827105,\"label\":\"顺义区营业部\",\"name\":\"顺义区营业部\",\"parentId\":1024980728632436289,\"parentStatus\":true,\"sortValue\":0,\"status\":true,\"treePath\":\",1024980634071852417,1024980728632436289,\",\"updateTime\":\"2022-09-29T09:47:54\",\"updateUser\":1},{\"abbreviation\":\"\",\"createTime\":\"2022-09-29T09:47:46\",\"createUser\":1,\"describe\":\"\",\"id\":1024980800111765185,\"label\":\"昌平区营业部\",\"name\":\"昌平区营业部\",\"parentId\":1024980728632436289,\"parentStatus\":true,\"sortValue\":0,\"status\":true,\"treePath\":\",1024980634071852417,1024980728632436289,\",\"updateTime\":\"2022-09-29T09:47:46\",\"updateUser\":1}],\"createTime\":\"2022-09-29T09:47:29\",\"createUser\":1,\"describe\":\"\",\"id\":1024980728632436289,\"label\":\"北京分拣中心\",\"name\":\"北京分拣中心\",\"parentId\":1024980634071852417,\"parentStatus\":true,\"sortValue\":0,\"status\":true,\"treePath\":\",1024980634071852417,\",\"updateTime\":\"2022-09-29T09:47:29\",\"updateUser\":1}],\"createTime\":\"2022-09-29T09:47:07\",\"createUser\":1,\"describe\":\"\",\"id\":1024980634071852417,\"label\":\"华北转运中心\",\"name\":\"华北转运中心\",\"parentId\":0,\"sortValue\":0,\"status\":true,\"treePath\":\",\",\"updateTime\":\"2022-09-29T09:47:07\",\"updateUser\":1},{\"abbreviation\":\"\",\"children\":[{\"abbreviation\":\"\",\"children\":[{\"abbreviation\":\"\",\"createTime\":\"2022-09-28T19:57:06\",\"createUser\":1,\"describe\":\"\",\"id\":1024771753995515873,\"label\":\"青羊区营业部\",\"name\":\"青羊区营业部\",\"parentId\":1024706903290237921,\"parentStatus\":true,\"sortValue\":0,\"status\":true,\"treePath\":\",1024706655985685345,1024706903290237921,\",\"updateTime\":\"2022-09-28T19:57:06\",\"updateUser\":1},{\"abbreviation\":\"\",\"createTime\":\"2022-09-28T19:55:57\",\"createUser\":1,\"describe\":\"\",\"id\":1024771466287232801,\"label\":\"金牛区营业部\",\"name\":\"金牛区营业部\",\"parentId\":1024706903290237921,\"parentStatus\":true,\"sortValue\":0,\"status\":true,\"treePath\":\",1024706655985685345,1024706903290237921,\",\"updateTime\":\"2022-09-28T19:55:57\",\"updateUser\":1}],\"createTime\":\"2022-09-28T15:39:24\",\"createUser\":1,\"describe\":\"\",\"id\":1024706903290237921,\"label\":\"成都分拣中心\",\"name\":\"成都分拣中心\",\"parentId\":1024706655985685345,\"parentStatus\":true,\"sortValue\":0,\"status\":true,\"treePath\":\",1024706655985685345,\",\"updateTime\":\"2022-09-28T15:39:24\",\"updateUser\":1}],\"createTime\":\"2022-09-28T15:38:25\",\"createUser\":1,\"describe\":\"\",\"id\":1024706655985685345,\"label\":\"西南转运中心\",\"name\":\"西南转运中心\",\"parentId\":0,\"sortValue\":0,\"status\":true,\"treePath\":\",\",\"updateTime\":\"2022-09-28T15:38:25\",\"updateUser\":1},{\"abbreviation\":\"\",\"children\":[{\"abbreviation\":\"\",\"children\":[{\"abbreviation\":\"\",\"createTime\":\"2022-09-29T10:05:29\",\"createUser\":1,\"describe\":\"\",\"id\":1024985257948084801,\"label\":\"和平区营业部\",\"managerId\":1024705709255773345,\"name\":\"和平区营业部\",\"parentId\":1024984540818568481,\"parentStatus\":true,\"sortValue\":0,\"status\":true,\"treePath\":\",1024982867475820033,1024984540818568481,\",\"updateTime\":\"2022-09-29T10:05:29\",\"updateUser\":1},{\"abbreviation\":\"\",\"createTime\":\"2022-09-29T10:04:58\",\"createUser\":1,\"describe\":\"\",\"id\":1024985129287809409,\"label\":\"皇姑区营业部\",\"managerId\":1024705709255773345,\"name\":\"皇姑区营业部\",\"parentId\":1024984540818568481,\"parentStatus\":true,\"sortValue\":0,\"status\":true,\"treePath\":\",1024982867475820033,1024984540818568481,\",\"updateTime\":\"2022-09-29T10:04:58\",\"updateUser\":1}],\"createTime\":\"2022-09-29T10:02:38\",\"createUser\":1,\"describe\":\"\",\"id\":1024984540818568481,\"label\":\"沈阳分拣中心\",\"managerId\":1024705709255773345,\"name\":\"沈阳分拣中心\",\"parentId\":1024982867475820033,\"parentStatus\":true,\"sortValue\":0,\"status\":true,\"treePath\":\",1024982867475820033,\",\"updateTime\":\"2022-09-29T10:02:38\",\"updateUser\":1}],\"createTime\":\"2022-09-29T09:55:59\",\"createUser\":1,\"describe\":\"\",\"id\":1024982867475820033,\"label\":\"东北转运中心\",\"managerId\":1024705709255773345,\"name\":\"东北转运中心\",\"parentId\":0,\"sortValue\":1,\"status\":true,\"treePath\":\",\",\"updateTime\":\"2022-09-29T09:55:59\",\"updateUser\":1}],\"isError\":false,\"isSuccess\":true,\"msg\":\"ok\",\"timestamp\":1695012190335}',NULL,NULL,'2023-09-18 12:43:10','2023-09-18 12:43:10',330,'Mozilla/5.0 (Windows NT 10.0; Win64; x64) AppleWebKit/537.36 (KHTML, like Gecko) Chrome/117.0.0.0 Safari/537.36 Edg/117.0.2045.31','2023-09-18 12:43:10',1),(1153310246924452129,'192.168.150.1','OPT','平台管理员','用户-分页查询用户','com.itheima.authority.controller.auth.UserController','page','/api/authority/user/page','GET','[UserPageDTO(super=com.itheima.authority.dto.auth.UserPageDTO@bb6d0608, account=, name=, orgId=null, stationId=null, mobile=null, email=null, sex=N, status=null, isCanLogin=null, photo=null, workDescribe=null, loginCount=null, startCreateTime=null, endCreateTime=null, roles=null, roleId=null, applicationId=null)]','{\"code\":0,\"data\":{\"current\":1,\"orders\":[],\"pages\":6,\"records\":[{\"account\":\"sldd001\",\"administrator\":false,\"avatar\":\"\",\"createTime\":\"2022-10-06T10:26:57\",\"createUser\":1,\"id\":1027527374507700225,\"mobile\":\"13111332426\",\"name\":\"张调马\",\"orgId\":1024980958136362977,\"orgName\":\"华东转运中心\",\"password\":\"e10adc3949ba59abbe56e057f20f883e\",\"passwordErrorNum\":0,\"roleNames\":[\"调度员\"],\"roles\":[996045927523359809],\"sex\":\"M\",\"stationId\":1024705489436494721,\"stationName\":\"神领管理员\",\"status\":true,\"superior\":-1,\"updateTime\":\"2022-10-06T10:26:57\",\"updateUser\":1,\"workDescribe\":\"\"},{\"account\":\"sl001\",\"administrator\":false,\"avatar\":\"\",\"createTime\":\"2022-09-30T15:27:31\",\"createUser\":1,\"id\":1025428687312684929,\"mobile\":\"18866666666\",\"name\":\"张成飞\",\"orgId\":1024704844486756641,\"orgName\":\"西北转运中心\",\"password\":\"e10adc3949ba59abbe56e057f20f883e\",\"passwordErrorLastTime\":\"2022-10-14T09:09:16\",\"passwordErrorNum\":0,\"roleNames\":[\"后台管理员\"],\"roles\":[986227712144197857],\"sex\":\"M\",\"stationId\":1024705489436494721,\"stationName\":\"神领管理员\",\"status\":true,\"superior\":-1,\"updateTime\":\"2022-10-06T09:50:38\",\"updateUser\":1,\"workDescribe\":\"\"},{\"account\":\"gzsj\",\"administrator\":false,\"avatar\":\"\",\"createTime\":\"2022-09-29T18:29:10\",\"createUser\":1,\"id\":1025112013736764417,\"mobile\":\"18877770000\",\"name\":\"司广州\",\"orgId\":1025103442882046977,\"orgName\":\"广州分拣中心\",\"password\":\"e10adc3949ba59abbe56e057f20f883e\",\"passwordErrorLastTime\":\"2023-09-15T13:07:28\",\"passwordErrorNum\":0,\"roleNames\":[\"司机\"],\"roles\":[989559028277315009],\"sex\":\"M\",\"stationId\":1024707535891944769,\"stationName\":\"司机\",\"status\":true,\"superior\":-1,\"updateTime\":\"2022-09-29T18:29:10\",\"updateUser\":1,\"workDescribe\":\"\"},{\"account\":\"yxkdy002\",\"administrator\":false,\"avatar\":\"\",\"createTime\":\"2022-09-29T18:27:25\",\"createUser\":1,\"id\":1025111573938823425,\"mobile\":\"17788887777\",\"name\":\"王秀越\",\"orgId\":1025108784911206497,\"orgName\":\"越秀区营业部\",\"password\":\"e10adc3949ba59abbe56e057f20f883e\",\"passwordErrorNum\":0,\"roleNames\":[\"快递员\"],\"roles\":[989559057641637825],\"sex\":\"M\",\"stationId\":1024707516816250081,\"stationName\":\"快递员\",\"status\":true,\"superior\":-1,\"updateTime\":\"2022-09-29T18:27:25\",\"updateUser\":1,\"workDescribe\":\"\"},{\"account\":\"hdkdy002\",\"administrator\":false,\"avatar\":\"\",\"createTime\":\"2022-09-29T18:26:07\",\"createUser\":1,\"id\":1025111247919767297,\"mobile\":\"16677776666\",\"name\":\"王都花\",\"orgId\":1025108696675633121,\"orgName\":\"花都营业部\",\"password\":\"e10adc3949ba59abbe56e057f20f883e\",\"passwordErrorNum\":0,\"roleNames\":[\"快递员\"],\"roles\":[989559057641637825],\"sex\":\"M\",\"stationId\":1024707516816250081,\"stationName\":\"快递员\",\"status\":true,\"superior\":-1,\"updateTime\":\"2022-09-29T18:26:07\",\"updateUser\":1,\"workDescribe\":\"\"},{\"account\":\"hdkdy001\",\"administrator\":false,\"avatar\":\"\",\"createTime\":\"2022-09-29T18:25:35\",\"createUser\":1,\"id\":1025111112225644097,\"mobile\":\"17799995555\",\"name\":\"王华都\",\"orgId\":1025108696675633121,\"orgName\":\"花都营业部\",\"password\":\"e10adc3949ba59abbe56e057f20f883e\",\"passwordErrorNum\":0,\"roleNames\":[\"快递员\"],\"roles\":[989559057641637825],\"sex\":\"M\",\"stationId\":1024707516816250081,\"stationName\":\"快递员\",\"status\":true,\"superior\":-1,\"updateTime\":\"2022-09-29T18:25:35\",\"updateUser\":1,\"workDescribe\":\"\"},{\"account\":\"yxkdy001\",\"administrator\":false,\"avatar\":\"\",\"createTime\":\"2022-09-29T18:24:53\",\"createUser\":1,\"id\":1025110935532199265,\"mobile\":\"16688886666\",\"name\":\"王越秀\",\"orgId\":1025108784911206497,\"orgName\":\"越秀区营业部\",\"password\":\"e10adc3949ba59abbe56e057f20f883e\",\"passwordErrorNum\":0,\"roleNames\":[\"快递员\"],\"roles\":[989559057641637825],\"sex\":\"M\",\"stationId\":1024707516816250081,\"stationName\":\"快递员\",\"status\":true,\"superior\":-1,\"updateTime\":\"2022-09-29T18:24:53\",\"updateUser\":1,\"workDescribe\":\"\"},{\"account\":\"bakdy002\",\"administrator\":false,\"avatar\":\"\",\"createTime\":\"2022-09-29T18:23:51\",\"createUser\":1,\"id\":1025110675888003969,\"mobile\":\"16677776666\",\"name\":\"王安宝\",\"orgId\":1025108572721366561,\"orgName\":\" 宝安区营业部\",\"password\":\"e10adc3949ba59abbe56e057f20f883e\",\"passwordErrorNum\":0,\"roleNames\":[\"快递员\"],\"roles\":[989559057641637825],\"sex\":\"M\",\"stationId\":1024707516816250081,\"stationName\":\"快递员\",\"status\":true,\"superior\":-1,\"updateTime\":\"2022-09-29T18:23:51\",\"updateUser\":1,\"workDescribe\":\"\"},{\"account\":\"gmkdy002\",\"administrator\":false,\"avatar\":\"\",\"createTime\":\"2022-09-29T18:23:07\",\"createUser\":1,\"id\":1025110490961140193,\"mobile\":\"16677779999\",\"name\":\"王明光\",\"orgId\":1025108643500246881,\"orgName\":\"光明区营业部\",\"password\":\"e10adc3949ba59abbe56e057f20f883e\",\"passwordErrorNum\":0,\"roleNames\":[\"快递员\"],\"roles\":[989559057641637825],\"sex\":\"M\",\"stationId\":1024707516816250081,\"stationName\":\"快递员\",\"status\":true,\"superior\":-1,\"updateTime\":\"2022-09-29T18:23:07\",\"updateUser\":1,\"workDescribe\":\"\"},{\"account\":\"bakdy001\",\"administrator\":false,\"avatar\":\"\",\"createTime\":\"2022-09-29T18:21:20\",\"createUser\":1,\"id\":1025110041134617825,\"mobile\":\"18877776666\",\"name\":\"王保安\",\"orgId\":1025108572721366561,\"orgName\":\" 宝安区营业部\",\"password\":\"e10adc3949ba59abbe56e057f20f883e\",\"passwordErrorNum\":0,\"roleNames\":[\"快递员\"],\"roles\":[989559057641637825],\"sex\":\"M\",\"stationId\":1024707516816250081,\"stationName\":\"快递员\",\"status\":true,\"superior\":-1,\"updateTime\":\"2022-09-29T18:21:20\",\"updateUser\":1,\"workDescribe\":\"\"}],\"searchCount\":true,\"size\":10,\"total\":60},\"isError\":false,\"isSuccess\":true,\"msg\":\"ok\",\"timestamp\":1695012190536}',NULL,NULL,'2023-09-18 12:43:10','2023-09-18 12:43:11',420,'Mozilla/5.0 (Windows NT 10.0; Win64; x64) AppleWebKit/537.36 (KHTML, like Gecko) Chrome/117.0.0.0 Safari/537.36 Edg/117.0.2045.31','2023-09-18 12:43:11',1),(1153310287890219329,'192.168.150.1','OPT','平台管理员','用户-分页查询用户','com.itheima.authority.controller.auth.UserController','page','/api/authority/user/page','GET','[UserPageDTO(super=com.itheima.authority.dto.auth.UserPageDTO@4c4d6136, account=, name=, orgId=1025103176946395585, stationId=null, mobile=null, email=null, sex=N, status=null, isCanLogin=null, photo=null, workDescribe=null, loginCount=null, startCreateTime=null, endCreateTime=null, roles=null, roleId=null, applicationId=null)]','{\"code\":0,\"data\":{\"current\":1,\"orders\":[],\"pages\":2,\"records\":[{\"account\":\"gzsj\",\"administrator\":false,\"avatar\":\"\",\"createTime\":\"2022-09-29T18:29:10\",\"createUser\":1,\"id\":1025112013736764417,\"mobile\":\"18877770000\",\"name\":\"司广州\",\"orgId\":1025103442882046977,\"orgName\":\"广州分拣中心\",\"password\":\"e10adc3949ba59abbe56e057f20f883e\",\"passwordErrorLastTime\":\"2023-09-15T13:07:28\",\"passwordErrorNum\":0,\"roleNames\":[\"司机\"],\"roles\":[989559028277315009],\"sex\":\"M\",\"stationId\":1024707535891944769,\"stationName\":\"司机\",\"status\":true,\"superior\":-1,\"updateTime\":\"2022-09-29T18:29:10\",\"updateUser\":1,\"workDescribe\":\"\"},{\"account\":\"yxkdy002\",\"administrator\":false,\"avatar\":\"\",\"createTime\":\"2022-09-29T18:27:25\",\"createUser\":1,\"id\":1025111573938823425,\"mobile\":\"17788887777\",\"name\":\"王秀越\",\"orgId\":1025108784911206497,\"orgName\":\"越秀区营业部\",\"password\":\"e10adc3949ba59abbe56e057f20f883e\",\"passwordErrorNum\":0,\"roleNames\":[\"快递员\"],\"roles\":[989559057641637825],\"sex\":\"M\",\"stationId\":1024707516816250081,\"stationName\":\"快递员\",\"status\":true,\"superior\":-1,\"updateTime\":\"2022-09-29T18:27:25\",\"updateUser\":1,\"workDescribe\":\"\"},{\"account\":\"hdkdy002\",\"administrator\":false,\"avatar\":\"\",\"createTime\":\"2022-09-29T18:26:07\",\"createUser\":1,\"id\":1025111247919767297,\"mobile\":\"16677776666\",\"name\":\"王都花\",\"orgId\":1025108696675633121,\"orgName\":\"花都营业部\",\"password\":\"e10adc3949ba59abbe56e057f20f883e\",\"passwordErrorNum\":0,\"roleNames\":[\"快递员\"],\"roles\":[989559057641637825],\"sex\":\"M\",\"stationId\":1024707516816250081,\"stationName\":\"快递员\",\"status\":true,\"superior\":-1,\"updateTime\":\"2022-09-29T18:26:07\",\"updateUser\":1,\"workDescribe\":\"\"},{\"account\":\"hdkdy001\",\"administrator\":false,\"avatar\":\"\",\"createTime\":\"2022-09-29T18:25:35\",\"createUser\":1,\"id\":1025111112225644097,\"mobile\":\"17799995555\",\"name\":\"王华都\",\"orgId\":1025108696675633121,\"orgName\":\"花都营业部\",\"password\":\"e10adc3949ba59abbe56e057f20f883e\",\"passwordErrorNum\":0,\"roleNames\":[\"快递员\"],\"roles\":[989559057641637825],\"sex\":\"M\",\"stationId\":1024707516816250081,\"stationName\":\"快递员\",\"status\":true,\"superior\":-1,\"updateTime\":\"2022-09-29T18:25:35\",\"updateUser\":1,\"workDescribe\":\"\"},{\"account\":\"yxkdy001\",\"administrator\":false,\"avatar\":\"\",\"createTime\":\"2022-09-29T18:24:53\",\"createUser\":1,\"id\":1025110935532199265,\"mobile\":\"16688886666\",\"name\":\"王越秀\",\"orgId\":1025108784911206497,\"orgName\":\"越秀区营业部\",\"password\":\"e10adc3949ba59abbe56e057f20f883e\",\"passwordErrorNum\":0,\"roleNames\":[\"快递员\"],\"roles\":[989559057641637825],\"sex\":\"M\",\"stationId\":1024707516816250081,\"stationName\":\"快递员\",\"status\":true,\"superior\":-1,\"updateTime\":\"2022-09-29T18:24:53\",\"updateUser\":1,\"workDescribe\":\"\"},{\"account\":\"bakdy002\",\"administrator\":false,\"avatar\":\"\",\"createTime\":\"2022-09-29T18:23:51\",\"createUser\":1,\"id\":1025110675888003969,\"mobile\":\"16677776666\",\"name\":\"王安宝\",\"orgId\":1025108572721366561,\"orgName\":\" 宝安区营业部\",\"password\":\"e10adc3949ba59abbe56e057f20f883e\",\"passwordErrorNum\":0,\"roleNames\":[\"快递员\"],\"roles\":[989559057641637825],\"sex\":\"M\",\"stationId\":1024707516816250081,\"stationName\":\"快递员\",\"status\":true,\"superior\":-1,\"updateTime\":\"2022-09-29T18:23:51\",\"updateUser\":1,\"workDescribe\":\"\"},{\"account\":\"gmkdy002\",\"administrator\":false,\"avatar\":\"\",\"createTime\":\"2022-09-29T18:23:07\",\"createUser\":1,\"id\":1025110490961140193,\"mobile\":\"16677779999\",\"name\":\"王明光\",\"orgId\":1025108643500246881,\"orgName\":\"光明区营业部\",\"password\":\"e10adc3949ba59abbe56e057f20f883e\",\"passwordErrorNum\":0,\"roleNames\":[\"快递员\"],\"roles\":[989559057641637825],\"sex\":\"M\",\"stationId\":1024707516816250081,\"stationName\":\"快递员\",\"status\":true,\"superior\":-1,\"updateTime\":\"2022-09-29T18:23:07\",\"updateUser\":1,\"workDescribe\":\"\"},{\"account\":\"bakdy001\",\"administrator\":false,\"avatar\":\"\",\"createTime\":\"2022-09-29T18:21:20\",\"createUser\":1,\"id\":1025110041134617825,\"mobile\":\"18877776666\",\"name\":\"王保安\",\"orgId\":1025108572721366561,\"orgName\":\" 宝安区营业部\",\"password\":\"e10adc3949ba59abbe56e057f20f883e\",\"passwordErrorNum\":0,\"roleNames\":[\"快递员\"],\"roles\":[989559057641637825],\"sex\":\"M\",\"stationId\":1024707516816250081,\"stationName\":\"快递员\",\"status\":true,\"superior\":-1,\"updateTime\":\"2022-09-29T18:21:20\",\"updateUser\":1,\"workDescribe\":\"\"},{\"account\":\"gmkdy001\",\"administrator\":false,\"avatar\":\"\",\"createTime\":\"2022-09-29T18:18:13\",\"createUser\":1,\"id\":1025109259005971617,\"mobile\":\"18877776666\",\"name\":\"王光明\",\"orgId\":1025108643500246881,\"orgName\":\"光明区营业部\",\"password\":\"e10adc3949ba59abbe56e057f20f883e\",\"passwordErrorNum\":0,\"roleNames\":[\"快递员\"],\"roles\":[989559057641637825],\"sex\":\"M\",\"stationId\":1024707516816250081,\"stationName\":\"快递员\",\"status\":true,\"superior\":-1,\"updateTime\":\"2022-09-29T18:18:13\",\"updateUser\":1,\"workDescribe\":\"\"},{\"account\":\"szsj001\",\"administrator\":false,\"avatar\":\"\",\"createTime\":\"2022-09-29T17:59:31\",\"createUser\":1,\"id\":1025104550799061921,\"mobile\":\"18877776666\",\"name\":\"司深圳\",\"orgId\":1025103512826260673,\"orgName\":\"深圳分拣中心\",\"password\":\"e10adc3949ba59abbe56e057f20f883e\",\"passwordErrorNum\":0,\"roleNames\":[\"司机\"],\"roles\":[989559028277315009],\"sex\":\"M\",\"stationId\":1024707535891944769,\"stationName\":\"司机\",\"status\":true,\"superior\":-1,\"updateTime\":\"2022-09-29T17:59:40\",\"updateUser\":1,\"workDescribe\":\"\"}],\"searchCount\":true,\"size\":10,\"total\":11},\"isError\":false,\"isSuccess\":true,\"msg\":\"ok\",\"timestamp\":1695012200301}',NULL,NULL,'2023-09-18 12:43:20','2023-09-18 12:43:20',249,'Mozilla/5.0 (Windows NT 10.0; Win64; x64) AppleWebKit/537.36 (KHTML, like Gecko) Chrome/117.0.0.0 Safari/537.36 Edg/117.0.2045.31','2023-09-18 12:43:20',1),(1153310313274147169,'192.168.150.1','OPT','平台管理员','菜单-查询系统所有的菜单','com.itheima.authority.controller.auth.MenuController','allTree','/api/authority/menu/tree','GET','[Menu(super=Entity(super=SuperEntity(super=com.itheima.authority.entity.auth.Menu@22fd52b3, id=null, createTime=null, createUser=null), updateTime=null, updateUser=null), name=, describe=null, isPublic=null, path=null, component=null, isEnable=null, sortValue=null, icon=null, group=null, parentId=null, applicationId=null, hidden=null)]','{\"code\":0,\"data\":[{\"applicationId\":981194468570960001,\"component\":\"/dashboard/index\",\"createTime\":\"2022-07-11T11:19:14\",\"createUser\":1,\"describe\":\"\",\"group\":\"\",\"hidden\":false,\"icon\":\"el-icon-eleme\",\"id\":996012789342433537,\"isEnable\":true,\"isPublic\":false,\"level\":1,\"name\":\"工作台\",\"parentId\":0,\"path\":\"/dashboard\",\"sortValue\":0,\"updateTime\":\"2022-08-30T09:39:52\",\"updateUser\":1},{\"applicationId\":981194468570960001,\"children\":[{\"applicationId\":981194468570960001,\"component\":\"/branches/organization-manage/index\",\"createTime\":\"2022-07-11T11:24:26\",\"createUser\":1,\"describe\":\"\",\"group\":\"\",\"hidden\":false,\"icon\":\"\",\"id\":996014097885592353,\"isEnable\":true,\"isPublic\":false,\"level\":2,\"name\":\"机构管理\",\"parentId\":996013586302137537,\"parentIsEnable\":true,\"path\":\"/branches/organization-manage\",\"sortValue\":0,\"updateTime\":\"2022-08-29T15:41:29\",\"updateUser\":1},{\"applicationId\":981194468570960001,\"component\":\"/branches/institutions-jobs-area/index\",\"createTime\":\"2022-07-11T11:24:44\",\"createUser\":1,\"describe\":\"\",\"group\":\"\",\"hidden\":false,\"icon\":\"\",\"id\":996014173659888673,\"isEnable\":true,\"isPublic\":false,\"level\":2,\"name\":\"机构作业范围\",\"parentId\":996013586302137537,\"parentIsEnable\":true,\"path\":\"/branches/institutions-jobs-area\",\"sortValue\":0,\"updateTime\":\"2022-08-29T15:41:29\",\"updateUser\":1},{\"applicationId\":981194468570960001,\"component\":\"/transit/freight-manage/index\",\"createTime\":\"2022-07-11T11:23:37\",\"createUser\":1,\"describe\":\"\",\"group\":\"\",\"hidden\":false,\"icon\":\"\",\"id\":996013891701995649,\"isEnable\":true,\"isPublic\":false,\"level\":2,\"name\":\"运费管理\",\"parentId\":996013586302137537,\"parentIsEnable\":true,\"path\":\"/transit/freight-manage\",\"sortValue\":4,\"updateTime\":\"2022-08-29T15:41:29\",\"updateUser\":1}],\"component\":\"/transit/index\",\"createTime\":\"2022-07-11T11:22:24\",\"createUser\":1,\"describe\":\"\",\"group\":\"\",\"hidden\":false,\"icon\":\"el-icon-medal\",\"id\":996013586302137537,\"isEnable\":true,\"isPublic\":false,\"level\":1,\"name\":\"基础数据管理\",\"parentId\":0,\"path\":\"/transit\",\"sortValue\":1,\"updateTime\":\"2022-08-29T15:41:29\",\"updateUser\":1},{\"applicationId\":981194468570960001,\"children\":[{\"applicationId\":981194468570960001,\"component\":\"/transit/car-models/index\",\"createTime\":\"2022-07-11T11:22:49\",\"createUser\":1,\"describe\":\"\",\"group\":\"\",\"hidden\":false,\"icon\":\"\",\"id\":996013688966116737,\"isEnable\":true,\"isPublic\":false,\"level\":2,\"name\":\"车型管理\",\"parentId\":1013825825621851521,\"parentIsEnable\":true,\"path\":\"/transit/car-models\",\"sortValue\":0,\"updateTime\":\"2022-08-30T09:58:54\",\"updateUser\":1},{\"applicationId\":981194468570960001,\"component\":\"/transit/vehicle/index\",\"createTime\":\"2022-07-11T11:22:59\",\"createUser\":1,\"describe\":\"\",\"group\":\"\",\"hidden\":false,\"icon\":\"\",\"id\":996013733509625409,\"isEnable\":true,\"isPublic\":false,\"level\":2,\"name\":\"车辆列表\",\"parentId\":1013825825621851521,\"parentIsEnable\":true,\"path\":\"/transit/vehicle\",\"sortValue\":1,\"updateTime\":\"2022-08-30T09:58:54\",\"updateUser\":1},{\"applicationId\":981194468570960001,\"component\":\"/transit/car-register/index\",\"createTime\":\"2022-07-11T11:27:15\",\"createUser\":1,\"describe\":\"\",\"group\":\"\",\"hidden\":false,\"icon\":\"\",\"id\":996014803833095265,\"isEnable\":true,\"isPublic\":false,\"level\":2,\"name\":\"回车登记\",\"parentId\":1013825825621851521,\"parentIsEnable\":true,\"path\":\"/transit/car-register\",\"sortValue\":3,\"updateTime\":\"2022-09-08T15:32:50\",\"updateUser\":1}],\"component\":\"/transit1/index\",\"createTime\":\"2022-08-29T15:01:53\",\"createUser\":1,\"describe\":\"\",\"group\":\"\",\"hidden\":false,\"icon\":\"el-icon-eleme\",\"id\":1013825825621851521,\"isEnable\":true,\"isPublic\":false,\"level\":1,\"name\":\"车辆管理\",\"parentId\":0,\"path\":\"/transit1\",\"sortValue\":2,\"updateTime\":\"2022-08-30T09:58:54\",\"updateUser\":1},{\"applicationId\":981194468570960001,\"children\":[{\"applicationId\":981194468570960001,\"component\":\"/branches/goods-type/index\",\"createTime\":\"2022-07-11T11:25:33\",\"createUser\":1,\"describe\":\"\",\"group\":\"\",\"hidden\":false,\"icon\":\"\",\"id\":996014377347874401,\"isEnable\":true,\"isPublic\":false,\"level\":2,\"name\":\"货品类型管理\",\"parentId\":996014006701423169,\"parentIsEnable\":true,\"path\":\"/branches/goods-type\",\"sortValue\":1,\"updateTime\":\"2022-08-29T18:38:50\",\"updateUser\":1}],\"component\":\"/branches/index\",\"createTime\":\"2022-07-11T11:24:04\",\"createUser\":1,\"describe\":\"\",\"group\":\"\",\"hidden\":false,\"icon\":\"\",\"id\":996014006701423169,\"isEnable\":true,\"isPublic\":false,\"level\":1,\"name\":\"营业部管理\",\"parentId\":0,\"path\":\"/branches\",\"sortValue\":3,\"updateTime\":\"2022-08-29T18:38:50\",\"updateUser\":1},{\"applicationId\":981194468570960001,\"children\":[{\"applicationId\":981194468570960001,\"component\":\"/branches/operational-range/index\",\"createTime\":\"2022-07-11T11:25:20\",\"createUser\":1,\"describe\":\"\",\"group\":\"\",\"hidden\":false,\"icon\":\"\",\"id\":996014324117962145,\"isEnable\":true,\"isPublic\":false,\"level\":2,\"name\":\"快递员管理\",\"parentId\":1013826500665722913,\"parentIsEnable\":true,\"path\":\"/branches/operational-range\",\"sortValue\":0,\"updateTime\":\"2022-08-30T09:58:57\",\"updateUser\":1},{\"applicationId\":981194468570960001,\"component\":\"/transit/driver/index\",\"createTime\":\"2022-07-11T11:23:13\",\"createUser\":1,\"describe\":\"\",\"group\":\"\",\"hidden\":false,\"icon\":\"\",\"id\":996013790027872001,\"isEnable\":true,\"isPublic\":false,\"level\":2,\"name\":\"司机管理\",\"parentId\":1013826500665722913,\"parentIsEnable\":true,\"path\":\"/transit/driver\",\"sortValue\":2,\"updateTime\":\"2022-08-30T09:58:57\",\"updateUser\":1},{\"applicationId\":981194468570960001,\"component\":\"/transit/workArrange-manage/index\",\"createTime\":\"2022-07-11T11:23:23\",\"createUser\":1,\"describe\":\"\",\"group\":\"\",\"hidden\":false,\"icon\":\"\",\"id\":996013832419702721,\"isEnable\":true,\"isPublic\":false,\"level\":2,\"name\":\"排班管理\",\"parentId\":1013826500665722913,\"parentIsEnable\":true,\"path\":\"/transit/workArrange-manage\",\"sortValue\":3,\"updateTime\":\"2022-08-30T09:58:57\",\"updateUser\":1}],\"component\":\"/transit2/index\",\"createTime\":\"2022-08-29T15:04:34\",\"createUser\":1,\"describe\":\"\",\"group\":\"\",\"hidden\":false,\"icon\":\"el-icon-user\",\"id\":1013826500665722913,\"isEnable\":true,\"isPublic\":false,\"level\":1,\"name\":\"员工管理\",\"parentId\":0,\"path\":\"/transit2\",\"sortValue\":3,\"updateTime\":\"2022-08-30T09:58:57\",\"updateUser\":1},{\"applicationId\":981194468570960001,\"children\":[{\"applicationId\":981194468570960001,\"component\":\"/business/order-manage/index\",\"createTime\":\"2022-07-11T11:25:57\",\"createUser\":1,\"describe\":\"\",\"group\":\"\",\"hidden\":false,\"icon\":\"\",\"id\":996014478124416993,\"isEnable\":true,\"isPublic\":false,\"level\":2,\"name\":\"订单管理\",\"parentId\":996014431324372769,\"parentIsEnable\":true,\"path\":\"/business/order-manage\",\"sortValue\":0,\"updateTime\":\"2022-08-29T16:48:31\",\"updateUser\":1},{\"applicationId\":981194468570960001,\"component\":\"/business/waybill/index\",\"createTime\":\"2022-07-11T11:26:10\",\"createUser\":1,\"describe\":\"\",\"group\":\"\",\"hidden\":false,\"icon\":\"\",\"id\":996014533355012257,\"isEnable\":true,\"isPublic\":false,\"level\":2,\"name\":\"运单管理\",\"parentId\":996014431324372769,\"parentIsEnable\":true,\"path\":\"/business/waybill\",\"sortValue\":1,\"updateTime\":\"2022-08-29T16:48:31\",\"updateUser\":1}],\"component\":\"/business/index\",\"createTime\":\"2022-07-11T11:25:46\",\"createUser\":1,\"describe\":\"\",\"group\":\"\",\"hidden\":false,\"icon\":\"el-icon-set-up\",\"id\":996014431324372769,\"isEnable\":true,\"isPublic\":false,\"level\":1,\"name\":\"业务管理\",\"parentId\":0,\"path\":\"/business\",\"sortValue\":4,\"updateTime\":\"2022-08-29T16:48:32\",\"updateUser\":1},{\"applicationId\":981194468570960001,\"children\":[{\"applicationId\":981194468570960001,\"component\":\"/transport/transport-task/index\",\"createTime\":\"2022-07-11T11:26:35\",\"createUser\":1,\"describe\":\"\",\"group\":\"\",\"hidden\":false,\"icon\":\"\",\"id\":996014640003580449,\"isEnable\":true,\"isPublic\":false,\"level\":2,\"name\":\"运输任务管理\",\"parentId\":996014596043080033,\"parentIsEnable\":true,\"path\":\"/transport/transport-task\",\"sortValue\":0,\"updateTime\":\"2022-08-29T17:08:49\",\"updateUser\":1},{\"applicationId\":981194468570960001,\"component\":\"/branches/operational/index\",\"createTime\":\"2022-07-11T11:25:04\",\"createUser\":1,\"describe\":\"\",\"group\":\"\",\"hidden\":false,\"icon\":\"\",\"id\":996014256233151713,\"isEnable\":false,\"isPublic\":false,\"level\":2,\"name\":\"快递作业管理\",\"parentId\":996014596043080033,\"parentIsEnable\":true,\"path\":\"/branches/operational\",\"sortValue\":0,\"updateTime\":\"2022-09-06T09:46:20\",\"updateUser\":1},{\"applicationId\":981194468570960001,\"component\":\"/transport/line-manage/index\",\"createTime\":\"2022-07-11T11:26:46\",\"createUser\":1,\"describe\":\"\",\"group\":\"\",\"hidden\":false,\"icon\":\"\",\"id\":996014685012656865,\"isEnable\":true,\"isPublic\":false,\"level\":2,\"name\":\"线路管理\",\"parentId\":996014596043080033,\"parentIsEnable\":true,\"path\":\"/transport/line-manage\",\"sortValue\":1,\"updateTime\":\"2022-08-29T17:08:49\",\"updateUser\":1},{\"applicationId\":981194468570960001,\"component\":\"/1/index\",\"createTime\":\"2022-07-11T11:27:00\",\"createUser\":1,\"describe\":\"\",\"group\":\"\",\"hidden\":false,\"icon\":\"\",\"id\":996014742650782625,\"isEnable\":false,\"isPublic\":false,\"level\":2,\"name\":\"异常管理\",\"parentId\":996014596043080033,\"parentIsEnable\":true,\"path\":\"/1\",\"sortValue\":2,\"updateTime\":\"2022-08-30T09:08:48\",\"updateUser\":1},{\"applicationId\":981194468570960001,\"component\":\"/branches/pickUptask/index\",\"createTime\":\"2022-09-06T09:44:58\",\"createUser\":1,\"describe\":\"\",\"group\":\"\",\"hidden\":false,\"icon\":\"\",\"id\":1016645172630893697,\"isEnable\":true,\"isPublic\":false,\"level\":2,\"name\":\"取件作业管理\",\"parentId\":996014596043080033,\"parentIsEnable\":true,\"path\":\"/branches/pickUptask\",\"sortValue\":3,\"updateTime\":\"2022-09-06T09:46:09\",\"updateUser\":1},{\"applicationId\":981194468570960001,\"component\":\"/branches/dispatchTask/index\",\"createTime\":\"2022-09-06T09:45:47\",\"createUser\":1,\"describe\":\"\",\"group\":\"\",\"hidden\":false,\"icon\":\"\",\"id\":1016645380668372641,\"isEnable\":true,\"isPublic\":false,\"level\":2,\"name\":\"派件作业管理\",\"parentId\":996014596043080033,\"parentIsEnable\":true,\"path\":\"/branches/dispatchTask\",\"sortValue\":4,\"updateTime\":\"2022-09-07T14:07:02\",\"updateUser\":1}],\"component\":\"/transport/index\",\"createTime\":\"2022-07-11T11:26:25\",\"createUser\":1,\"describe\":\"\",\"group\":\"\",\"hidden\":false,\"icon\":\"el-icon-service\",\"id\":996014596043080033,\"isEnable\":true,\"isPublic\":false,\"level\":1,\"name\":\"调度管理\",\"parentId\":0,\"path\":\"/transport\",\"sortValue\":5,\"updateTime\":\"2022-08-29T17:08:49\",\"updateUser\":1},{\"applicationId\":981194468570960001,\"children\":[{\"applicationId\":981194468570960001,\"component\":\"/1/index\",\"createTime\":\"2022-07-11T11:27:43\",\"createUser\":1,\"describe\":\"\",\"group\":\"\",\"hidden\":false,\"icon\":\"\",\"id\":996014922599007713,\"isEnable\":false,\"isPublic\":false,\"level\":2,\"name\":\"用户管理\",\"parentId\":996014852663182625,\"parentIsEnable\":false,\"path\":\"/1\",\"sortValue\":0,\"updateTime\":\"2022-07-20T11:58:40\",\"updateUser\":1},{\"applicationId\":981194468570960001,\"component\":\"/1/index\",\"createTime\":\"2022-07-11T11:28:05\",\"createUser\":1,\"describe\":\"\",\"group\":\"\",\"hidden\":false,\"icon\":\"\",\"id\":996015016501086049,\"isEnable\":false,\"isPublic\":false,\"level\":2,\"name\":\"登录日志\",\"parentId\":996014852663182625,\"parentIsEnable\":false,\"path\":\"/1\",\"sortValue\":1,\"updateTime\":\"2022-07-20T11:58:40\",\"updateUser\":1},{\"applicationId\":981194468570960001,\"component\":\"/1/index\",\"createTime\":\"2022-07-11T11:27:54\",\"createUser\":1,\"describe\":\"\",\"group\":\"\",\"hidden\":false,\"icon\":\"\",\"id\":996014969143199393,\"isEnable\":false,\"isPublic\":false,\"level\":2,\"name\":\"操作日志\",\"parentId\":996014852663182625,\"parentIsEnable\":false,\"path\":\"/1\",\"sortValue\":2,\"updateTime\":\"2022-07-20T11:58:40\",\"updateUser\":1}],\"component\":\"/1/index\",\"createTime\":\"2022-07-11T11:27:26\",\"createUser\":1,\"describe\":\"\",\"group\":\"\",\"hidden\":false,\"icon\":\"\",\"id\":996014852663182625,\"isEnable\":false,\"isPublic\":false,\"level\":1,\"name\":\"系统管理\",\"parentId\":0,\"path\":\"/1\",\"sortValue\":6,\"updateTime\":\"2022-07-20T11:58:40\",\"updateUser\":1}],\"isError\":false,\"isSuccess\":true,\"msg\":\"ok\",\"timestamp\":1695012206355}',NULL,NULL,'2023-09-18 12:43:26','2023-09-18 12:43:26',80,'Mozilla/5.0 (Windows NT 10.0; Win64; x64) AppleWebKit/537.36 (KHTML, like Gecko) Chrome/117.0.0.0 Safari/537.36 Edg/117.0.2045.31','2023-09-18 12:43:26',1),(1153310313815212417,'192.168.150.1','OPT','平台管理员','资源-分页查询资源','com.itheima.authority.controller.auth.ResourceController','page','/api/authority/resource/page','GET','[Resource(super=Entity(super=SuperEntity(super=com.itheima.authority.entity.auth.Resource@3b87ad0f, id=null, createTime=null, createUser=null), updateTime=null, updateUser=null), code=null, name=, method=null, url=null, menuId=996012789342433537, describe=null, applicationId=null)]','{\"code\":0,\"data\":{\"current\":1,\"orders\":[],\"pages\":1,\"records\":[{\"applicationId\":981194468570960001,\"code\":\"01\",\"createTime\":\"2022-07-11T11:20:54\",\"createUser\":1,\"describe\":\"\",\"id\":996013208424706753,\"menuId\":996012789342433537,\"method\":\"get\",\"name\":\"get\",\"updateTime\":\"2022-07-11T11:20:54\",\"updateUser\":1,\"url\":\"/manager\"}],\"searchCount\":true,\"size\":10,\"total\":1},\"isError\":false,\"isSuccess\":true,\"msg\":\"ok\",\"timestamp\":1695012206490}',NULL,NULL,'2023-09-18 12:43:26','2023-09-18 12:43:26',31,'Mozilla/5.0 (Windows NT 10.0; Win64; x64) AppleWebKit/537.36 (KHTML, like Gecko) Chrome/117.0.0.0 Safari/537.36 Edg/117.0.2045.31','2023-09-18 12:43:26',1),(1153310363786150305,'192.168.150.1','OPT','平台管理员','租户-查询当前租户集合','com.itheima.authority.controller.core.TenantController','currentList','/api/authority/tenant/currentList','GET','[]','{\"code\":0,\"data\":[],\"isError\":false,\"isSuccess\":true,\"msg\":\"ok\",\"timestamp\":1695012218402}',NULL,NULL,'2023-09-18 12:43:38','2023-09-18 12:43:38',0,'Mozilla/5.0 (Windows NT 10.0; Win64; x64) AppleWebKit/537.36 (KHTML, like Gecko) Chrome/117.0.0.0 Safari/537.36 Edg/117.0.2045.31','2023-09-18 12:43:38',1),(1153310363886813633,'192.168.150.1','OPT','平台管理员','应用-查询当前应用集合','com.itheima.authority.controller.core.ApplicationController','currentList','/api/authority/application/currentList','GET','[Application(super=Entity(super=SuperEntity(super=com.itheima.authority.entity.core.Application@2d89e350, id=null, createTime=null, createUser=null), updateTime=null, updateUser=null), name=null, code=null, status=null, describe=null, url=null, color=null, logo=null, lastUseTime=null)]','{\"code\":0,\"data\":[{\"code\":\"1653976591227\",\"color\":\"default\",\"createTime\":\"2022-05-31T13:56:31\",\"createUser\":1,\"describe\":\"神领物流开发环境\",\"id\":981194468570960001,\"lastUseTime\":\"2023-09-18T12:43:10\",\"logo\":\"data:image/png;base64,iVBORw0KGgoAAAANSUhEUgAAANwAAABGCAYAAAHQoMoyAAAABGdBTUEAALGPC/xhBQAAADhlWElmTU0AKgAAAAgAAYdpAAQAAAABAAAAGgAAAAAAAqACAAQAAAABAAAA3KADAAQAAAABAAAARgAAAADSHK/uAAAePUlEQVR4Ae1dCZwU1dGv3ZnZ+74PFo1GjcYYNd5Xohg10agxioqKSLxFQEQ8IqiIIKIoKIiKgopiEs94E+OtMfHMp4lnjMLCsgd73+dX/+qp3p5mZnZ2bcbZpev3m+nu916/fle9o169f8V9e9I+fRRFio/it+RTYT84+k//oMyx5ziaprhgRZo14RLK+PUp1NfTTXEer3xw7dh9CQlQanrhz5Sy76HUXV1B3vxi8mTnqZcZPsDB/xA0h/gYSD/mDxtwqbvvZvlI4o4/2fxjpx0ckDjri0FzGJeSSqkH/JKaX3rSfBE5dIKC5rCvtYVyzr3S/Fhfd7d8q+zht8xvZp50No164BV5jktMIiRSizx38mzycDEHo6A5DBbQKbegOXQq8mDxRDWHUc1dyI/lXTLXrPxgRTIUt6AfQwtL2X8MKYPHJSRS6fIXJX74FVyzVBKC++S9DD7DPVpnOAr6MX0BEYD6OjvIk5Fl5rTqugs1CKWNOd68B/t4C0rMcKaH/yZkAyn74ztE6Ma8PgnqBJMbHaItCZojsnwoPjWdCq+/mxoeW0F93V3S4/TU1ZAnJ586PvsXpY45jtrefY0aHllGhXOWk7doFK0/+6iAmEPmLCCUQw9h68yhb5jRRDVn5lejdBPVkoxSnszPBGUA09d2U3jDvZS4w642V+Oxat4l1P7h26Zf/tWLqXrOZHkuXvwoVUw+UZgCnaGdNl4+nig+nooWPCQcvnHGGRIkLiWN0o86iRofX0Hx6ZlUcvvjVD5hjP31kM8RN0uT4/1RBetaEEbdcb+BM1TCGVNqePReav/PB5S0y56UeeLvqfN/n1PCD3Yy3on30OhH+gsH72gn3dPcQHG+RI2Gys/4uXkf7ibiZll+1uEB8SDx9l9vR3tAmO6N66hz7X/FrfHph7jbu5e8uQWSsXXjf8G9fS+1vvdGwDvBHlpff0EyFM9zIPwipYgzV3rfX8042/71jpRq3f23mW64qVtxi/nc+s9XKe2IE2jj9HG09pT9qf7Bxdzkeij3omvk3b72NvJtuyPV3DSd8qZxU+3tkbkzaquP70Flj/yd0NzTf30yYTKHCeC60w+hrDOnmt8JdxNxs9RIUg44nPKm3qCPcl077iAiHohijQaduVjLQLj0RNwsw0USq35uzcVqzQyUrhHdLEd05gY1/UIziOcV1ij/kq6vq5PWsbgkVmlQNYcZiWYMGYrzJZizFGsGMa9USj3sWL2lovkPyA8Oep83fb74Fy9cHXDVMOLIf6NW/k1vI75GnDlkzEobLj7B+hiwDk7Ydicz0968IvKO+gEl7b6fzCMrZ54j73mycslbPJpqbr5cwvpGbUdpPEnGVad1vW0tlPDDHxMm3huvmBDwvUgeIhsKvF4abZF5tX/yLlXNnsRL4gLqqa2S7/hG/5C61n4l9/aCgGPV3CkUl5hMfW2t1NvazIneheJ4sowpWsXUsZIhnShLJPzX/LenqH71UipZ8pQ6ydXZiXNvb0DkSbvuLYkpvu1PZinHp2UEhOniSTOojueU5RN/Kfdt/3iFEn+8J68GPpNnT44hWzULw+MhzFfrHlgk/vWr72TB8HkyWe788mOZPNfccrn4RfIXWbO0ZU4jjk9K1lsqvPZO876VM4H1G1YEGb85jQquXUbtH70jBZH52wkygc6ZOJ0yjj1Dak2XSUm77SsC5aZnDf4btfwFqltu8KRGHpeUorcDXiNqlughexvrJbKC2XdRx6cfSZMpveOJgA9oIgMcv8eHiGoOGVMm92TlUU/9Juqp2hAy2ViqQIyVPWEalT38pvSM2HdI3HUvyho/hSBT83BHg2WMUv4fFvFKvUzCq9uoFS/Jd81n7jHLbAta9Qt2jShzeLF6wQx538fys5yzLg34KDystSZNiZdAKQcavAZ/H/egoDZenNaDp+LiKIV3B0AYLpJ+so+ISLVTgjtke61/N4aAuORUav3na1S7bHMxBcIGo4iapfVFlHocJ0yp44uPqfLqs/Uxpq6DzlxMpX6AxETcLAeIJya93czFZLVEkKgRzXMR5H/YBhnRLDdsayWChLsVF0EhxWIQt+JisVYiSNOgJV8RxGkG8ZZsQyW8Uo+EsIu//ryjIwnqhuES2CKTk9J7nidPZk7YAu5jqUXbB29Syl6HbBZu09LrqeXVZwLcsdMMLRdIErG866osp8zjzwwIow+QQ/nKtqfsMyZTx5efUHxyigjUsNyENBGEzdyehlqWbVWLqpwK4DZM4Y3gRcZGMMKraKfRL/XQb9SzmEf9rOHU3361LnXtfkN5dpzjNDP2xEAuvWHy76hnkyEEtPsn7/NzSjv8t5S8+/6Ue+FM3lSeSBsm9UtFa269ihK235mK5q3k5kbU8PBSs+IgW0MlQb42yr/3i2cIQnyl21LdyoUc5ywRYKDCusq/praPWAjCESWzJLW3uZHSjzlV3LLPmm4mDWpTm5ZcF6COmDXuIvFHxSl5eBN83YTDqGzly/JNNDylgqtuM/eI1c2Jq6MVFx+Gy8AppXc+LWlWmYSdM5vWPBYghLFmMOP48aSFlrLfGMrhilCC2Brk5Uqykrqj0kDJe/G+NlPTmscJMsXGvzwoFYeCb3pmtfxwr+n0Fo7ib15I7f9+n5J+/DNq//RDeV//wEWZp5xPyXscyCqihgiw5rY/iCYDhLrKZdU3TtNXHLs6Ojnp5a4nEoJSLTjT3p2mH/E7cRc/LkArNT75AEHIC6qE3h6r2Skl7210t3lT54hTd02lCILRHaPwwFEgVA4IXA1KP+Y0ueKvYNYSFulzj1C3yXRDxYJa3nhBrrV3GvHLA/9BDJl5wlnU/PJfKOWgI8S54z+Blathnb46WnFIHAoK6iZQ9rFTxTRWz/arltj97M/a6u3ueO5gDqi9a67xLf5e81+N1r7hgmPFrbv8f6L20tvSJA0B2xcoXKUkrjikE90vCFxSNfsiamaOt1LO2YaINvN3E8W5YNZSudatvJUgzU/+6X7U8iZrnXKe0n91svVV8x57PQVXLRKtLtPRgRvHJyfgFrT4qjmTqHvD2rBJhN586V3PhgyjXU3IAFuxh+McV87Kt968Ql4G/Nns9lCZ+Pl4WzXjtxNM91CVBq24YJWGOBK4m8XOCnYqsbsCwg5LCW8z6YxRT3hgtwXf8JVtx7rWaZT4o90p5eCjZOclmQ9e4B0lUTrzP+i+dPEiPqDBExTfNjtQzvkGdyINIOzwYEIDsupWYkcneb/DeENkB/Ej3mjEvoN9/DU8h/7vOMdpUqBZXboscEqvfqGu0ACsvmFKKG/X3VICW6ziLN8wbzHrxEwP6yqsoborec8ywjHPjMS9kRJwdDkwUJli1hnpzHOguLZ2f8fHuK29QKOVf7fiolXSDn8nqmOcw2nfqqNzOW6YVr9bcW7FDdMSGKbJdjnOrbhhWgLDNNkux7kVN0xLYJgmOyoiL2xQArfHvnGKQ/04StD5tXGEZ5iW4feS7C26AC+YeQef59g7oozVLJ5JrW+uiSisG2gLaXnFZ2TzGU9ju38whYzjjOVnHhb0FXAtFIrq7l1A3RXGATwNiOOPLa88Q41PrFQnc29OHTbdfo0AOSRsv4s6mVfBJfE/6RnSimm818Z7acULVlEXbwhDC8xKhfNW8gnGeLK+C//Se9cwJpqHNi2dTW18wGhLkeMcF+k+XMtbayj1QENPw545+yYqzrSmHXqsbGr2drZT+/tvCcRI8c0P21+VZ7yPDc/umo2sQ1IjIDTAW/Fk5bCm2C4EhSAPNy5groBQ+KMeeJWsBxoRR9qvxsqpsvbPPqLO/34qYfHX9v6bDCvlFZWETctuEO20RD6KGoo6vvoPVV51VijvIbk7PsYNtHkK3Y9aziwOGYequJKlT9GGC48zM4SzvYmsZQWOjOejcih40dHjfygOFTLCGLSsoN5nJRxrBXIQdt6x4929/n+yHxiXYGDCYH+wftVieQWV1tfXZ56Qw845ILdASbxzjp+SKBT59xFzz/+DsVvPXDZ69duEhlV+emRgOhrfUK6OLgdUfS5YQppefFQyiEoDQaEHrRq/9Rceyxx0H0H3EoTT4zj7qNTClb3+7CNFQQdu1uOGvY11EqyXsW+UAFoIamXtLEAwtbzxIiWw+kJ8WqboSHYwB0GvEpWVN9nQgcRzO+/AK3V++yVtuOh4qn94CVVcdrpca+64Vr3NSsXYDCq9+3m51iy8ik+97y8/qFeA8zF0OE2OVhx0H0NR+pEnUuIue5je0AEh1rUE9bByUcMf7xIgB1QkwOTskxrofuh5UUPvo0/eLb7FULnLOGacPOMP3TW6RlDt3TdS09OrzGe44dw2ZrhWxdXquVMJPyXcAxMQjREn8nHtre9XP2xmwFBQ7gUzpTEAZxC6MtA/ybv0RvllnTFF3HIvvlbCOvnneFcZLnGFfNgdBBVxPfSu4TEWVV5zPgEuq3LWuQEchzCqkAOEKIwvStU3z6D86TdRy+vPUeohvxbnhG12FKVUYIdZqf2T9+QRFQuN5nCExrHpjuskCJRhQb0tjXLVP2hQ48Qz0t7HlQbMRjQ8vFvLwKw4xA/FqS2hR9NfApqa73CFAipmWgMR9AztBFU9gLdBbXz9uVwBPN4oAdtVqe39NwQaF+MeSGeYPX6AAbi1vvM3KUDcg1CQAMMMRwYX94dA41KQTJxZCEZZp02S/AJiEpUWTRq4lAeRmmrGVvuuBGWiUttSovbueQEVAaCQxB13lU/lnGeozaWwSpyVoD6XctCRplPjc4+Y9+kMdQECop9SG3ef6y/4jT5Kj5C854HyHB8CygKN1Kr4i3ExWuRoxbV/8BZ1bSz/zmnHVB1jRiiCFjPUwoE3ovggQInp+OrftM6/DsQpnDzWcYQeJ6jpL6tEWxkHPjBWdjLqDAD60LWBqpnD7AdScN4B4UBdPJnSNWAfzxxTf250y9qdIkwnnwyKFjlacUh0BZ/IqeeTNHaC/n7L68bMy+4X7Dlpt32COZtu6CKBrogfqOW1Z3mtNJEhflrkuWLqSXLNOvUCucqJHB5zgF+EbnDjdIPryh56Q/xD/QHhA9T63usElXSMsZiYaPeNxqrU8eW/9Vaum243DpvYu+GAQEN8cHQBnv37y0SyoWnx8MCcwWfYUvY/nDyMiKqtG5lOO/x4DRb0WrN4FovAXgzq5zry3C0Yfv5QCwaq2/E8zW94YiU18OJ3IMo+53JK/+UJQYPhgKFOPIIG2ModHe0qN/pxeIBrhe4Bv7JVrxPkerlTjIUuyluw1VkyEarSEMZeacCuU9Qk7XqKbn4IQQnAYtkMeARSvX/caxpwD5i3gll34LbfndHSlAA8LgS4YU43pDegNF5/wjoBIOFSWEQXz5MngCHBDff6DchSi268v/+d1ezPa8Wimx6UswPi4eCfoxUHaUi3H3ZO04hKSuSTpBBvYSIBMHxUpt3ChYbHtcI//ljdsDzoZJlfMOrkSYmKp+z+sKgByh4/1Zxc4Bndth6jwrNS1vjJtPbk/ajj8/8Tpxx0//ctEOBsDUO87OnlY2TQykY8OK5sPaKFd9adeqChtc0Nof3jf5qvOnXjaMUhURvO/41IC4IlsIztaAy03oHQ1grpZcbD0M6oBMB64WQoOKj943fFG5IWoNkJ8YzRiiYJURqoi+WUItLymwLI5UOQzS8bXAV/SFLwXstrz1HOeVfyWvEwOMu6spfXgIk/+qk84w+yT0hmUg/tXz6YnnyDtWjKIb9iEVuG4CfG4eyzw+ToGGdNW96Mm/lgfvCFqzWc9R5nxLsdWE5Y4xyp91us4qTAWGJewMdtcR46HNXwXhkEwi5FXgJbtuJs6QBsY3xGJoufOqX/h4zPpaGVgKOyyoGSAAEy+eFjBwrr+ocvAccnJ+E/5/o6VQJuxTlVklGOx624KBe4U59zK86pkoxyPG7FRbnAnfqcW3FOlWSU44nqOi7KeXM/55ZAzJWA21PGXJW4CRrJJeAy3EiuXTdvMVcCLsPFXJW4CRrJJeAy3EiuXTdvMVcCLsPFXJW4CRrJJeAy3EiuXTdvMVcCUdUSimbu4/l0CQ4w4NxVXFKSWOXGAXGcjerjaw/OA7sI3tGsEvdbXALDnuES+ERq+pEnEU6i4gDiUAkYJM1rHqXWt18a8LjxUL/hvueWwPDb+GamAo4bUDHi/Oc2tkQ1wuJY7T3z2SzQt1siejfOrbQEhg3DATiq4IqF5C0oiWpVwVha3YqF1Mx4SJGSj5FTiv2GPPEOzAvWLZ9vvg58IfsBaphpgs1IEE7ktX34thkeNzhM3V21gU0WHkL5MxYE+NkfFH8QlvCS2BxUJNTFHUvF1LESFKYUfSWj5b5uxS2GbUxLJHoQHHA9RXNXmD7NrzxNdst6pqflJo/Tr4ZVYSAOFnEBYoJzXQlqQsoSHmg0cZajpzDohp+dOr/5kmocwPuwx+vkc+wzHI9ihbPvokQ+v/tdCIyDRtvw+AoxZge7Yr5io1FFEi/AxSpnnhMWCRUnLGG3MxxVL7xSRs1QcH+h3lUIJivagRXVwMMdUanflhpQeQAkZqesM6dSxtGnijNMUNavMs5TW8OhQ1ObbCiz8vGHyrFhaxhlOJwJD4WeZw2v93X8vSa/6cvixY+Rr2iUeAG6ELCFgIPyZBu2UhN33oMUXAaBOhiysI3zFY6AiAdYqVimmF7DxTOmZOmSp4a0NsM5cJihbnjifurxn/3WisBoAgCZ7oq1jL+VIcd8cXwYx31DEdaHOJBfy+CmoUY7YJ4oIBviyZ10jYkphueNV/+eOr/4hHyjt8ejSRWXnioIe7CeDGp85mFq5I5BrSqbAfkmac8DzMcuBuVR8IIKbrAYGRN32k1GQWKko4Krbw85wgFbDD8lMCgYFaAEShhVcEbfTvgm8Gtq75onP7u/PidstxMpZpu64Vq88BGT2fAMLLWci2ZR7ZLZeJSj4VZmq3vgNtOmrQTw/8Goouah65svqPGpB63eMXkf0wxXfNOqQTMbQA/qgMntB0oIVuqAqMRvIAIYXsoBhzPi09EMF8ZWPZkAooD1HUAlwlHh7LsDzvgbaFHBz+2jkQMDQAnTqmBYALDy6fXjzQF7HLgGwCoAlkAqWw1teeN5YTisbZP36GdMxAsAP2tnALfUXxwjZtZxn3nKecJwQES2oiITEEMeCZze6giH90rvfk7wWnEPrAVgrSrhm8EIHU/psmdNEF6ATCmzAVHSjpgJkAz8whFAeTuZ6ayAF+HCf19+MctwGG3U5PpgCgfgvUXX32O+0s6WuBseXU4dfnRKeCQw0krRvJUSBlsF3ZXl3Hj/Kw0YKJaKuIz1BYxTq4FqvAAQDV/ptqEZjht7CUPk2NeaGO1AaJRAYrESrIdbCfAGwSAOAMuNdZJSzgVXUxeP0vihcwAsnPoDDsdOWadfzCPC6eKMKWUHj7ZDoRxmKnRsXd9+ZdYRTvBjraUE46mhYOj6WlsEhbSY4XpAqQwmAjg8WHcHBm/96qUaTT/gJQOfmOQHwQRYimIHY6tnOGzzxCzDAZbOCUpi/OAkFh4oQfwPBlQIWQAxJ/DIgZ+dZN3H2wT1DP2qkBAAhA5FaORARwXCt5U6vvjYHCGBj1W94DKrN0U6pcTeIjqUYGTvoKydRLDw4dx8o3/I09KDZWqKzslOadzpAIDGawGuaX339QAgG4UZtL+rz5gCAhcFHQUI0ExC3GGNZnvgSgp2UzAT0+O9xVlHa+A4A3IXpGtceYjhv9hluPZWwfNP/tlBjhYfph6QdkZCWMOkMqosfmC+qjmTA0ZKexxgtI1XGqNV9sRLKXm3fSUImBUw/Wio3sLSgHWSPQ591oaoz8Aua//XP6hi2immk/UGoHTJDAIHAkSWfRSFe7wFbhgI8MHIPhXGNC1h2x0DguqUssgPXA7Pzq8/pXRGeVdqffc1vQ16hZRWMT4RoOr6SRIucYd+4VhPU8OIQ5aKWYZD6VfPv5TymTmsC2iple/hD8xXyCMlcNpql80NmgLB2/H79LW1BoSBeQU1sYARBCOdkiLu6zP2GK3o+1ivgdlAqb84mtddBtCsGgwBEytzIwxQi0GQyDa/9CR5S7bZTHoK5gcaMUaLXsYd7+UODlR5HQPoMr6dSUHWcPDDN2G6AQSRvhV5GQKrdjbbEApYHp0JMGiVMA1W/LwEywgeakqq7w3Ha0wzHAq0+sZpDN+ZQ3lTbwjAKA9X2DCKEudNiAg4P1w8wfzSDjtORitIG4dKEHboKKFxAIfdKqWEMbZg1PIqCxtYZS17wjTeKtnFlFJqWOynwdIPCOvWvGlzWQtnjDwDn33jjPGiMFB040qJB9sYtbzX1vr2XyVMALMZLkH/sR+o1PbBm2SdibQxKnX+ZQsC3GDIoP0jQ/iSc9E1bCbKaHrYT4OCgZJ1yox1YjjqYUtJOqXM5z08rLkrLjmZp6eN4V77Xv1ifx/OVjyAlIWBGkzz7FMda1CYBoEEz8t7PcCrx8JcK9kabij3EHyEW8shTh9LGtWqIQQIXbwpG44Aj+vJL5YgmILatzLs72LfLZ7txdgJe1GAqQUl7rw7zyM9cg8oeLs1RWATq9EhfDOUVk2CX0IrEfFfJ69JMWrqNkp31Xry5peYAgykXbc++ni0RAeDUVSI12hiKMkfWW8Tj67MKErWNMl7PK0EoTyxhQPCdg5sEYBg1ycB2yx+Bhbps3WEllCx8xezDIcpCvaAAIlbd/9tRg9sMdESsgi5gaEhwNaOVoo1rMDnHzde1lND1b2EmbMO3hpwyS2BwZZAzDIcMgKxd1oQbGos0Ds+/5iNK37GvfbnYillUCJh3sROG3McZRzHhqVyDSlXpAUHC5sVl4ztF1eHeBE9NQcyRhWeToHQS8PiSy/32rDfFMcSUh1VsMcGs3cYaQy/JNGIkfd4zdfTWBtg8QwjvbeoVOLFH0YQ7WAwanmLywLciDsg2evr7eM0VAaMKmYkfINRFp2V3VIAwiCN8ckpkie7PSlM+32lP2B88m84nZskSqzVPPlFPMJ9bYrsMTJ7+RuQUmJkg2jfW8ijo4W0jLysXgbgYEwdlWAdwMejq4x+OnXk7ZLEHX4iNiC7omjKSNM0mGv8YAJHOyz08oJJuxK225nS2VIphAfFbB4CG7NqokGvGSdMMJOLBpjO+0+l9zxvhGPLOVi7DJrZWBReMX1cWGZTcxFJu+3N5m+/7d+PYybHRj5MFYLA7FhfKRXNW0HFix4VoYj4TZmjXqLals6mJ6wEPUbEB8J0VZkNz1g/YW+vZMmTptjdk50v4cGIEPXDrpddnxPvYh2Zy2ssK0G4gnL1ZGZL5wbVLwD9g8CgMJOB73WwcAcWZ5VgoxJpVOloARs/zZ8+XzRidPqMqS7Sj/dzzrlC7tEhgWA3M2vchXKPmYl8h437dLAUVg3OQcgCY6aegmKZDVn3AuXFGPszVq4xlihrcmoWzBA7KNCnjPR0AKahWLtANUrXGdY4h3Jfs4gNkrPJ5IEIvfvaU/YXDRUo9qIBlE88grmiM0CahymzXQEXisKwFtXLG8ORUhJvPfiKRovZEIwYKQcdQTD5BTNbkJTCyoXoVVqm4+2fvE99LKzA+nZz6tvMCRJJbIvALJcwCI9i3kLjXYyaGBEhKME6GSc5YHSvbvlNm3VMVTwV9/EWQ97F10nHA73StndeNr63+WcD0mF+50M2E8Z5wQgHgiRz7WkHUxpLb4vm3y9lXDH5xIB3Y+kh5hlOCpU1M9aNO4gStvuRaJR7LRoNwQoTGipZY88N5jUoNzTg6luuCLv3Zo8QDJ7JtumSf7ovm6TpMLTn/eanK644k+32sKWuY06ThoLORAmaLjCLDSlb/pW3CrOYfqxGlrzPofKDgKLmpsvkEC0MHJr2X7lsoKGBs4G1fDKhmU8ooHHnTrpWOixMIxEe9mHTWKWrZtHV5laDfgfXbjYo7C3Zlor8ttSr5kyihj/dwyPbN1R43TLZ1IfOZT0bHQa186kG2DyCFotv9Hayb6YKxOhQ8E2d7sOsNwRe2ANsWvMYtVn26mCbva+nW+LUPxiLhIFjEGznQl8UI7BourBArI71WjEthzoY9GPR2UFBOpYpptdw4QouiY+yZE+41DxGEi7sYPy6uWFCSGP2vIN52Q3rlsAAJTBsGc6eL0yPYLgTonAoGmOvKhxh0Q+VK+hatr33mqwdwoV3/dwScKIERgzDOVEYbhxuCWzpEohpKeWWzrwbv1sC0S4Bl+GiXeLu97bqEnAZbquufjfz0S4Bl+GiXeLu97bqEnAZbquufjfz0S4Bl+GiXeLu97bqEnAZbquufjfz0S6B/wegJvRG/6+c+gAAAABJRU5ErkJggg==\",\"name\":\"神领物流\",\"status\":true,\"updateTime\":\"2022-08-30T19:16:03\",\"updateUser\":1}],\"isError\":false,\"isSuccess\":true,\"msg\":\"ok\",\"timestamp\":1695012218420}',NULL,NULL,'2023-09-18 12:43:38','2023-09-18 12:43:38',15,'Mozilla/5.0 (Windows NT 10.0; Win64; x64) AppleWebKit/537.36 (KHTML, like Gecko) Chrome/117.0.0.0 Safari/537.36 Edg/117.0.2045.31','2023-09-18 12:43:38',1),(1153310364000059873,'192.168.150.1','OPT','平台管理员','应用-分页查询应用','com.itheima.authority.controller.core.ApplicationController','page','/api/authority/application/page','GET','[Application(super=Entity(super=SuperEntity(super=com.itheima.authority.entity.core.Application@56489bf0, id=null, createTime=null, createUser=null), updateTime=null, updateUser=null), name=null, code=null, status=null, describe=null, url=null, color=null, logo=null, lastUseTime=null)]','{\"code\":0,\"data\":{\"current\":1,\"orders\":[],\"pages\":1,\"records\":[{\"code\":\"1653976591227\",\"color\":\"default\",\"createTime\":\"2022-05-31T13:56:31\",\"createUser\":1,\"describe\":\"神领物流开发环境\",\"id\":981194468570960001,\"lastUseTime\":\"2023-09-18T12:43:10\",\"logo\":\"data:image/png;base64,iVBORw0KGgoAAAANSUhEUgAAANwAAABGCAYAAAHQoMoyAAAABGdBTUEAALGPC/xhBQAAADhlWElmTU0AKgAAAAgAAYdpAAQAAAABAAAAGgAAAAAAAqACAAQAAAABAAAA3KADAAQAAAABAAAARgAAAADSHK/uAAAePUlEQVR4Ae1dCZwU1dGv3ZnZ+74PFo1GjcYYNd5Xohg10agxioqKSLxFQEQ8IqiIIKIoKIiKgopiEs94E+OtMfHMp4lnjMLCsgd73+dX/+qp3p5mZnZ2bcbZpev3m+nu916/fle9o169f8V9e9I+fRRFio/it+RTYT84+k//oMyx5ziaprhgRZo14RLK+PUp1NfTTXEer3xw7dh9CQlQanrhz5Sy76HUXV1B3vxi8mTnqZcZPsDB/xA0h/gYSD/mDxtwqbvvZvlI4o4/2fxjpx0ckDjri0FzGJeSSqkH/JKaX3rSfBE5dIKC5rCvtYVyzr3S/Fhfd7d8q+zht8xvZp50No164BV5jktMIiRSizx38mzycDEHo6A5DBbQKbegOXQq8mDxRDWHUc1dyI/lXTLXrPxgRTIUt6AfQwtL2X8MKYPHJSRS6fIXJX74FVyzVBKC++S9DD7DPVpnOAr6MX0BEYD6OjvIk5Fl5rTqugs1CKWNOd68B/t4C0rMcKaH/yZkAyn74ztE6Ma8PgnqBJMbHaItCZojsnwoPjWdCq+/mxoeW0F93V3S4/TU1ZAnJ586PvsXpY45jtrefY0aHllGhXOWk7doFK0/+6iAmEPmLCCUQw9h68yhb5jRRDVn5lejdBPVkoxSnszPBGUA09d2U3jDvZS4w642V+Oxat4l1P7h26Zf/tWLqXrOZHkuXvwoVUw+UZgCnaGdNl4+nig+nooWPCQcvnHGGRIkLiWN0o86iRofX0Hx6ZlUcvvjVD5hjP31kM8RN0uT4/1RBetaEEbdcb+BM1TCGVNqePReav/PB5S0y56UeeLvqfN/n1PCD3Yy3on30OhH+gsH72gn3dPcQHG+RI2Gys/4uXkf7ibiZll+1uEB8SDx9l9vR3tAmO6N66hz7X/FrfHph7jbu5e8uQWSsXXjf8G9fS+1vvdGwDvBHlpff0EyFM9zIPwipYgzV3rfX8042/71jpRq3f23mW64qVtxi/nc+s9XKe2IE2jj9HG09pT9qf7Bxdzkeij3omvk3b72NvJtuyPV3DSd8qZxU+3tkbkzaquP70Flj/yd0NzTf30yYTKHCeC60w+hrDOnmt8JdxNxs9RIUg44nPKm3qCPcl077iAiHohijQaduVjLQLj0RNwsw0USq35uzcVqzQyUrhHdLEd05gY1/UIziOcV1ij/kq6vq5PWsbgkVmlQNYcZiWYMGYrzJZizFGsGMa9USj3sWL2lovkPyA8Oep83fb74Fy9cHXDVMOLIf6NW/k1vI75GnDlkzEobLj7B+hiwDk7Ydicz0968IvKO+gEl7b6fzCMrZ54j73mycslbPJpqbr5cwvpGbUdpPEnGVad1vW0tlPDDHxMm3huvmBDwvUgeIhsKvF4abZF5tX/yLlXNnsRL4gLqqa2S7/hG/5C61n4l9/aCgGPV3CkUl5hMfW2t1NvazIneheJ4sowpWsXUsZIhnShLJPzX/LenqH71UipZ8pQ6ydXZiXNvb0DkSbvuLYkpvu1PZinHp2UEhOniSTOojueU5RN/Kfdt/3iFEn+8J68GPpNnT44hWzULw+MhzFfrHlgk/vWr72TB8HkyWe788mOZPNfccrn4RfIXWbO0ZU4jjk9K1lsqvPZO876VM4H1G1YEGb85jQquXUbtH70jBZH52wkygc6ZOJ0yjj1Dak2XSUm77SsC5aZnDf4btfwFqltu8KRGHpeUorcDXiNqlughexvrJbKC2XdRx6cfSZMpveOJgA9oIgMcv8eHiGoOGVMm92TlUU/9Juqp2hAy2ViqQIyVPWEalT38pvSM2HdI3HUvyho/hSBT83BHg2WMUv4fFvFKvUzCq9uoFS/Jd81n7jHLbAta9Qt2jShzeLF6wQx538fys5yzLg34KDystSZNiZdAKQcavAZ/H/egoDZenNaDp+LiKIV3B0AYLpJ+so+ISLVTgjtke61/N4aAuORUav3na1S7bHMxBcIGo4iapfVFlHocJ0yp44uPqfLqs/Uxpq6DzlxMpX6AxETcLAeIJya93czFZLVEkKgRzXMR5H/YBhnRLDdsayWChLsVF0EhxWIQt+JisVYiSNOgJV8RxGkG8ZZsQyW8Uo+EsIu//ryjIwnqhuES2CKTk9J7nidPZk7YAu5jqUXbB29Syl6HbBZu09LrqeXVZwLcsdMMLRdIErG866osp8zjzwwIow+QQ/nKtqfsMyZTx5efUHxyigjUsNyENBGEzdyehlqWbVWLqpwK4DZM4Y3gRcZGMMKraKfRL/XQb9SzmEf9rOHU3361LnXtfkN5dpzjNDP2xEAuvWHy76hnkyEEtPsn7/NzSjv8t5S8+/6Ue+FM3lSeSBsm9UtFa269ihK235mK5q3k5kbU8PBSs+IgW0MlQb42yr/3i2cIQnyl21LdyoUc5ywRYKDCusq/praPWAjCESWzJLW3uZHSjzlV3LLPmm4mDWpTm5ZcF6COmDXuIvFHxSl5eBN83YTDqGzly/JNNDylgqtuM/eI1c2Jq6MVFx+Gy8AppXc+LWlWmYSdM5vWPBYghLFmMOP48aSFlrLfGMrhilCC2Brk5Uqykrqj0kDJe/G+NlPTmscJMsXGvzwoFYeCb3pmtfxwr+n0Fo7ib15I7f9+n5J+/DNq//RDeV//wEWZp5xPyXscyCqihgiw5rY/iCYDhLrKZdU3TtNXHLs6Ojnp5a4nEoJSLTjT3p2mH/E7cRc/LkArNT75AEHIC6qE3h6r2Skl7210t3lT54hTd02lCILRHaPwwFEgVA4IXA1KP+Y0ueKvYNYSFulzj1C3yXRDxYJa3nhBrrV3GvHLA/9BDJl5wlnU/PJfKOWgI8S54z+Blathnb46WnFIHAoK6iZQ9rFTxTRWz/arltj97M/a6u3ueO5gDqi9a67xLf5e81+N1r7hgmPFrbv8f6L20tvSJA0B2xcoXKUkrjikE90vCFxSNfsiamaOt1LO2YaINvN3E8W5YNZSudatvJUgzU/+6X7U8iZrnXKe0n91svVV8x57PQVXLRKtLtPRgRvHJyfgFrT4qjmTqHvD2rBJhN586V3PhgyjXU3IAFuxh+McV87Kt968Ql4G/Nns9lCZ+Pl4WzXjtxNM91CVBq24YJWGOBK4m8XOCnYqsbsCwg5LCW8z6YxRT3hgtwXf8JVtx7rWaZT4o90p5eCjZOclmQ9e4B0lUTrzP+i+dPEiPqDBExTfNjtQzvkGdyINIOzwYEIDsupWYkcneb/DeENkB/Ej3mjEvoN9/DU8h/7vOMdpUqBZXboscEqvfqGu0ACsvmFKKG/X3VICW6ziLN8wbzHrxEwP6yqsoborec8ywjHPjMS9kRJwdDkwUJli1hnpzHOguLZ2f8fHuK29QKOVf7fiolXSDn8nqmOcw2nfqqNzOW6YVr9bcW7FDdMSGKbJdjnOrbhhWgLDNNkux7kVN0xLYJgmOyoiL2xQArfHvnGKQ/04StD5tXGEZ5iW4feS7C26AC+YeQef59g7oozVLJ5JrW+uiSisG2gLaXnFZ2TzGU9ju38whYzjjOVnHhb0FXAtFIrq7l1A3RXGATwNiOOPLa88Q41PrFQnc29OHTbdfo0AOSRsv4s6mVfBJfE/6RnSimm818Z7acULVlEXbwhDC8xKhfNW8gnGeLK+C//Se9cwJpqHNi2dTW18wGhLkeMcF+k+XMtbayj1QENPw545+yYqzrSmHXqsbGr2drZT+/tvCcRI8c0P21+VZ7yPDc/umo2sQ1IjIDTAW/Fk5bCm2C4EhSAPNy5groBQ+KMeeJWsBxoRR9qvxsqpsvbPPqLO/34qYfHX9v6bDCvlFZWETctuEO20RD6KGoo6vvoPVV51VijvIbk7PsYNtHkK3Y9aziwOGYequJKlT9GGC48zM4SzvYmsZQWOjOejcih40dHjfygOFTLCGLSsoN5nJRxrBXIQdt6x4929/n+yHxiXYGDCYH+wftVieQWV1tfXZ56Qw845ILdASbxzjp+SKBT59xFzz/+DsVvPXDZ69duEhlV+emRgOhrfUK6OLgdUfS5YQppefFQyiEoDQaEHrRq/9Rceyxx0H0H3EoTT4zj7qNTClb3+7CNFQQdu1uOGvY11EqyXsW+UAFoIamXtLEAwtbzxIiWw+kJ8WqboSHYwB0GvEpWVN9nQgcRzO+/AK3V++yVtuOh4qn94CVVcdrpca+64Vr3NSsXYDCq9+3m51iy8ik+97y8/qFeA8zF0OE2OVhx0H0NR+pEnUuIue5je0AEh1rUE9bByUcMf7xIgB1QkwOTskxrofuh5UUPvo0/eLb7FULnLOGacPOMP3TW6RlDt3TdS09OrzGe44dw2ZrhWxdXquVMJPyXcAxMQjREn8nHtre9XP2xmwFBQ7gUzpTEAZxC6MtA/ybv0RvllnTFF3HIvvlbCOvnneFcZLnGFfNgdBBVxPfSu4TEWVV5zPgEuq3LWuQEchzCqkAOEKIwvStU3z6D86TdRy+vPUeohvxbnhG12FKVUYIdZqf2T9+QRFQuN5nCExrHpjuskCJRhQb0tjXLVP2hQ48Qz0t7HlQbMRjQ8vFvLwKw4xA/FqS2hR9NfApqa73CFAipmWgMR9AztBFU9gLdBbXz9uVwBPN4oAdtVqe39NwQaF+MeSGeYPX6AAbi1vvM3KUDcg1CQAMMMRwYX94dA41KQTJxZCEZZp02S/AJiEpUWTRq4lAeRmmrGVvuuBGWiUttSovbueQEVAaCQxB13lU/lnGeozaWwSpyVoD6XctCRplPjc4+Y9+kMdQECop9SG3ef6y/4jT5Kj5C854HyHB8CygKN1Kr4i3ExWuRoxbV/8BZ1bSz/zmnHVB1jRiiCFjPUwoE3ovggQInp+OrftM6/DsQpnDzWcYQeJ6jpL6tEWxkHPjBWdjLqDAD60LWBqpnD7AdScN4B4UBdPJnSNWAfzxxTf250y9qdIkwnnwyKFjlacUh0BZ/IqeeTNHaC/n7L68bMy+4X7Dlpt32COZtu6CKBrogfqOW1Z3mtNJEhflrkuWLqSXLNOvUCucqJHB5zgF+EbnDjdIPryh56Q/xD/QHhA9T63usElXSMsZiYaPeNxqrU8eW/9Vaum243DpvYu+GAQEN8cHQBnv37y0SyoWnx8MCcwWfYUvY/nDyMiKqtG5lOO/x4DRb0WrN4FovAXgzq5zry3C0Yfv5QCwaq2/E8zW94YiU18OJ3IMo+53JK/+UJQYPhgKFOPIIG2ModHe0qN/pxeIBrhe4Bv7JVrxPkerlTjIUuyluw1VkyEarSEMZeacCuU9Qk7XqKbn4IQQnAYtkMeARSvX/caxpwD5i3gll34LbfndHSlAA8LgS4YU43pDegNF5/wjoBIOFSWEQXz5MngCHBDff6DchSi268v/+d1ezPa8Wimx6UswPi4eCfoxUHaUi3H3ZO04hKSuSTpBBvYSIBMHxUpt3ChYbHtcI//ljdsDzoZJlfMOrkSYmKp+z+sKgByh4/1Zxc4Bndth6jwrNS1vjJtPbk/ajj8/8Tpxx0//ctEOBsDUO87OnlY2TQykY8OK5sPaKFd9adeqChtc0Nof3jf5qvOnXjaMUhURvO/41IC4IlsIztaAy03oHQ1grpZcbD0M6oBMB64WQoOKj943fFG5IWoNkJ8YzRiiYJURqoi+WUItLymwLI5UOQzS8bXAV/SFLwXstrz1HOeVfyWvEwOMu6spfXgIk/+qk84w+yT0hmUg/tXz6YnnyDtWjKIb9iEVuG4CfG4eyzw+ToGGdNW96Mm/lgfvCFqzWc9R5nxLsdWE5Y4xyp91us4qTAWGJewMdtcR46HNXwXhkEwi5FXgJbtuJs6QBsY3xGJoufOqX/h4zPpaGVgKOyyoGSAAEy+eFjBwrr+ocvAccnJ+E/5/o6VQJuxTlVklGOx624KBe4U59zK86pkoxyPG7FRbnAnfqcW3FOlWSU44nqOi7KeXM/55ZAzJWA21PGXJW4CRrJJeAy3EiuXTdvMVcCLsPFXJW4CRrJJeAy3EiuXTdvMVcCLsPFXJW4CRrJJeAy3EiuXTdvMVcCUdUSimbu4/l0CQ4w4NxVXFKSWOXGAXGcjerjaw/OA7sI3tGsEvdbXALDnuES+ERq+pEnEU6i4gDiUAkYJM1rHqXWt18a8LjxUL/hvueWwPDb+GamAo4bUDHi/Oc2tkQ1wuJY7T3z2SzQt1siejfOrbQEhg3DATiq4IqF5C0oiWpVwVha3YqF1Mx4SJGSj5FTiv2GPPEOzAvWLZ9vvg58IfsBaphpgs1IEE7ktX34thkeNzhM3V21gU0WHkL5MxYE+NkfFH8QlvCS2BxUJNTFHUvF1LESFKYUfSWj5b5uxS2GbUxLJHoQHHA9RXNXmD7NrzxNdst6pqflJo/Tr4ZVYSAOFnEBYoJzXQlqQsoSHmg0cZajpzDohp+dOr/5kmocwPuwx+vkc+wzHI9ihbPvokQ+v/tdCIyDRtvw+AoxZge7Yr5io1FFEi/AxSpnnhMWCRUnLGG3MxxVL7xSRs1QcH+h3lUIJivagRXVwMMdUanflhpQeQAkZqesM6dSxtGnijNMUNavMs5TW8OhQ1ObbCiz8vGHyrFhaxhlOJwJD4WeZw2v93X8vSa/6cvixY+Rr2iUeAG6ELCFgIPyZBu2UhN33oMUXAaBOhiysI3zFY6AiAdYqVimmF7DxTOmZOmSp4a0NsM5cJihbnjifurxn/3WisBoAgCZ7oq1jL+VIcd8cXwYx31DEdaHOJBfy+CmoUY7YJ4oIBviyZ10jYkphueNV/+eOr/4hHyjt8ejSRWXnioIe7CeDGp85mFq5I5BrSqbAfkmac8DzMcuBuVR8IIKbrAYGRN32k1GQWKko4Krbw85wgFbDD8lMCgYFaAEShhVcEbfTvgm8Gtq75onP7u/PidstxMpZpu64Vq88BGT2fAMLLWci2ZR7ZLZeJSj4VZmq3vgNtOmrQTw/8Goouah65svqPGpB63eMXkf0wxXfNOqQTMbQA/qgMntB0oIVuqAqMRvIAIYXsoBhzPi09EMF8ZWPZkAooD1HUAlwlHh7LsDzvgbaFHBz+2jkQMDQAnTqmBYALDy6fXjzQF7HLgGwCoAlkAqWw1teeN5YTisbZP36GdMxAsAP2tnALfUXxwjZtZxn3nKecJwQES2oiITEEMeCZze6giH90rvfk7wWnEPrAVgrSrhm8EIHU/psmdNEF6ATCmzAVHSjpgJkAz8whFAeTuZ6ayAF+HCf19+MctwGG3U5PpgCgfgvUXX32O+0s6WuBseXU4dfnRKeCQw0krRvJUSBlsF3ZXl3Hj/Kw0YKJaKuIz1BYxTq4FqvAAQDV/ptqEZjht7CUPk2NeaGO1AaJRAYrESrIdbCfAGwSAOAMuNdZJSzgVXUxeP0vihcwAsnPoDDsdOWadfzCPC6eKMKWUHj7ZDoRxmKnRsXd9+ZdYRTvBjraUE46mhYOj6WlsEhbSY4XpAqQwmAjg8WHcHBm/96qUaTT/gJQOfmOQHwQRYimIHY6tnOGzzxCzDAZbOCUpi/OAkFh4oQfwPBlQIWQAxJ/DIgZ+dZN3H2wT1DP2qkBAAhA5FaORARwXCt5U6vvjYHCGBj1W94DKrN0U6pcTeIjqUYGTvoKydRLDw4dx8o3/I09KDZWqKzslOadzpAIDGawGuaX339QAgG4UZtL+rz5gCAhcFHQUI0ExC3GGNZnvgSgp2UzAT0+O9xVlHa+A4A3IXpGtceYjhv9hluPZWwfNP/tlBjhYfph6QdkZCWMOkMqosfmC+qjmTA0ZKexxgtI1XGqNV9sRLKXm3fSUImBUw/Wio3sLSgHWSPQ591oaoz8Aua//XP6hi2immk/UGoHTJDAIHAkSWfRSFe7wFbhgI8MHIPhXGNC1h2x0DguqUssgPXA7Pzq8/pXRGeVdqffc1vQ16hZRWMT4RoOr6SRIucYd+4VhPU8OIQ5aKWYZD6VfPv5TymTmsC2iple/hD8xXyCMlcNpql80NmgLB2/H79LW1BoSBeQU1sYARBCOdkiLu6zP2GK3o+1ivgdlAqb84mtddBtCsGgwBEytzIwxQi0GQyDa/9CR5S7bZTHoK5gcaMUaLXsYd7+UODlR5HQPoMr6dSUHWcPDDN2G6AQSRvhV5GQKrdjbbEApYHp0JMGiVMA1W/LwEywgeakqq7w3Ha0wzHAq0+sZpDN+ZQ3lTbwjAKA9X2DCKEudNiAg4P1w8wfzSDjtORitIG4dKEHboKKFxAIfdKqWEMbZg1PIqCxtYZS17wjTeKtnFlFJqWOynwdIPCOvWvGlzWQtnjDwDn33jjPGiMFB040qJB9sYtbzX1vr2XyVMALMZLkH/sR+o1PbBm2SdibQxKnX+ZQsC3GDIoP0jQ/iSc9E1bCbKaHrYT4OCgZJ1yox1YjjqYUtJOqXM5z08rLkrLjmZp6eN4V77Xv1ifx/OVjyAlIWBGkzz7FMda1CYBoEEz8t7PcCrx8JcK9kabij3EHyEW8shTh9LGtWqIQQIXbwpG44Aj+vJL5YgmILatzLs72LfLZ7txdgJe1GAqQUl7rw7zyM9cg8oeLs1RWATq9EhfDOUVk2CX0IrEfFfJ69JMWrqNkp31Xry5peYAgykXbc++ni0RAeDUVSI12hiKMkfWW8Tj67MKErWNMl7PK0EoTyxhQPCdg5sEYBg1ycB2yx+Bhbps3WEllCx8xezDIcpCvaAAIlbd/9tRg9sMdESsgi5gaEhwNaOVoo1rMDnHzde1lND1b2EmbMO3hpwyS2BwZZAzDIcMgKxd1oQbGos0Ds+/5iNK37GvfbnYillUCJh3sROG3McZRzHhqVyDSlXpAUHC5sVl4ztF1eHeBE9NQcyRhWeToHQS8PiSy/32rDfFMcSUh1VsMcGs3cYaQy/JNGIkfd4zdfTWBtg8QwjvbeoVOLFH0YQ7WAwanmLywLciDsg2evr7eM0VAaMKmYkfINRFp2V3VIAwiCN8ckpkie7PSlM+32lP2B88m84nZskSqzVPPlFPMJ9bYrsMTJ7+RuQUmJkg2jfW8ijo4W0jLysXgbgYEwdlWAdwMejq4x+OnXk7ZLEHX4iNiC7omjKSNM0mGv8YAJHOyz08oJJuxK225nS2VIphAfFbB4CG7NqokGvGSdMMJOLBpjO+0+l9zxvhGPLOVi7DJrZWBReMX1cWGZTcxFJu+3N5m+/7d+PYybHRj5MFYLA7FhfKRXNW0HFix4VoYj4TZmjXqLals6mJ6wEPUbEB8J0VZkNz1g/YW+vZMmTptjdk50v4cGIEPXDrpddnxPvYh2Zy2ssK0G4gnL1ZGZL5wbVLwD9g8CgMJOB73WwcAcWZ5VgoxJpVOloARs/zZ8+XzRidPqMqS7Sj/dzzrlC7tEhgWA3M2vchXKPmYl8h437dLAUVg3OQcgCY6aegmKZDVn3AuXFGPszVq4xlihrcmoWzBA7KNCnjPR0AKahWLtANUrXGdY4h3Jfs4gNkrPJ5IEIvfvaU/YXDRUo9qIBlE88grmiM0CahymzXQEXisKwFtXLG8ORUhJvPfiKRovZEIwYKQcdQTD5BTNbkJTCyoXoVVqm4+2fvE99LKzA+nZz6tvMCRJJbIvALJcwCI9i3kLjXYyaGBEhKME6GSc5YHSvbvlNm3VMVTwV9/EWQ97F10nHA73StndeNr63+WcD0mF+50M2E8Z5wQgHgiRz7WkHUxpLb4vm3y9lXDH5xIB3Y+kh5hlOCpU1M9aNO4gStvuRaJR7LRoNwQoTGipZY88N5jUoNzTg6luuCLv3Zo8QDJ7JtumSf7ovm6TpMLTn/eanK644k+32sKWuY06ThoLORAmaLjCLDSlb/pW3CrOYfqxGlrzPofKDgKLmpsvkEC0MHJr2X7lsoKGBs4G1fDKhmU8ooHHnTrpWOixMIxEe9mHTWKWrZtHV5laDfgfXbjYo7C3Zlor8ttSr5kyihj/dwyPbN1R43TLZ1IfOZT0bHQa186kG2DyCFotv9Hayb6YKxOhQ8E2d7sOsNwRe2ANsWvMYtVn26mCbva+nW+LUPxiLhIFjEGznQl8UI7BourBArI71WjEthzoY9GPR2UFBOpYpptdw4QouiY+yZE+41DxGEi7sYPy6uWFCSGP2vIN52Q3rlsAAJTBsGc6eL0yPYLgTonAoGmOvKhxh0Q+VK+hatr33mqwdwoV3/dwScKIERgzDOVEYbhxuCWzpEohpKeWWzrwbv1sC0S4Bl+GiXeLu97bqEnAZbquufjfz0S4Bl+GiXeLu97bqEnAZbquufjfz0S4Bl+GiXeLu97bqEnAZbquufjfz0S6B/wegJvRG/6+c+gAAAABJRU5ErkJggg==\",\"name\":\"神领物流\",\"status\":true,\"updateTime\":\"2022-08-30T19:16:03\",\"updateUser\":1}],\"searchCount\":true,\"size\":20,\"total\":1},\"isError\":false,\"isSuccess\":true,\"msg\":\"ok\",\"timestamp\":1695012218450}',NULL,NULL,'2023-09-18 12:43:38','2023-09-18 12:43:38',42,'Mozilla/5.0 (Windows NT 10.0; Win64; x64) AppleWebKit/537.36 (KHTML, like Gecko) Chrome/117.0.0.0 Safari/537.36 Edg/117.0.2045.31','2023-09-18 12:43:38',1),(1153310373005230593,'192.168.150.1','OPT','平台管理员','组织-查询系统所有的组织树','com.itheima.authority.controller.core.OrgController','tree','/api/authority/org/tree','GET','[, null]','{\"code\":0,\"data\":[{\"abbreviation\":\"\",\"children\":[{\"abbreviation\":\"\",\"children\":[{\"abbreviation\":\"\",\"createTime\":\"2022-09-29T18:15:46\",\"createUser\":1,\"describe\":\"\",\"id\":1025108643500246881,\"label\":\"光明区营业部\",\"name\":\"光明区营业部\",\"parentId\":1025103512826260673,\"parentStatus\":true,\"sortValue\":0,\"status\":true,\"treePath\":\",1025103176946395585,1025103512826260673,\",\"updateTime\":\"2022-09-29T18:15:46\",\"updateUser\":1},{\"abbreviation\":\"\",\"createTime\":\"2022-09-29T18:15:30\",\"createUser\":1,\"describe\":\"\",\"id\":1025108572721366561,\"label\":\" 宝安区营业部\",\"name\":\" 宝安区营业部\",\"parentId\":1025103512826260673,\"parentStatus\":true,\"sortValue\":0,\"status\":true,\"treePath\":\",1025103176946395585,1025103512826260673,\",\"updateTime\":\"2022-09-29T18:15:30\",\"updateUser\":1}],\"createTime\":\"2022-09-29T17:55:23\",\"createUser\":1,\"describe\":\"\",\"id\":1025103512826260673,\"label\":\"深圳分拣中心\",\"name\":\"深圳分拣中心\",\"parentId\":1025103176946395585,\"parentStatus\":true,\"sortValue\":0,\"status\":true,\"treePath\":\",1025103176946395585,\",\"updateTime\":\"2022-09-29T17:55:23\",\"updateUser\":1},{\"abbreviation\":\"\",\"children\":[{\"abbreviation\":\"\",\"createTime\":\"2022-09-29T18:16:20\",\"createUser\":1,\"describe\":\"\",\"id\":1025108784911206497,\"label\":\"越秀区营业部\",\"name\":\"越秀区营业部\",\"parentId\":1025103442882046977,\"parentStatus\":true,\"sortValue\":0,\"status\":true,\"treePath\":\",1025103176946395585,1025103442882046977,\",\"updateTime\":\"2022-09-29T18:16:20\",\"updateUser\":1},{\"abbreviation\":\"\",\"createTime\":\"2022-09-29T18:15:59\",\"createUser\":1,\"describe\":\"\",\"id\":1025108696675633121,\"label\":\"花都营业部\",\"name\":\"花都营业部\",\"parentId\":1025103442882046977,\"parentStatus\":true,\"sortValue\":0,\"status\":true,\"treePath\":\",1025103176946395585,1025103442882046977,\",\"updateTime\":\"2022-09-29T18:15:59\",\"updateUser\":1}],\"createTime\":\"2022-09-29T17:55:06\",\"createUser\":1,\"describe\":\"\",\"id\":1025103442882046977,\"label\":\"广州分拣中心\",\"name\":\"广州分拣中心\",\"parentId\":1025103176946395585,\"parentStatus\":true,\"sortValue\":0,\"status\":true,\"treePath\":\",1025103176946395585,\",\"updateTime\":\"2022-09-29T17:55:06\",\"updateUser\":1}],\"createTime\":\"2022-09-29T17:54:03\",\"createUser\":1,\"describe\":\"\",\"id\":1025103176946395585,\"label\":\"华南转运中心\",\"managerId\":1024705709255773345,\"name\":\"华南转运中心\",\"parentId\":0,\"sortValue\":0,\"status\":true,\"treePath\":\",\",\"updateTime\":\"2022-09-29T17:54:03\",\"updateUser\":1},{\"abbreviation\":\"\",\"children\":[{\"abbreviation\":\"\",\"children\":[{\"abbreviation\":\"\",\"createTime\":\"2022-09-29T10:38:26\",\"createUser\":1,\"describe\":\"\",\"id\":1024993548853984385,\"label\":\"江汉营业部\",\"name\":\"江汉营业部\",\"parentId\":1024991961163118369,\"parentStatus\":true,\"sortValue\":0,\"status\":true,\"treePath\":\",1024990726519403457,1024991961163118369,\",\"updateTime\":\"2022-09-29T10:38:26\",\"updateUser\":1},{\"abbreviation\":\"\",\"createTime\":\"2022-09-29T10:37:56\",\"createUser\":1,\"describe\":\"\",\"id\":1024993422324415489,\"label\":\"武昌营业部\",\"managerId\":1024705709255773345,\"name\":\"武昌营业部\",\"parentId\":1024991961163118369,\"parentStatus\":true,\"sortValue\":0,\"status\":true,\"treePath\":\",1024990726519403457,1024991961163118369,\",\"updateTime\":\"2022-09-29T10:37:56\",\"updateUser\":1}],\"createTime\":\"2022-09-29T10:32:07\",\"createUser\":1,\"describe\":\"\",\"id\":1024991961163118369,\"label\":\"武汉分拣中心\",\"name\":\"武汉分拣中心\",\"parentId\":1024990726519403457,\"parentStatus\":true,\"sortValue\":0,\"status\":true,\"treePath\":\",1024990726519403457,\",\"updateTime\":\"2022-09-29T10:32:07\",\"updateUser\":1}],\"createTime\":\"2022-09-29T10:27:13\",\"createUser\":1,\"describe\":\"\",\"id\":1024990726519403457,\"label\":\"华中转运中心\",\"name\":\"华中转运中心\",\"parentId\":0,\"sortValue\":0,\"status\":true,\"treePath\":\",\",\"updateTime\":\"2022-09-29T10:27:13\",\"updateUser\":1},{\"abbreviation\":\"\",\"children\":[{\"abbreviation\":\"\",\"children\":[{\"abbreviation\":\"\",\"createTime\":\"2022-09-28T19:59:46\",\"createUser\":1,\"describe\":\"\",\"id\":1024772425923018049,\"label\":\"长安区营业部\",\"name\":\"长安区营业部\",\"parentId\":1024772115791985729,\"parentStatus\":true,\"sortValue\":0,\"status\":true,\"treePath\":\",1024704844486756641,1024772115791985729,\",\"updateTime\":\"2022-09-28T19:59:46\",\"updateUser\":1},{\"abbreviation\":\"\",\"createTime\":\"2022-09-28T19:59:16\",\"createUser\":1,\"describe\":\"\",\"id\":1024772301733870785,\"label\":\"碑林区营业部\",\"name\":\"碑林区营业部\",\"parentId\":1024772115791985729,\"parentStatus\":true,\"sortValue\":0,\"status\":true,\"treePath\":\",1024704844486756641,1024772115791985729,\",\"updateTime\":\"2022-09-28T19:59:16\",\"updateUser\":1}],\"createTime\":\"2022-09-28T19:58:32\",\"createUser\":1,\"describe\":\"\",\"id\":1024772115791985729,\"label\":\"西安分拣中心\",\"name\":\"西安分拣中心\",\"parentId\":1024704844486756641,\"parentStatus\":true,\"sortValue\":0,\"status\":true,\"treePath\":\",1024704844486756641,\",\"updateTime\":\"2022-09-28T19:58:32\",\"updateUser\":1}],\"createTime\":\"2022-09-28T15:31:13\",\"createUser\":1,\"describe\":\"\",\"id\":1024704844486756641,\"label\":\"西北转运中心\",\"managerId\":1,\"name\":\"西北转运中心\",\"parentId\":0,\"sortValue\":0,\"status\":true,\"treePath\":\",\",\"updateTime\":\"2022-09-28T15:31:13\",\"updateUser\":1},{\"abbreviation\":\"\",\"children\":[{\"abbreviation\":\"\",\"children\":[{\"abbreviation\":\"\",\"createTime\":\"2022-09-29T09:49:44\",\"createUser\":1,\"describe\":\"\",\"id\":1024981295454874273,\"label\":\"虹口区营业部\",\"name\":\"虹口区营业部\",\"parentId\":1024980990084376673,\"parentStatus\":true,\"sortValue\":0,\"status\":true,\"treePath\":\",1024980958136362977,1024980990084376673,\",\"updateTime\":\"2022-09-29T09:49:44\",\"updateUser\":1},{\"abbreviation\":\"\",\"createTime\":\"2022-09-29T09:49:31\",\"createUser\":1,\"describe\":\"\",\"id\":1024981239465110017,\"label\":\"浦东新区营业部\",\"name\":\"浦东新区营业部\",\"parentId\":1024980990084376673,\"parentStatus\":true,\"sortValue\":0,\"status\":true,\"treePath\":\",1024980958136362977,1024980990084376673,\",\"updateTime\":\"2022-09-29T09:49:31\",\"updateUser\":1}],\"createTime\":\"2022-09-29T09:48:31\",\"createUser\":1,\"describe\":\"\",\"id\":1024980990084376673,\"label\":\"上海分拣中心\",\"name\":\"上海分拣中心\",\"parentId\":1024980958136362977,\"parentStatus\":true,\"sortValue\":0,\"status\":true,\"treePath\":\",1024980958136362977,\",\"updateTime\":\"2022-09-29T09:48:31\",\"updateUser\":1}],\"createTime\":\"2022-09-29T09:48:24\",\"createUser\":1,\"describe\":\"\",\"id\":1024980958136362977,\"label\":\"华东转运中心\",\"name\":\"华东转运中心\",\"parentId\":0,\"sortValue\":0,\"status\":true,\"treePath\":\",\",\"updateTime\":\"2022-09-29T09:48:24\",\"updateUser\":1},{\"abbreviation\":\"\",\"children\":[{\"abbreviation\":\"\",\"children\":[{\"abbreviation\":\"\",\"createTime\":\"2022-09-29T09:47:54\",\"createUser\":1,\"describe\":\"\",\"id\":1024980833938827105,\"label\":\"顺义区营业部\",\"name\":\"顺义区营业部\",\"parentId\":1024980728632436289,\"parentStatus\":true,\"sortValue\":0,\"status\":true,\"treePath\":\",1024980634071852417,1024980728632436289,\",\"updateTime\":\"2022-09-29T09:47:54\",\"updateUser\":1},{\"abbreviation\":\"\",\"createTime\":\"2022-09-29T09:47:46\",\"createUser\":1,\"describe\":\"\",\"id\":1024980800111765185,\"label\":\"昌平区营业部\",\"name\":\"昌平区营业部\",\"parentId\":1024980728632436289,\"parentStatus\":true,\"sortValue\":0,\"status\":true,\"treePath\":\",1024980634071852417,1024980728632436289,\",\"updateTime\":\"2022-09-29T09:47:46\",\"updateUser\":1}],\"createTime\":\"2022-09-29T09:47:29\",\"createUser\":1,\"describe\":\"\",\"id\":1024980728632436289,\"label\":\"北京分拣中心\",\"name\":\"北京分拣中心\",\"parentId\":1024980634071852417,\"parentStatus\":true,\"sortValue\":0,\"status\":true,\"treePath\":\",1024980634071852417,\",\"updateTime\":\"2022-09-29T09:47:29\",\"updateUser\":1}],\"createTime\":\"2022-09-29T09:47:07\",\"createUser\":1,\"describe\":\"\",\"id\":1024980634071852417,\"label\":\"华北转运中心\",\"name\":\"华北转运中心\",\"parentId\":0,\"sortValue\":0,\"status\":true,\"treePath\":\",\",\"updateTime\":\"2022-09-29T09:47:07\",\"updateUser\":1},{\"abbreviation\":\"\",\"children\":[{\"abbreviation\":\"\",\"children\":[{\"abbreviation\":\"\",\"createTime\":\"2022-09-28T19:57:06\",\"createUser\":1,\"describe\":\"\",\"id\":1024771753995515873,\"label\":\"青羊区营业部\",\"name\":\"青羊区营业部\",\"parentId\":1024706903290237921,\"parentStatus\":true,\"sortValue\":0,\"status\":true,\"treePath\":\",1024706655985685345,1024706903290237921,\",\"updateTime\":\"2022-09-28T19:57:06\",\"updateUser\":1},{\"abbreviation\":\"\",\"createTime\":\"2022-09-28T19:55:57\",\"createUser\":1,\"describe\":\"\",\"id\":1024771466287232801,\"label\":\"金牛区营业部\",\"name\":\"金牛区营业部\",\"parentId\":1024706903290237921,\"parentStatus\":true,\"sortValue\":0,\"status\":true,\"treePath\":\",1024706655985685345,1024706903290237921,\",\"updateTime\":\"2022-09-28T19:55:57\",\"updateUser\":1}],\"createTime\":\"2022-09-28T15:39:24\",\"createUser\":1,\"describe\":\"\",\"id\":1024706903290237921,\"label\":\"成都分拣中心\",\"name\":\"成都分拣中心\",\"parentId\":1024706655985685345,\"parentStatus\":true,\"sortValue\":0,\"status\":true,\"treePath\":\",1024706655985685345,\",\"updateTime\":\"2022-09-28T15:39:24\",\"updateUser\":1}],\"createTime\":\"2022-09-28T15:38:25\",\"createUser\":1,\"describe\":\"\",\"id\":1024706655985685345,\"label\":\"西南转运中心\",\"name\":\"西南转运中心\",\"parentId\":0,\"sortValue\":0,\"status\":true,\"treePath\":\",\",\"updateTime\":\"2022-09-28T15:38:25\",\"updateUser\":1},{\"abbreviation\":\"\",\"children\":[{\"abbreviation\":\"\",\"children\":[{\"abbreviation\":\"\",\"createTime\":\"2022-09-29T10:05:29\",\"createUser\":1,\"describe\":\"\",\"id\":1024985257948084801,\"label\":\"和平区营业部\",\"managerId\":1024705709255773345,\"name\":\"和平区营业部\",\"parentId\":1024984540818568481,\"parentStatus\":true,\"sortValue\":0,\"status\":true,\"treePath\":\",1024982867475820033,1024984540818568481,\",\"updateTime\":\"2022-09-29T10:05:29\",\"updateUser\":1},{\"abbreviation\":\"\",\"createTime\":\"2022-09-29T10:04:58\",\"createUser\":1,\"describe\":\"\",\"id\":1024985129287809409,\"label\":\"皇姑区营业部\",\"managerId\":1024705709255773345,\"name\":\"皇姑区营业部\",\"parentId\":1024984540818568481,\"parentStatus\":true,\"sortValue\":0,\"status\":true,\"treePath\":\",1024982867475820033,1024984540818568481,\",\"updateTime\":\"2022-09-29T10:04:58\",\"updateUser\":1}],\"createTime\":\"2022-09-29T10:02:38\",\"createUser\":1,\"describe\":\"\",\"id\":1024984540818568481,\"label\":\"沈阳分拣中心\",\"managerId\":1024705709255773345,\"name\":\"沈阳分拣中心\",\"parentId\":1024982867475820033,\"parentStatus\":true,\"sortValue\":0,\"status\":true,\"treePath\":\",1024982867475820033,\",\"updateTime\":\"2022-09-29T10:02:38\",\"updateUser\":1}],\"createTime\":\"2022-09-29T09:55:59\",\"createUser\":1,\"describe\":\"\",\"id\":1024982867475820033,\"label\":\"东北转运中心\",\"managerId\":1024705709255773345,\"name\":\"东北转运中心\",\"parentId\":0,\"sortValue\":1,\"status\":true,\"treePath\":\",\",\"updateTime\":\"2022-09-29T09:55:59\",\"updateUser\":1}],\"isError\":false,\"isSuccess\":true,\"msg\":\"ok\",\"timestamp\":1695012220599}',NULL,NULL,'2023-09-18 12:43:41','2023-09-18 12:43:41',32,'Mozilla/5.0 (Windows NT 10.0; Win64; x64) AppleWebKit/537.36 (KHTML, like Gecko) Chrome/117.0.0.0 Safari/537.36 Edg/117.0.2045.31','2023-09-18 12:43:41',1),(1153310375333069345,'192.168.150.1','OPT','平台管理员','用户-根据条件获取用户列表','com.itheima.authority.controller.auth.UserController','list','/api/authority/user','GET','[null, null, null, null, null]','{\"code\":0,\"data\":[{\"account\":\"admin\",\"administrator\":true,\"avatar\":\"http://oss-file-services.oss-cn-zhangjiakou.aliyuncs.com/pd_files/2021/04/ffdc9d9b-287f-4c5c-beb5-8487132898d3.jpg\",\"createTime\":\"2019-09-02T19:32:02\",\"createUser\":1,\"email\":\"\",\"id\":1,\"lastLoginTime\":\"2023-09-18T12:43:07\",\"mobile\":\"13756644565\",\"name\":\"平台管理员\",\"orgId\":874227615173449825,\"orgName\":\"\",\"password\":\"e10adc3949ba59abbe56e057f20f883e\",\"passwordErrorLastTime\":\"2023-09-18T04:43:05\",\"passwordErrorNum\":0,\"sex\":\"M\",\"stationId\":857940157460957537,\"stationName\":\"\",\"status\":true,\"superior\":-1,\"updateTime\":\"2021-12-02T09:16:44\",\"updateUser\":1,\"workDescribe\":\"超级管理员\"},{\"account\":\"shenlingadmin\",\"administrator\":false,\"avatar\":\"\",\"createTime\":\"2022-09-28T15:34:39\",\"createUser\":1,\"id\":1024705709255773345,\"mobile\":\"18500557669\",\"name\":\"神领管理员\",\"orgId\":1024704844486756641,\"orgName\":\"西北转运中心\",\"password\":\"e10adc3949ba59abbe56e057f20f883e\",\"passwordErrorLastTime\":\"2023-09-16T02:34:51\",\"passwordErrorNum\":0,\"sex\":\"M\",\"stationId\":1024705489436494721,\"stationName\":\"神领管理员\",\"status\":true,\"superior\":1,\"updateTime\":\"2022-09-28T15:34:39\",\"updateUser\":1,\"workDescribe\":\"\"},{\"account\":\"xbsj001\",\"administrator\":false,\"avatar\":\"\",\"createTime\":\"2022-09-28T17:44:52\",\"createUser\":1,\"id\":1024738476802799553,\"mobile\":\"13571250987\",\"name\":\"周一\",\"orgId\":1024704844486756641,\"orgName\":\"西北转运中心\",\"password\":\"e10adc3949ba59abbe56e057f20f883e\",\"passwordErrorLastTime\":\"2022-09-29T15:35:41\",\"passwordErrorNum\":0,\"sex\":\"M\",\"stationId\":1024707535891944769,\"stationName\":\"司机\",\"status\":true,\"superior\":-1,\"updateTime\":\"2022-09-28T17:44:52\",\"updateUser\":1,\"workDescribe\":\"\"},{\"account\":\"xbsj002\",\"administrator\":false,\"avatar\":\"\",\"createTime\":\"2022-09-28T17:45:20\",\"createUser\":1,\"id\":1024738594893428865,\"mobile\":\"18500224566\",\"name\":\"周二\",\"orgId\":1024704844486756641,\"orgName\":\"西北转运中心\",\"password\":\"e10adc3949ba59abbe56e057f20f883e\",\"passwordErrorNum\":0,\"sex\":\"M\",\"stationId\":1024707535891944769,\"stationName\":\"司机\",\"status\":true,\"superior\":-1,\"updateTime\":\"2022-09-28T17:45:20\",\"updateUser\":1,\"workDescribe\":\"\"},{\"account\":\"xnsj001\",\"administrator\":false,\"avatar\":\"\",\"createTime\":\"2022-09-28T17:58:47\",\"createUser\":1,\"id\":1024741978908228513,\"mobile\":\"18500766555\",\"name\":\"吴用\",\"orgId\":1024706655985685345,\"orgName\":\"西南转运中心\",\"password\":\"e10adc3949ba59abbe56e057f20f883e\",\"passwordErrorLastTime\":\"2022-09-29T16:28:50\",\"passwordErrorNum\":0,\"sex\":\"M\",\"stationId\":1024707535891944769,\"stationName\":\"司机\",\"status\":true,\"superior\":-1,\"updateTime\":\"2022-09-28T17:58:47\",\"updateUser\":1,\"workDescribe\":\"\"},{\"account\":\"xnsj002\",\"administrator\":false,\"avatar\":\"\",\"createTime\":\"2022-09-28T17:59:20\",\"createUser\":1,\"id\":1024742117286706369,\"mobile\":\"18346766666\",\"name\":\"吴西\",\"orgId\":1024706655985685345,\"orgName\":\"西南转运中心\",\"password\":\"e10adc3949ba59abbe56e057f20f883e\",\"passwordErrorNum\":0,\"sex\":\"M\",\"stationId\":1024707535891944769,\"stationName\":\"司机\",\"status\":true,\"superior\":-1,\"updateTime\":\"2022-09-28T17:59:20\",\"updateUser\":1,\"workDescribe\":\"\"},{\"account\":\"cdsj001\",\"administrator\":false,\"avatar\":\"\",\"createTime\":\"2022-09-28T17:59:55\",\"createUser\":1,\"id\":1024742265953811937,\"mobile\":\"18950867777\",\"name\":\"成功\",\"orgId\":1024706903290237921,\"orgName\":\"成都分拣中心\",\"password\":\"e10adc3949ba59abbe56e057f20f883e\",\"passwordErrorLastTime\":\"2022-09-29T17:33:40\",\"passwordErrorNum\":0,\"sex\":\"M\",\"stationId\":1024707535891944769,\"stationName\":\"司机\",\"status\":true,\"superior\":-1,\"updateTime\":\"2022-09-28T17:59:55\",\"updateUser\":1,\"workDescribe\":\"\"},{\"account\":\"cdsj002\",\"administrator\":false,\"avatar\":\"\",\"createTime\":\"2022-09-28T18:00:28\",\"createUser\":1,\"id\":1024742403489234657,\"mobile\":\"18394867666\",\"name\":\"成仁\",\"orgId\":1024706903290237921,\"orgName\":\"成都分拣中心\",\"password\":\"e10adc3949ba59abbe56e057f20f883e\",\"passwordErrorNum\":0,\"sex\":\"M\",\"stationId\":1024707535891944769,\"stationName\":\"司机\",\"status\":true,\"superior\":-1,\"updateTime\":\"2022-09-28T18:00:28\",\"updateUser\":1,\"workDescribe\":\"\"},{\"account\":\"xasj001\",\"administrator\":false,\"avatar\":\"\",\"createTime\":\"2022-09-29T09:30:15\",\"createUser\":1,\"id\":1024976390379916929,\"mobile\":\"18355544444\",\"name\":\"西王\",\"orgId\":1024772115791985729,\"orgName\":\"西安分拣中心\",\"password\":\"e10adc3949ba59abbe56e057f20f883e\",\"passwordErrorLastTime\":\"2022-09-29T15:39:45\",\"passwordErrorNum\":0,\"sex\":\"M\",\"stationId\":1024707535891944769,\"stationName\":\"司机\",\"status\":true,\"superior\":-1,\"updateTime\":\"2022-09-29T09:30:15\",\"updateUser\":1,\"workDescribe\":\"\"},{\"account\":\"xasj002\",\"administrator\":false,\"avatar\":\"\",\"createTime\":\"2022-09-29T09:31:06\",\"createUser\":1,\"id\":1024976605161836353,\"mobile\":\"17655555555\",\"name\":\"西米\",\"orgId\":1024772115791985729,\"orgName\":\"西安分拣中心\",\"password\":\"e10adc3949ba59abbe56e057f20f883e\",\"passwordErrorLastTime\":\"2022-09-29T10:51:59\",\"passwordErrorNum\":0,\"sex\":\"M\",\"stationId\":1024707535891944769,\"stationName\":\"司机\",\"status\":true,\"superior\":-1,\"updateTime\":\"2022-09-29T09:31:06\",\"updateUser\":1,\"workDescribe\":\"\"},{\"account\":\"blkdy001\",\"administrator\":false,\"avatar\":\"\",\"createTime\":\"2022-09-29T09:31:48\",\"createUser\":1,\"id\":1024976781221941281,\"mobile\":\"13434343434\",\"name\":\"贝林\",\"orgId\":1024772301733870785,\"orgName\":\"碑林区营业部\",\"password\":\"e10adc3949ba59abbe56e057f20f883e\",\"passwordErrorLastTime\":\"2022-10-17T15:17:04\",\"passwordErrorNum\":0,\"sex\":\"M\",\"stationId\":1024707516816250081,\"stationName\":\"快递员\",\"status\":true,\"superior\":-1,\"updateTime\":\"2022-09-29T09:31:48\",\"updateUser\":1,\"workDescribe\":\"\"},{\"account\":\"blkdy002\",\"administrator\":false,\"avatar\":\"\",\"createTime\":\"2022-09-29T09:32:26\",\"createUser\":1,\"id\":1024976941658263777,\"mobile\":\"13433434544\",\"name\":\"贝小贝\",\"orgId\":1024772301733870785,\"orgName\":\"碑林区营业部\",\"password\":\"e10adc3949ba59abbe56e057f20f883e\",\"passwordErrorLastTime\":\"2022-10-11T13:15:47\",\"passwordErrorNum\":0,\"sex\":\"W\",\"stationId\":1024707516816250081,\"stationName\":\"快递员\",\"status\":true,\"superior\":-1,\"updateTime\":\"2022-09-29T09:32:26\",\"updateUser\":1,\"workDescribe\":\"\"},{\"account\":\"casj001\",\"administrator\":false,\"avatar\":\"\",\"createTime\":\"2022-09-29T09:32:59\",\"createUser\":1,\"id\":1024977078208025057,\"mobile\":\"18364636473\",\"name\":\"长小名\",\"orgId\":1024772425923018049,\"orgName\":\"长安区营业部\",\"password\":\"e10adc3949ba59abbe56e057f20f883e\",\"passwordErrorNum\":0,\"sex\":\"M\",\"stationId\":1024707516816250081,\"stationName\":\"快递员\",\"status\":true,\"superior\":-1,\"updateTime\":\"2022-09-29T09:32:59\",\"updateUser\":1,\"workDescribe\":\"\"},{\"account\":\"casj002\",\"administrator\":false,\"avatar\":\"\",\"createTime\":\"2022-09-29T09:33:33\",\"createUser\":1,\"id\":1024977221418341025,\"mobile\":\"13445657565\",\"name\":\"长城\",\"orgId\":1024772425923018049,\"orgName\":\"长安区营业部\",\"password\":\"e10adc3949ba59abbe56e057f20f883e\",\"passwordErrorNum\":0,\"sex\":\"W\",\"stationId\":1024707516816250081,\"stationName\":\"快递员\",\"status\":true,\"superior\":-1,\"updateTime\":\"2022-09-29T09:33:33\",\"updateUser\":1,\"workDescribe\":\"\"},{\"account\":\"jnkdy001\",\"administrator\":false,\"avatar\":\"\",\"createTime\":\"2022-09-29T09:34:13\",\"createUser\":1,\"id\":1024977388880122881,\"mobile\":\"18374673467\",\"name\":\"金元宝\",\"orgId\":1024771466287232801,\"orgName\":\"金牛区营业部\",\"password\":\"e10adc3949ba59abbe56e057f20f883e\",\"passwordErrorLastTime\":\"2022-10-13T14:45:44\",\"passwordErrorNum\":0,\"sex\":\"M\",\"stationId\":1024707516816250081,\"stationName\":\"快递员\",\"status\":true,\"superior\":-1,\"updateTime\":\"2022-09-29T09:34:13\",\"updateUser\":1,\"workDescribe\":\"\"},{\"account\":\"jnkdy002\",\"administrator\":false,\"avatar\":\"\",\"createTime\":\"2022-09-29T09:34:45\",\"createUser\":1,\"id\":1024977522992993473,\"mobile\":\"18374734736\",\"name\":\"金开\",\"orgId\":1024771466287232801,\"orgName\":\"金牛区营业部\",\"password\":\"e10adc3949ba59abbe56e057f20f883e\",\"passwordErrorLastTime\":\"2022-10-06T14:53:14\",\"passwordErrorNum\":0,\"sex\":\"M\",\"stationId\":1024707516816250081,\"stationName\":\"快递员\",\"status\":true,\"superior\":-1,\"updateTime\":\"2022-09-29T09:34:45\",\"updateUser\":1,\"workDescribe\":\"\"},{\"account\":\"qykdy001\",\"administrator\":false,\"avatar\":\"\",\"createTime\":\"2022-09-29T09:35:08\",\"createUser\":1,\"id\":1024977621806601633,\"mobile\":\"18273827382\",\"name\":\"青青\",\"orgId\":1024771753995515873,\"orgName\":\"青羊区营业部\",\"password\":\"e10adc3949ba59abbe56e057f20f883e\",\"passwordErrorLastTime\":\"2022-10-18T15:06:13\",\"passwordErrorNum\":0,\"sex\":\"W\",\"stationId\":1024707516816250081,\"stationName\":\"快递员\",\"status\":true,\"superior\":-1,\"updateTime\":\"2022-09-29T09:35:08\",\"updateUser\":1,\"workDescribe\":\"\"},{\"account\":\"qykdy002\",\"administrator\":false,\"avatar\":\"\",\"createTime\":\"2022-09-29T09:35:32\",\"createUser\":1,\"id\":1024977719693268993,\"mobile\":\"18273872382\",\"name\":\"青风\",\"orgId\":1024771753995515873,\"orgName\":\"青羊区营业部\",\"password\":\"e10adc3949ba59abbe56e057f20f883e\",\"passwordErrorLastTime\":\"2022-10-18T15:02:37\",\"passwordErrorNum\":0,\"sex\":\"M\",\"stationId\":1024707516816250081,\"stationName\":\"快递员\",\"status\":true,\"superior\":-1,\"updateTime\":\"2022-09-29T09:35:32\",\"updateUser\":1,\"workDescribe\":\"\"},{\"account\":\"hdsj001\",\"administrator\":false,\"avatar\":\"\",\"createTime\":\"2022-09-29T10:01:03\",\"createUser\":1,\"id\":1024984140988150081,\"mobile\":\"18837473473\",\"name\":\"华亮\",\"orgId\":1024980958136362977,\"orgName\":\"华东转运中心\",\"password\":\"e10adc3949ba59abbe56e057f20f883e\",\"passwordErrorLastTime\":\"2022-10-18T10:18:57\",\"passwordErrorNum\":0,\"sex\":\"M\",\"stationId\":1024707535891944769,\"stationName\":\"司机\",\"status\":true,\"superior\":-1,\"updateTime\":\"2022-09-29T10:01:03\",\"updateUser\":1,\"workDescribe\":\"\"},{\"account\":\"hdsj002\",\"administrator\":false,\"avatar\":\"\",\"createTime\":\"2022-09-29T10:01:24\",\"createUser\":1,\"id\":1024984230121304705,\"mobile\":\"13454545454\",\"name\":\"华明\",\"orgId\":1024980958136362977,\"orgName\":\"华东转运中心\",\"password\":\"e10adc3949ba59abbe56e057f20f883e\",\"passwordErrorLastTime\":\"2022-10-18T15:21:23\",\"passwordErrorNum\":0,\"sex\":\"M\",\"stationId\":1024707535891944769,\"stationName\":\"司机\",\"status\":true,\"superior\":-1,\"updateTime\":\"2022-09-29T10:01:24\",\"updateUser\":1,\"workDescribe\":\"\"},{\"account\":\"shsj001\",\"administrator\":false,\"avatar\":\"\",\"createTime\":\"2022-09-29T10:01:56\",\"createUser\":1,\"id\":1024984365991588705,\"mobile\":\"18566666667\",\"name\":\"海明月\",\"orgId\":1024980990084376673,\"orgName\":\"上海分拣中心\",\"password\":\"e10adc3949ba59abbe56e057f20f883e\",\"passwordErrorLastTime\":\"2022-10-18T14:10:48\",\"passwordErrorNum\":0,\"sex\":\"M\",\"stationId\":1024707535891944769,\"stationName\":\"司机\",\"status\":true,\"superior\":-1,\"updateTime\":\"2022-09-29T10:01:56\",\"updateUser\":1,\"workDescribe\":\"\"},{\"account\":\"shsj002\",\"administrator\":false,\"avatar\":\"\",\"createTime\":\"2022-09-29T10:02:32\",\"createUser\":1,\"id\":1024984516357387297,\"mobile\":\"18734736473\",\"name\":\"海阔\",\"orgId\":1024980990084376673,\"orgName\":\"上海分拣中心\",\"password\":\"e10adc3949ba59abbe56e057f20f883e\",\"passwordErrorNum\":0,\"sex\":\"M\",\"stationId\":1024707535891944769,\"stationName\":\"司机\",\"status\":true,\"superior\":-1,\"updateTime\":\"2022-09-29T10:02:32\",\"updateUser\":1,\"workDescribe\":\"\"},{\"account\":\"hkkdy001\",\"administrator\":false,\"avatar\":\"\",\"createTime\":\"2022-09-29T10:03:21\",\"createUser\":1,\"id\":1024984720745821569,\"mobile\":\"18776676767\",\"name\":\"周生生\",\"orgId\":1024981295454874273,\"orgName\":\"虹口区营业部\",\"password\":\"e10adc3949ba59abbe56e057f20f883e\",\"passwordErrorNum\":0,\"sex\":\"W\",\"stationId\":1024707516816250081,\"stationName\":\"快递员\",\"status\":true,\"superior\":-1,\"updateTime\":\"2022-09-29T10:04:31\",\"updateUser\":1,\"workDescribe\":\"\"},{\"account\":\"hkkdy002\",\"administrator\":false,\"avatar\":\"\",\"createTime\":\"2022-09-29T10:04:02\",\"createUser\":1,\"id\":1024984891772761697,\"mobile\":\"13434343434\",\"name\":\"周生辰\",\"orgId\":1024981295454874273,\"orgName\":\"虹口区营业部\",\"password\":\"e10adc3949ba59abbe56e057f20f883e\",\"passwordErrorLastTime\":\"2022-10-10T14:22:17\",\"passwordErrorNum\":0,\"sex\":\"M\",\"stationId\":1024707516816250081,\"stationName\":\"快递员\",\"status\":true,\"superior\":-1,\"updateTime\":\"2022-09-29T10:04:02\",\"updateUser\":1,\"workDescribe\":\"\"},{\"account\":\"pdkdy001\",\"administrator\":false,\"avatar\":\"\",\"createTime\":\"2022-09-29T10:05:50\",\"createUser\":1,\"id\":1024985344870841121,\"mobile\":\"18737373647\",\"name\":\"刘徽\",\"orgId\":1024981239465110017,\"orgName\":\"浦东新区营业部\",\"password\":\"e10adc3949ba59abbe56e057f20f883e\",\"passwordErrorLastTime\":\"2022-10-10T10:25:01\",\"passwordErrorNum\":0,\"sex\":\"M\",\"stationId\":1024707516816250081,\"stationName\":\"快递员\",\"status\":true,\"superior\":-1,\"updateTime\":\"2022-09-29T10:05:50\",\"updateUser\":1,\"workDescribe\":\"\"},{\"account\":\"pdkdy002\",\"administrator\":false,\"avatar\":\"\",\"createTime\":\"2022-09-29T10:06:22\",\"createUser\":1,\"id\":1024985481462545409,\"mobile\":\"18737473647\",\"name\":\"萧晏\",\"orgId\":1024981239465110017,\"orgName\":\"浦东新区营业部\",\"password\":\"e10adc3949ba59abbe56e057f20f883e\",\"passwordErrorNum\":0,\"sex\":\"W\",\"stationId\":1024707516816250081,\"stationName\":\"快递员\",\"status\":true,\"superior\":-1,\"updateTime\":\"2022-09-29T10:06:22\",\"updateUser\":1,\"workDescribe\":\"\"},{\"account\":\"hbsj001\",\"administrator\":false,\"avatar\":\"\",\"createTime\":\"2022-09-29T10:06:56\",\"createUser\":1,\"id\":1024985621531327777,\"mobile\":\"18723736473\",\"name\":\"平秦王\",\"orgId\":1024980634071852417,\"orgName\":\"华北转运中心\",\"password\":\"e10adc3949ba59abbe56e057f20f883e\",\"passwordErrorLastTime\":\"2022-10-06T14:37:27\",\"passwordErrorNum\":0,\"sex\":\"M\",\"stationId\":1024707535891944769,\"stationName\":\"司机\",\"status\":true,\"superior\":-1,\"updateTime\":\"2022-09-29T10:06:56\",\"updateUser\":1,\"workDescribe\":\"\"},{\"account\":\"hbsj002\",\"administrator\":false,\"avatar\":\"\",\"createTime\":\"2022-09-29T10:08:44\",\"createUser\":1,\"id\":1024986076978217057,\"mobile\":\"13987675455\",\"name\":\"长孙杰\",\"orgId\":1024980634071852417,\"orgName\":\"华北转运中心\",\"password\":\"e10adc3949ba59abbe56e057f20f883e\",\"passwordErrorNum\":0,\"sex\":\"M\",\"stationId\":1024707535891944769,\"stationName\":\"司机\",\"status\":true,\"superior\":-1,\"updateTime\":\"2022-09-29T10:08:44\",\"updateUser\":1,\"workDescribe\":\"\"},{\"account\":\"bjsj002\",\"administrator\":false,\"avatar\":\"\",\"createTime\":\"2022-09-29T10:10:15\",\"createUser\":1,\"id\":1024986455853892225,\"mobile\":\"17898989565\",\"name\":\"漼时宜\",\"orgId\":1024980728632436289,\"orgName\":\"北京分拣中心\",\"password\":\"e10adc3949ba59abbe56e057f20f883e\",\"passwordErrorNum\":0,\"sex\":\"M\",\"stationId\":1024707535891944769,\"stationName\":\"司机\",\"status\":true,\"superior\":-1,\"updateTime\":\"2022-09-29T10:10:15\",\"updateUser\":1,\"workDescribe\":\"\"},{\"account\":\"bjsj001\",\"administrator\":false,\"avatar\":\"\",\"createTime\":\"2022-09-29T10:13:38\",\"createUser\":1,\"id\":1024987310187482529,\"mobile\":\"18737437483\",\"name\":\"宏晓誉\",\"orgId\":1024980728632436289,\"orgName\":\"北京分拣中心\",\"password\":\"e10adc3949ba59abbe56e057f20f883e\",\"passwordErrorLastTime\":\"2022-09-29T17:58:14\",\"passwordErrorNum\":0,\"sex\":\"M\",\"stationId\":1024707535891944769,\"stationName\":\"司机\",\"status\":true,\"superior\":-1,\"updateTime\":\"2022-09-29T10:13:38\",\"updateUser\":1,\"workDescribe\":\"\"},{\"account\":\"sysj001\",\"administrator\":false,\"avatar\":\"\",\"createTime\":\"2022-09-29T10:13:55\",\"createUser\":1,\"id\":1024987378881793537,\"mobile\":\"13311111222\",\"name\":\"司沈阳\",\"orgId\":1024984540818568481,\"orgName\":\"沈阳分拣中心\",\"password\":\"e10adc3949ba59abbe56e057f20f883e\",\"passwordErrorLastTime\":\"2022-09-29T15:51:15\",\"passwordErrorNum\":0,\"sex\":\"M\",\"stationId\":1024707535891944769,\"stationName\":\"司机\",\"status\":true,\"superior\":1024705709255773345,\"updateTime\":\"2022-09-29T10:52:15\",\"updateUser\":1,\"workDescribe\":\"\"},{\"account\":\"sykdy001\",\"administrator\":false,\"avatar\":\"\",\"createTime\":\"2022-09-29T10:15:50\",\"createUser\":1,\"id\":1024987860782158145,\"mobile\":\"18734736473\",\"name\":\"顺意\",\"orgId\":1024980833938827105,\"orgName\":\"顺义区营业部\",\"password\":\"e10adc3949ba59abbe56e057f20f883e\",\"passwordErrorNum\":0,\"sex\":\"M\",\"stationId\":1024707516816250081,\"stationName\":\"快递员\",\"status\":true,\"superior\":-1,\"updateTime\":\"2022-09-29T10:15:50\",\"updateUser\":1,\"workDescribe\":\"\"},{\"account\":\"sykdy002\",\"administrator\":false,\"avatar\":\"\",\"createTime\":\"2022-09-29T10:16:06\",\"createUser\":1,\"id\":1024987931753976513,\"mobile\":\"17647657465\",\"name\":\"顺心\",\"orgId\":1024980833938827105,\"orgName\":\"顺义区营业部\",\"password\":\"e10adc3949ba59abbe56e057f20f883e\",\"passwordErrorNum\":0,\"sex\":\"M\",\"stationId\":1024707516816250081,\"stationName\":\"快递员\",\"status\":true,\"superior\":-1,\"updateTime\":\"2022-09-29T10:16:06\",\"updateUser\":1,\"workDescribe\":\"\"},{\"account\":\"cpkdy001\",\"administrator\":false,\"avatar\":\"\",\"createTime\":\"2022-09-29T10:16:46\",\"createUser\":1,\"id\":1024988097613534273,\"mobile\":\"18784574758\",\"name\":\"景昌\",\"orgId\":1024980800111765185,\"orgName\":\"昌平区营业部\",\"password\":\"e10adc3949ba59abbe56e057f20f883e\",\"passwordErrorLastTime\":\"2022-10-13T14:44:28\",\"passwordErrorNum\":0,\"sex\":\"M\",\"stationId\":1024707516816250081,\"stationName\":\"快递员\",\"status\":true,\"superior\":-1,\"updateTime\":\"2022-09-29T10:16:46\",\"updateUser\":1,\"workDescribe\":\"\"},{\"account\":\"cpkdy002\",\"administrator\":false,\"avatar\":\"\",\"createTime\":\"2022-09-29T10:17:04\",\"createUser\":1,\"id\":1024988171324232993,\"mobile\":\"18783748374\",\"name\":\"景元\",\"orgId\":1024980800111765185,\"orgName\":\"昌平区营业部\",\"password\":\"e10adc3949ba59abbe56e057f20f883e\",\"passwordErrorNum\":0,\"sex\":\"M\",\"stationId\":1024707516816250081,\"stationName\":\"快递员\",\"status\":true,\"superior\":-1,\"updateTime\":\"2022-09-29T10:17:04\",\"updateUser\":1,\"workDescribe\":\"\"},{\"account\":\"hpkdy001\",\"administrator\":false,\"avatar\":\"\",\"createTime\":\"2022-09-29T10:17:39\",\"createUser\":1,\"id\":1024988319861315553,\"mobile\":\"13355554444\",\"name\":\"李和平\",\"orgId\":1024985257948084801,\"orgName\":\"和平区营业部\",\"password\":\"e10adc3949ba59abbe56e057f20f883e\",\"passwordErrorLastTime\":\"2022-09-30T15:21:11\",\"passwordErrorNum\":0,\"sex\":\"M\",\"stationId\":1024707516816250081,\"stationName\":\"快递员\",\"status\":true,\"superior\":-1,\"updateTime\":\"2022-09-29T11:39:17\",\"updateUser\":1,\"workDescribe\":\"\"},{\"account\":\"hpkdy002\",\"administrator\":false,\"avatar\":\"\",\"createTime\":\"2022-09-29T10:18:22\",\"createUser\":1,\"id\":1024988498702245281,\"mobile\":\"17788889999\",\"name\":\"李平和\",\"orgId\":1024985257948084801,\"orgName\":\"和平区营业部\",\"password\":\"e10adc3949ba59abbe56e057f20f883e\",\"passwordErrorLastTime\":\"2022-10-11T13:30:16\",\"passwordErrorNum\":0,\"sex\":\"M\",\"stationId\":1024707516816250081,\"stationName\":\"快递员\",\"status\":true,\"superior\":-1,\"updateTime\":\"2022-09-29T11:39:23\",\"updateUser\":1,\"workDescribe\":\"\"},{\"account\":\"gukdy001\",\"administrator\":false,\"avatar\":\"\",\"createTime\":\"2022-09-29T10:19:20\",\"createUser\":1,\"id\":1024988744815617761,\"mobile\":\"17766667777\",\"name\":\"李姑皇\",\"orgId\":1024985129287809409,\"orgName\":\"皇姑区营业部\",\"password\":\"e10adc3949ba59abbe56e057f20f883e\",\"passwordErrorLastTime\":\"2022-10-17T17:34:12\",\"passwordErrorNum\":0,\"sex\":\"M\",\"stationId\":1024707516816250081,\"stationName\":\"快递员\",\"status\":true,\"superior\":-1,\"updateTime\":\"2022-09-30T17:50:52\",\"updateUser\":1,\"workDescribe\":\"\"},{\"account\":\"hgkdy002\",\"administrator\":false,\"avatar\":\"\",\"createTime\":\"2022-09-29T10:23:45\",\"createUser\":1,\"id\":1024989856838856577,\"mobile\":\"18877776666\",\"name\":\"李皇姑\",\"orgId\":1024985129287809409,\"orgName\":\"皇姑区营业部\",\"password\":\"e10adc3949ba59abbe56e057f20f883e\",\"passwordErrorLastTime\":\"2022-10-17T17:34:23\",\"passwordErrorNum\":0,\"sex\":\"M\",\"stationId\":1024707516816250081,\"stationName\":\"快递员\",\"status\":true,\"superior\":-1,\"updateTime\":\"2022-09-30T18:28:37\",\"updateUser\":1,\"workDescribe\":\"\"},{\"account\":\"hzsj\",\"administrator\":false,\"avatar\":\"\",\"createTime\":\"2022-09-29T10:42:12\",\"createUser\":1,\"id\":1024994498993865153,\"mobile\":\"18877776666\",\"name\":\"司华中\",\"orgId\":1024990726519403457,\"orgName\":\"华中转运中心\",\"password\":\"e10adc3949ba59abbe56e057f20f883e\",\"passwordErrorNum\":0,\"sex\":\"M\",\"stationId\":1024707535891944769,\"stationName\":\"司机\",\"status\":true,\"superior\":-1,\"updateTime\":\"2022-09-29T10:42:12\",\"updateUser\":1,\"workDescribe\":\"\"},{\"account\":\"whsj\",\"administrator\":false,\"avatar\":\"\",\"createTime\":\"2022-09-29T10:43:03\",\"createUser\":1,\"id\":1024994711959651169,\"mobile\":\"17788887777\",\"name\":\"司武汉\",\"orgId\":1024991961163118369,\"orgName\":\"武汉分拣中心\",\"password\":\"e10adc3949ba59abbe56e057f20f883e\",\"passwordErrorNum\":0,\"sex\":\"M\",\"stationId\":1024707535891944769,\"stationName\":\"司机\",\"status\":true,\"superior\":-1,\"updateTime\":\"2022-09-29T10:43:03\",\"updateUser\":1,\"workDescribe\":\"\"},{\"account\":\"jhkdy001\",\"administrator\":false,\"avatar\":\"\",\"createTime\":\"2022-09-29T10:44:27\",\"createUser\":1,\"id\":1024995063794648993,\"mobile\":\"17799990000\",\"name\":\"李江汉\",\"orgId\":1024993548853984385,\"orgName\":\"江汉营业部\",\"password\":\"e10adc3949ba59abbe56e057f20f883e\",\"passwordErrorLastTime\":\"2022-10-18T16:03:23\",\"passwordErrorNum\":0,\"sex\":\"M\",\"stationId\":1024707516816250081,\"stationName\":\"快递员\",\"status\":true,\"superior\":-1,\"updateTime\":\"2022-09-29T10:44:27\",\"updateUser\":1,\"workDescribe\":\"\"},{\"account\":\"jhkdy002\",\"administrator\":false,\"avatar\":\"\",\"createTime\":\"2022-09-29T10:45:13\",\"createUser\":1,\"id\":1024995257768626273,\"mobile\":\"17788882222\",\"name\":\"李汉江\",\"orgId\":1024993548853984385,\"orgName\":\"江汉营业部\",\"password\":\"e10adc3949ba59abbe56e057f20f883e\",\"passwordErrorNum\":0,\"sex\":\"M\",\"stationId\":1024707516816250081,\"stationName\":\"快递员\",\"status\":true,\"superior\":-1,\"updateTime\":\"2022-09-30T17:50:34\",\"updateUser\":1,\"workDescribe\":\"\"},{\"account\":\"wckdy001\",\"administrator\":false,\"avatar\":\"\",\"createTime\":\"2022-09-29T10:48:08\",\"createUser\":1,\"id\":1024995991193013985,\"mobile\":\"18877778888\",\"name\":\"李武昌\",\"orgId\":1024993422324415489,\"orgName\":\"武昌营业部\",\"password\":\"e10adc3949ba59abbe56e057f20f883e\",\"passwordErrorLastTime\":\"2022-09-29T17:37:30\",\"passwordErrorNum\":0,\"sex\":\"M\",\"stationId\":1024707516816250081,\"stationName\":\"快递员\",\"status\":true,\"superior\":-1,\"updateTime\":\"2022-09-29T10:48:08\",\"updateUser\":1,\"workDescribe\":\"\"},{\"account\":\"wckdy002\",\"administrator\":false,\"avatar\":\"\",\"createTime\":\"2022-09-29T10:48:45\",\"createUser\":1,\"id\":1024996147695079329,\"mobile\":\"18877776666\",\"name\":\"李昌武\",\"orgId\":1024993422324415489,\"orgName\":\"武昌营业部\",\"password\":\"e10adc3949ba59abbe56e057f20f883e\",\"passwordErrorNum\":0,\"sex\":\"M\",\"stationId\":1024707516816250081,\"stationName\":\"快递员\",\"status\":true,\"superior\":-1,\"updateTime\":\"2022-09-29T10:48:45\",\"updateUser\":1,\"workDescribe\":\"\"},{\"account\":\"dbsj\",\"administrator\":false,\"avatar\":\"\",\"createTime\":\"2022-09-29T10:53:24\",\"createUser\":1,\"id\":1024997316655995489,\"mobile\":\"17788887777\",\"name\":\"司东北\",\"orgId\":1024982867475820033,\"orgName\":\"东北转运中心\",\"password\":\"e10adc3949ba59abbe56e057f20f883e\",\"passwordErrorLastTime\":\"2022-09-30T16:09:56\",\"passwordErrorNum\":0,\"sex\":\"M\",\"stationId\":1024707535891944769,\"stationName\":\"司机\",\"status\":true,\"superior\":-1,\"updateTime\":\"2022-09-29T10:53:24\",\"updateUser\":1,\"workDescribe\":\"\"},{\"account\":\"hpkdy003\",\"administrator\":false,\"avatar\":\"\",\"createTime\":\"2022-09-29T15:59:42\",\"createUser\":1,\"id\":1025074399029692449,\"mobile\":\"17788887777\",\"name\":\"王和平\",\"orgId\":1024985257948084801,\"orgName\":\"和平区营业部\",\"password\":\"e10adc3949ba59abbe56e057f20f883e\",\"passwordErrorNum\":0,\"sex\":\"M\",\"stationId\":1024707516816250081,\"stationName\":\"快递员\",\"status\":true,\"superior\":-1,\"updateTime\":\"2022-09-29T15:59:42\",\"updateUser\":1,\"workDescribe\":\"\"},{\"account\":\"hnsj001\",\"administrator\":false,\"avatar\":\"\",\"createTime\":\"2022-09-29T17:57:34\",\"createUser\":1,\"id\":1025104059952247329,\"mobile\":\"17788887777\",\"name\":\"司华南\",\"orgId\":1025103176946395585,\"orgName\":\"华南转运中心\",\"password\":\"e10adc3949ba59abbe56e057f20f883e\",\"passwordErrorNum\":0,\"sex\":\"M\",\"stationId\":1024707535891944769,\"stationName\":\"司机\",\"status\":true,\"superior\":-1,\"updateTime\":\"2022-09-29T17:57:34\",\"updateUser\":1,\"workDescribe\":\"\"},{\"account\":\"szsj001\",\"administrator\":false,\"avatar\":\"\",\"createTime\":\"2022-09-29T17:59:31\",\"createUser\":1,\"id\":1025104550799061921,\"mobile\":\"18877776666\",\"name\":\"司深圳\",\"orgId\":1025103512826260673,\"orgName\":\"深圳分拣中心\",\"password\":\"e10adc3949ba59abbe56e057f20f883e\",\"passwordErrorNum\":0,\"sex\":\"M\",\"stationId\":1024707535891944769,\"stationName\":\"司机\",\"status\":true,\"superior\":-1,\"updateTime\":\"2022-09-29T17:59:40\",\"updateUser\":1,\"workDescribe\":\"\"},{\"account\":\"gmkdy001\",\"administrator\":false,\"avatar\":\"\",\"createTime\":\"2022-09-29T18:18:13\",\"createUser\":1,\"id\":1025109259005971617,\"mobile\":\"18877776666\",\"name\":\"王光明\",\"orgId\":1025108643500246881,\"orgName\":\"光明区营业部\",\"password\":\"e10adc3949ba59abbe56e057f20f883e\",\"passwordErrorNum\":0,\"sex\":\"M\",\"stationId\":1024707516816250081,\"stationName\":\"快递员\",\"status\":true,\"superior\":-1,\"updateTime\":\"2022-09-29T18:18:13\",\"updateUser\":1,\"workDescribe\":\"\"},{\"account\":\"bakdy001\",\"administrator\":false,\"avatar\":\"\",\"createTime\":\"2022-09-29T18:21:20\",\"createUser\":1,\"id\":1025110041134617825,\"mobile\":\"18877776666\",\"name\":\"王保安\",\"orgId\":1025108572721366561,\"orgName\":\" 宝安区营业部\",\"password\":\"e10adc3949ba59abbe56e057f20f883e\",\"passwordErrorNum\":0,\"sex\":\"M\",\"stationId\":1024707516816250081,\"stationName\":\"快递员\",\"status\":true,\"superior\":-1,\"updateTime\":\"2022-09-29T18:21:20\",\"updateUser\":1,\"workDescribe\":\"\"},{\"account\":\"gmkdy002\",\"administrator\":false,\"avatar\":\"\",\"createTime\":\"2022-09-29T18:23:07\",\"createUser\":1,\"id\":1025110490961140193,\"mobile\":\"16677779999\",\"name\":\"王明光\",\"orgId\":1025108643500246881,\"orgName\":\"光明区营业部\",\"password\":\"e10adc3949ba59abbe56e057f20f883e\",\"passwordErrorNum\":0,\"sex\":\"M\",\"stationId\":1024707516816250081,\"stationName\":\"快递员\",\"status\":true,\"superior\":-1,\"updateTime\":\"2022-09-29T18:23:07\",\"updateUser\":1,\"workDescribe\":\"\"},{\"account\":\"bakdy002\",\"administrator\":false,\"avatar\":\"\",\"createTime\":\"2022-09-29T18:23:51\",\"createUser\":1,\"id\":1025110675888003969,\"mobile\":\"16677776666\",\"name\":\"王安宝\",\"orgId\":1025108572721366561,\"orgName\":\" 宝安区营业部\",\"password\":\"e10adc3949ba59abbe56e057f20f883e\",\"passwordErrorNum\":0,\"sex\":\"M\",\"stationId\":1024707516816250081,\"stationName\":\"快递员\",\"status\":true,\"superior\":-1,\"updateTime\":\"2022-09-29T18:23:51\",\"updateUser\":1,\"workDescribe\":\"\"},{\"account\":\"yxkdy001\",\"administrator\":false,\"avatar\":\"\",\"createTime\":\"2022-09-29T18:24:53\",\"createUser\":1,\"id\":1025110935532199265,\"mobile\":\"16688886666\",\"name\":\"王越秀\",\"orgId\":1025108784911206497,\"orgName\":\"越秀区营业部\",\"password\":\"e10adc3949ba59abbe56e057f20f883e\",\"passwordErrorNum\":0,\"sex\":\"M\",\"stationId\":1024707516816250081,\"stationName\":\"快递员\",\"status\":true,\"superior\":-1,\"updateTime\":\"2022-09-29T18:24:53\",\"updateUser\":1,\"workDescribe\":\"\"},{\"account\":\"hdkdy001\",\"administrator\":false,\"avatar\":\"\",\"createTime\":\"2022-09-29T18:25:35\",\"createUser\":1,\"id\":1025111112225644097,\"mobile\":\"17799995555\",\"name\":\"王华都\",\"orgId\":1025108696675633121,\"orgName\":\"花都营业部\",\"password\":\"e10adc3949ba59abbe56e057f20f883e\",\"passwordErrorNum\":0,\"sex\":\"M\",\"stationId\":1024707516816250081,\"stationName\":\"快递员\",\"status\":true,\"superior\":-1,\"updateTime\":\"2022-09-29T18:25:35\",\"updateUser\":1,\"workDescribe\":\"\"},{\"account\":\"hdkdy002\",\"administrator\":false,\"avatar\":\"\",\"createTime\":\"2022-09-29T18:26:07\",\"createUser\":1,\"id\":1025111247919767297,\"mobile\":\"16677776666\",\"name\":\"王都花\",\"orgId\":1025108696675633121,\"orgName\":\"花都营业部\",\"password\":\"e10adc3949ba59abbe56e057f20f883e\",\"passwordErrorNum\":0,\"sex\":\"M\",\"stationId\":1024707516816250081,\"stationName\":\"快递员\",\"status\":true,\"superior\":-1,\"updateTime\":\"2022-09-29T18:26:07\",\"updateUser\":1,\"workDescribe\":\"\"},{\"account\":\"yxkdy002\",\"administrator\":false,\"avatar\":\"\",\"createTime\":\"2022-09-29T18:27:25\",\"createUser\":1,\"id\":1025111573938823425,\"mobile\":\"17788887777\",\"name\":\"王秀越\",\"orgId\":1025108784911206497,\"orgName\":\"越秀区营业部\",\"password\":\"e10adc3949ba59abbe56e057f20f883e\",\"passwordErrorNum\":0,\"sex\":\"M\",\"stationId\":1024707516816250081,\"stationName\":\"快递员\",\"status\":true,\"superior\":-1,\"updateTime\":\"2022-09-29T18:27:25\",\"updateUser\":1,\"workDescribe\":\"\"},{\"account\":\"gzsj\",\"administrator\":false,\"avatar\":\"\",\"createTime\":\"2022-09-29T18:29:10\",\"createUser\":1,\"id\":1025112013736764417,\"mobile\":\"18877770000\",\"name\":\"司广州\",\"orgId\":1025103442882046977,\"orgName\":\"广州分拣中心\",\"password\":\"e10adc3949ba59abbe56e057f20f883e\",\"passwordErrorLastTime\":\"2023-09-15T13:07:28\",\"passwordErrorNum\":0,\"sex\":\"M\",\"stationId\":1024707535891944769,\"stationName\":\"司机\",\"status\":true,\"superior\":-1,\"updateTime\":\"2022-09-29T18:29:10\",\"updateUser\":1,\"workDescribe\":\"\"},{\"account\":\"sl001\",\"administrator\":false,\"avatar\":\"\",\"createTime\":\"2022-09-30T15:27:31\",\"createUser\":1,\"id\":1025428687312684929,\"mobile\":\"18866666666\",\"name\":\"张成飞\",\"orgId\":1024704844486756641,\"orgName\":\"西北转运中心\",\"password\":\"e10adc3949ba59abbe56e057f20f883e\",\"passwordErrorLastTime\":\"2022-10-14T09:09:16\",\"passwordErrorNum\":0,\"sex\":\"M\",\"stationId\":1024705489436494721,\"stationName\":\"神领管理员\",\"status\":true,\"superior\":-1,\"updateTime\":\"2022-10-06T09:50:38\",\"updateUser\":1,\"workDescribe\":\"\"},{\"account\":\"sldd001\",\"administrator\":false,\"avatar\":\"\",\"createTime\":\"2022-10-06T10:26:57\",\"createUser\":1,\"id\":1027527374507700225,\"mobile\":\"13111332426\",\"name\":\"张调马\",\"orgId\":1024980958136362977,\"orgName\":\"华东转运中心\",\"password\":\"e10adc3949ba59abbe56e057f20f883e\",\"passwordErrorNum\":0,\"sex\":\"M\",\"stationId\":1024705489436494721,\"stationName\":\"神领管理员\",\"status\":true,\"superior\":-1,\"updateTime\":\"2022-10-06T10:26:57\",\"updateUser\":1,\"workDescribe\":\"\"}],\"isError\":false,\"isSuccess\":true,\"msg\":\"ok\",\"timestamp\":1695012221141}',NULL,NULL,'2023-09-18 12:43:41','2023-09-18 12:43:41',585,'Mozilla/5.0 (Windows NT 10.0; Win64; x64) AppleWebKit/537.36 (KHTML, like Gecko) Chrome/117.0.0.0 Safari/537.36 Edg/117.0.2045.31','2023-09-18 12:43:41',1),(1153310381335118401,'192.168.150.1','OPT','平台管理员','组织-查询系统所有的组织树','com.itheima.authority.controller.core.OrgController','tree','/api/authority/org/tree','GET','[, null]','{\"code\":0,\"data\":[{\"abbreviation\":\"\",\"children\":[{\"abbreviation\":\"\",\"children\":[{\"abbreviation\":\"\",\"createTime\":\"2022-09-29T18:15:46\",\"createUser\":1,\"describe\":\"\",\"id\":1025108643500246881,\"label\":\"光明区营业部\",\"name\":\"光明区营业部\",\"parentId\":1025103512826260673,\"parentStatus\":true,\"sortValue\":0,\"status\":true,\"treePath\":\",1025103176946395585,1025103512826260673,\",\"updateTime\":\"2022-09-29T18:15:46\",\"updateUser\":1},{\"abbreviation\":\"\",\"createTime\":\"2022-09-29T18:15:30\",\"createUser\":1,\"describe\":\"\",\"id\":1025108572721366561,\"label\":\" 宝安区营业部\",\"name\":\" 宝安区营业部\",\"parentId\":1025103512826260673,\"parentStatus\":true,\"sortValue\":0,\"status\":true,\"treePath\":\",1025103176946395585,1025103512826260673,\",\"updateTime\":\"2022-09-29T18:15:30\",\"updateUser\":1}],\"createTime\":\"2022-09-29T17:55:23\",\"createUser\":1,\"describe\":\"\",\"id\":1025103512826260673,\"label\":\"深圳分拣中心\",\"name\":\"深圳分拣中心\",\"parentId\":1025103176946395585,\"parentStatus\":true,\"sortValue\":0,\"status\":true,\"treePath\":\",1025103176946395585,\",\"updateTime\":\"2022-09-29T17:55:23\",\"updateUser\":1},{\"abbreviation\":\"\",\"children\":[{\"abbreviation\":\"\",\"createTime\":\"2022-09-29T18:16:20\",\"createUser\":1,\"describe\":\"\",\"id\":1025108784911206497,\"label\":\"越秀区营业部\",\"name\":\"越秀区营业部\",\"parentId\":1025103442882046977,\"parentStatus\":true,\"sortValue\":0,\"status\":true,\"treePath\":\",1025103176946395585,1025103442882046977,\",\"updateTime\":\"2022-09-29T18:16:20\",\"updateUser\":1},{\"abbreviation\":\"\",\"createTime\":\"2022-09-29T18:15:59\",\"createUser\":1,\"describe\":\"\",\"id\":1025108696675633121,\"label\":\"花都营业部\",\"name\":\"花都营业部\",\"parentId\":1025103442882046977,\"parentStatus\":true,\"sortValue\":0,\"status\":true,\"treePath\":\",1025103176946395585,1025103442882046977,\",\"updateTime\":\"2022-09-29T18:15:59\",\"updateUser\":1}],\"createTime\":\"2022-09-29T17:55:06\",\"createUser\":1,\"describe\":\"\",\"id\":1025103442882046977,\"label\":\"广州分拣中心\",\"name\":\"广州分拣中心\",\"parentId\":1025103176946395585,\"parentStatus\":true,\"sortValue\":0,\"status\":true,\"treePath\":\",1025103176946395585,\",\"updateTime\":\"2022-09-29T17:55:06\",\"updateUser\":1}],\"createTime\":\"2022-09-29T17:54:03\",\"createUser\":1,\"describe\":\"\",\"id\":1025103176946395585,\"label\":\"华南转运中心\",\"managerId\":1024705709255773345,\"name\":\"华南转运中心\",\"parentId\":0,\"sortValue\":0,\"status\":true,\"treePath\":\",\",\"updateTime\":\"2022-09-29T17:54:03\",\"updateUser\":1},{\"abbreviation\":\"\",\"children\":[{\"abbreviation\":\"\",\"children\":[{\"abbreviation\":\"\",\"createTime\":\"2022-09-29T10:38:26\",\"createUser\":1,\"describe\":\"\",\"id\":1024993548853984385,\"label\":\"江汉营业部\",\"name\":\"江汉营业部\",\"parentId\":1024991961163118369,\"parentStatus\":true,\"sortValue\":0,\"status\":true,\"treePath\":\",1024990726519403457,1024991961163118369,\",\"updateTime\":\"2022-09-29T10:38:26\",\"updateUser\":1},{\"abbreviation\":\"\",\"createTime\":\"2022-09-29T10:37:56\",\"createUser\":1,\"describe\":\"\",\"id\":1024993422324415489,\"label\":\"武昌营业部\",\"managerId\":1024705709255773345,\"name\":\"武昌营业部\",\"parentId\":1024991961163118369,\"parentStatus\":true,\"sortValue\":0,\"status\":true,\"treePath\":\",1024990726519403457,1024991961163118369,\",\"updateTime\":\"2022-09-29T10:37:56\",\"updateUser\":1}],\"createTime\":\"2022-09-29T10:32:07\",\"createUser\":1,\"describe\":\"\",\"id\":1024991961163118369,\"label\":\"武汉分拣中心\",\"name\":\"武汉分拣中心\",\"parentId\":1024990726519403457,\"parentStatus\":true,\"sortValue\":0,\"status\":true,\"treePath\":\",1024990726519403457,\",\"updateTime\":\"2022-09-29T10:32:07\",\"updateUser\":1}],\"createTime\":\"2022-09-29T10:27:13\",\"createUser\":1,\"describe\":\"\",\"id\":1024990726519403457,\"label\":\"华中转运中心\",\"name\":\"华中转运中心\",\"parentId\":0,\"sortValue\":0,\"status\":true,\"treePath\":\",\",\"updateTime\":\"2022-09-29T10:27:13\",\"updateUser\":1},{\"abbreviation\":\"\",\"children\":[{\"abbreviation\":\"\",\"children\":[{\"abbreviation\":\"\",\"createTime\":\"2022-09-28T19:59:46\",\"createUser\":1,\"describe\":\"\",\"id\":1024772425923018049,\"label\":\"长安区营业部\",\"name\":\"长安区营业部\",\"parentId\":1024772115791985729,\"parentStatus\":true,\"sortValue\":0,\"status\":true,\"treePath\":\",1024704844486756641,1024772115791985729,\",\"updateTime\":\"2022-09-28T19:59:46\",\"updateUser\":1},{\"abbreviation\":\"\",\"createTime\":\"2022-09-28T19:59:16\",\"createUser\":1,\"describe\":\"\",\"id\":1024772301733870785,\"label\":\"碑林区营业部\",\"name\":\"碑林区营业部\",\"parentId\":1024772115791985729,\"parentStatus\":true,\"sortValue\":0,\"status\":true,\"treePath\":\",1024704844486756641,1024772115791985729,\",\"updateTime\":\"2022-09-28T19:59:16\",\"updateUser\":1}],\"createTime\":\"2022-09-28T19:58:32\",\"createUser\":1,\"describe\":\"\",\"id\":1024772115791985729,\"label\":\"西安分拣中心\",\"name\":\"西安分拣中心\",\"parentId\":1024704844486756641,\"parentStatus\":true,\"sortValue\":0,\"status\":true,\"treePath\":\",1024704844486756641,\",\"updateTime\":\"2022-09-28T19:58:32\",\"updateUser\":1}],\"createTime\":\"2022-09-28T15:31:13\",\"createUser\":1,\"describe\":\"\",\"id\":1024704844486756641,\"label\":\"西北转运中心\",\"managerId\":1,\"name\":\"西北转运中心\",\"parentId\":0,\"sortValue\":0,\"status\":true,\"treePath\":\",\",\"updateTime\":\"2022-09-28T15:31:13\",\"updateUser\":1},{\"abbreviation\":\"\",\"children\":[{\"abbreviation\":\"\",\"children\":[{\"abbreviation\":\"\",\"createTime\":\"2022-09-29T09:49:44\",\"createUser\":1,\"describe\":\"\",\"id\":1024981295454874273,\"label\":\"虹口区营业部\",\"name\":\"虹口区营业部\",\"parentId\":1024980990084376673,\"parentStatus\":true,\"sortValue\":0,\"status\":true,\"treePath\":\",1024980958136362977,1024980990084376673,\",\"updateTime\":\"2022-09-29T09:49:44\",\"updateUser\":1},{\"abbreviation\":\"\",\"createTime\":\"2022-09-29T09:49:31\",\"createUser\":1,\"describe\":\"\",\"id\":1024981239465110017,\"label\":\"浦东新区营业部\",\"name\":\"浦东新区营业部\",\"parentId\":1024980990084376673,\"parentStatus\":true,\"sortValue\":0,\"status\":true,\"treePath\":\",1024980958136362977,1024980990084376673,\",\"updateTime\":\"2022-09-29T09:49:31\",\"updateUser\":1}],\"createTime\":\"2022-09-29T09:48:31\",\"createUser\":1,\"describe\":\"\",\"id\":1024980990084376673,\"label\":\"上海分拣中心\",\"name\":\"上海分拣中心\",\"parentId\":1024980958136362977,\"parentStatus\":true,\"sortValue\":0,\"status\":true,\"treePath\":\",1024980958136362977,\",\"updateTime\":\"2022-09-29T09:48:31\",\"updateUser\":1}],\"createTime\":\"2022-09-29T09:48:24\",\"createUser\":1,\"describe\":\"\",\"id\":1024980958136362977,\"label\":\"华东转运中心\",\"name\":\"华东转运中心\",\"parentId\":0,\"sortValue\":0,\"status\":true,\"treePath\":\",\",\"updateTime\":\"2022-09-29T09:48:24\",\"updateUser\":1},{\"abbreviation\":\"\",\"children\":[{\"abbreviation\":\"\",\"children\":[{\"abbreviation\":\"\",\"createTime\":\"2022-09-29T09:47:54\",\"createUser\":1,\"describe\":\"\",\"id\":1024980833938827105,\"label\":\"顺义区营业部\",\"name\":\"顺义区营业部\",\"parentId\":1024980728632436289,\"parentStatus\":true,\"sortValue\":0,\"status\":true,\"treePath\":\",1024980634071852417,1024980728632436289,\",\"updateTime\":\"2022-09-29T09:47:54\",\"updateUser\":1},{\"abbreviation\":\"\",\"createTime\":\"2022-09-29T09:47:46\",\"createUser\":1,\"describe\":\"\",\"id\":1024980800111765185,\"label\":\"昌平区营业部\",\"name\":\"昌平区营业部\",\"parentId\":1024980728632436289,\"parentStatus\":true,\"sortValue\":0,\"status\":true,\"treePath\":\",1024980634071852417,1024980728632436289,\",\"updateTime\":\"2022-09-29T09:47:46\",\"updateUser\":1}],\"createTime\":\"2022-09-29T09:47:29\",\"createUser\":1,\"describe\":\"\",\"id\":1024980728632436289,\"label\":\"北京分拣中心\",\"name\":\"北京分拣中心\",\"parentId\":1024980634071852417,\"parentStatus\":true,\"sortValue\":0,\"status\":true,\"treePath\":\",1024980634071852417,\",\"updateTime\":\"2022-09-29T09:47:29\",\"updateUser\":1}],\"createTime\":\"2022-09-29T09:47:07\",\"createUser\":1,\"describe\":\"\",\"id\":1024980634071852417,\"label\":\"华北转运中心\",\"name\":\"华北转运中心\",\"parentId\":0,\"sortValue\":0,\"status\":true,\"treePath\":\",\",\"updateTime\":\"2022-09-29T09:47:07\",\"updateUser\":1},{\"abbreviation\":\"\",\"children\":[{\"abbreviation\":\"\",\"children\":[{\"abbreviation\":\"\",\"createTime\":\"2022-09-28T19:57:06\",\"createUser\":1,\"describe\":\"\",\"id\":1024771753995515873,\"label\":\"青羊区营业部\",\"name\":\"青羊区营业部\",\"parentId\":1024706903290237921,\"parentStatus\":true,\"sortValue\":0,\"status\":true,\"treePath\":\",1024706655985685345,1024706903290237921,\",\"updateTime\":\"2022-09-28T19:57:06\",\"updateUser\":1},{\"abbreviation\":\"\",\"createTime\":\"2022-09-28T19:55:57\",\"createUser\":1,\"describe\":\"\",\"id\":1024771466287232801,\"label\":\"金牛区营业部\",\"name\":\"金牛区营业部\",\"parentId\":1024706903290237921,\"parentStatus\":true,\"sortValue\":0,\"status\":true,\"treePath\":\",1024706655985685345,1024706903290237921,\",\"updateTime\":\"2022-09-28T19:55:57\",\"updateUser\":1}],\"createTime\":\"2022-09-28T15:39:24\",\"createUser\":1,\"describe\":\"\",\"id\":1024706903290237921,\"label\":\"成都分拣中心\",\"name\":\"成都分拣中心\",\"parentId\":1024706655985685345,\"parentStatus\":true,\"sortValue\":0,\"status\":true,\"treePath\":\",1024706655985685345,\",\"updateTime\":\"2022-09-28T15:39:24\",\"updateUser\":1}],\"createTime\":\"2022-09-28T15:38:25\",\"createUser\":1,\"describe\":\"\",\"id\":1024706655985685345,\"label\":\"西南转运中心\",\"name\":\"西南转运中心\",\"parentId\":0,\"sortValue\":0,\"status\":true,\"treePath\":\",\",\"updateTime\":\"2022-09-28T15:38:25\",\"updateUser\":1},{\"abbreviation\":\"\",\"children\":[{\"abbreviation\":\"\",\"children\":[{\"abbreviation\":\"\",\"createTime\":\"2022-09-29T10:05:29\",\"createUser\":1,\"describe\":\"\",\"id\":1024985257948084801,\"label\":\"和平区营业部\",\"managerId\":1024705709255773345,\"name\":\"和平区营业部\",\"parentId\":1024984540818568481,\"parentStatus\":true,\"sortValue\":0,\"status\":true,\"treePath\":\",1024982867475820033,1024984540818568481,\",\"updateTime\":\"2022-09-29T10:05:29\",\"updateUser\":1},{\"abbreviation\":\"\",\"createTime\":\"2022-09-29T10:04:58\",\"createUser\":1,\"describe\":\"\",\"id\":1024985129287809409,\"label\":\"皇姑区营业部\",\"managerId\":1024705709255773345,\"name\":\"皇姑区营业部\",\"parentId\":1024984540818568481,\"parentStatus\":true,\"sortValue\":0,\"status\":true,\"treePath\":\",1024982867475820033,1024984540818568481,\",\"updateTime\":\"2022-09-29T10:04:58\",\"updateUser\":1}],\"createTime\":\"2022-09-29T10:02:38\",\"createUser\":1,\"describe\":\"\",\"id\":1024984540818568481,\"label\":\"沈阳分拣中心\",\"managerId\":1024705709255773345,\"name\":\"沈阳分拣中心\",\"parentId\":1024982867475820033,\"parentStatus\":true,\"sortValue\":0,\"status\":true,\"treePath\":\",1024982867475820033,\",\"updateTime\":\"2022-09-29T10:02:38\",\"updateUser\":1}],\"createTime\":\"2022-09-29T09:55:59\",\"createUser\":1,\"describe\":\"\",\"id\":1024982867475820033,\"label\":\"东北转运中心\",\"managerId\":1024705709255773345,\"name\":\"东北转运中心\",\"parentId\":0,\"sortValue\":1,\"status\":true,\"treePath\":\",\",\"updateTime\":\"2022-09-29T09:55:59\",\"updateUser\":1}],\"isError\":false,\"isSuccess\":true,\"msg\":\"ok\",\"timestamp\":1695012222587}',NULL,NULL,'2023-09-18 12:43:43','2023-09-18 12:43:43',28,'Mozilla/5.0 (Windows NT 10.0; Win64; x64) AppleWebKit/537.36 (KHTML, like Gecko) Chrome/117.0.0.0 Safari/537.36 Edg/117.0.2045.31','2023-09-18 12:43:43',1),(1153310468924768897,'192.168.150.1','OPT','平台管理员','组织-新增组织','com.itheima.authority.controller.core.OrgController','save','/api/authority/org','POST','[{\"managerId\":1,\"name\":\"test数据\",\"parentId\":1025108784911206497,\"sortValue\":1,\"status\":true}]','{\"code\":0,\"data\":{\"createTime\":\"2023-09-18T04:44:03.160576000\",\"createUser\":1,\"id\":1153310467607757409,\"managerId\":1,\"name\":\"test数据\",\"parentId\":1025108784911206497,\"sortValue\":1,\"status\":true,\"treePath\":\",1025103176946395585,1025103442882046977,1025108784911206497,\",\"updateTime\":\"2023-09-18T04:44:03.160634000\",\"updateUser\":1},\"isError\":false,\"isSuccess\":true,\"msg\":\"ok\",\"timestamp\":1695012243469}',NULL,NULL,'2023-09-18 12:44:03','2023-09-18 12:44:03',322,'Mozilla/5.0 (Windows NT 10.0; Win64; x64) AppleWebKit/537.36 (KHTML, like Gecko) Chrome/117.0.0.0 Safari/537.36 Edg/117.0.2045.31','2023-09-18 12:44:03',1),(1153310469277090465,'192.168.150.1','OPT','平台管理员','组织-查询系统所有的组织树','com.itheima.authority.controller.core.OrgController','tree','/api/authority/org/tree','GET','[, null]','{\"code\":0,\"data\":[{\"abbreviation\":\"\",\"children\":[{\"abbreviation\":\"\",\"children\":[{\"abbreviation\":\"\",\"createTime\":\"2022-09-29T18:15:46\",\"createUser\":1,\"describe\":\"\",\"id\":1025108643500246881,\"label\":\"光明区营业部\",\"name\":\"光明区营业部\",\"parentId\":1025103512826260673,\"parentStatus\":true,\"sortValue\":0,\"status\":true,\"treePath\":\",1025103176946395585,1025103512826260673,\",\"updateTime\":\"2022-09-29T18:15:46\",\"updateUser\":1},{\"abbreviation\":\"\",\"createTime\":\"2022-09-29T18:15:30\",\"createUser\":1,\"describe\":\"\",\"id\":1025108572721366561,\"label\":\" 宝安区营业部\",\"name\":\" 宝安区营业部\",\"parentId\":1025103512826260673,\"parentStatus\":true,\"sortValue\":0,\"status\":true,\"treePath\":\",1025103176946395585,1025103512826260673,\",\"updateTime\":\"2022-09-29T18:15:30\",\"updateUser\":1}],\"createTime\":\"2022-09-29T17:55:23\",\"createUser\":1,\"describe\":\"\",\"id\":1025103512826260673,\"label\":\"深圳分拣中心\",\"name\":\"深圳分拣中心\",\"parentId\":1025103176946395585,\"parentStatus\":true,\"sortValue\":0,\"status\":true,\"treePath\":\",1025103176946395585,\",\"updateTime\":\"2022-09-29T17:55:23\",\"updateUser\":1},{\"abbreviation\":\"\",\"children\":[{\"abbreviation\":\"\",\"children\":[{\"abbreviation\":\"\",\"createTime\":\"2023-09-18T12:44:03\",\"createUser\":1,\"describe\":\"\",\"id\":1153310467607757409,\"label\":\"test数据\",\"managerId\":1,\"name\":\"test数据\",\"parentId\":1025108784911206497,\"parentStatus\":true,\"sortValue\":1,\"status\":true,\"treePath\":\",1025103176946395585,1025103442882046977,1025108784911206497,\",\"updateTime\":\"2023-09-18T12:44:03\",\"updateUser\":1}],\"createTime\":\"2022-09-29T18:16:20\",\"createUser\":1,\"describe\":\"\",\"id\":1025108784911206497,\"label\":\"越秀区营业部\",\"name\":\"越秀区营业部\",\"parentId\":1025103442882046977,\"parentStatus\":true,\"sortValue\":0,\"status\":true,\"treePath\":\",1025103176946395585,1025103442882046977,\",\"updateTime\":\"2022-09-29T18:16:20\",\"updateUser\":1},{\"abbreviation\":\"\",\"createTime\":\"2022-09-29T18:15:59\",\"createUser\":1,\"describe\":\"\",\"id\":1025108696675633121,\"label\":\"花都营业部\",\"name\":\"花都营业部\",\"parentId\":1025103442882046977,\"parentStatus\":true,\"sortValue\":0,\"status\":true,\"treePath\":\",1025103176946395585,1025103442882046977,\",\"updateTime\":\"2022-09-29T18:15:59\",\"updateUser\":1}],\"createTime\":\"2022-09-29T17:55:06\",\"createUser\":1,\"describe\":\"\",\"id\":1025103442882046977,\"label\":\"广州分拣中心\",\"name\":\"广州分拣中心\",\"parentId\":1025103176946395585,\"parentStatus\":true,\"sortValue\":0,\"status\":true,\"treePath\":\",1025103176946395585,\",\"updateTime\":\"2022-09-29T17:55:06\",\"updateUser\":1}],\"createTime\":\"2022-09-29T17:54:03\",\"createUser\":1,\"describe\":\"\",\"id\":1025103176946395585,\"label\":\"华南转运中心\",\"managerId\":1024705709255773345,\"name\":\"华南转运中心\",\"parentId\":0,\"sortValue\":0,\"status\":true,\"treePath\":\",\",\"updateTime\":\"2022-09-29T17:54:03\",\"updateUser\":1},{\"abbreviation\":\"\",\"children\":[{\"abbreviation\":\"\",\"children\":[{\"abbreviation\":\"\",\"createTime\":\"2022-09-29T10:38:26\",\"createUser\":1,\"describe\":\"\",\"id\":1024993548853984385,\"label\":\"江汉营业部\",\"name\":\"江汉营业部\",\"parentId\":1024991961163118369,\"parentStatus\":true,\"sortValue\":0,\"status\":true,\"treePath\":\",1024990726519403457,1024991961163118369,\",\"updateTime\":\"2022-09-29T10:38:26\",\"updateUser\":1},{\"abbreviation\":\"\",\"createTime\":\"2022-09-29T10:37:56\",\"createUser\":1,\"describe\":\"\",\"id\":1024993422324415489,\"label\":\"武昌营业部\",\"managerId\":1024705709255773345,\"name\":\"武昌营业部\",\"parentId\":1024991961163118369,\"parentStatus\":true,\"sortValue\":0,\"status\":true,\"treePath\":\",1024990726519403457,1024991961163118369,\",\"updateTime\":\"2022-09-29T10:37:56\",\"updateUser\":1}],\"createTime\":\"2022-09-29T10:32:07\",\"createUser\":1,\"describe\":\"\",\"id\":1024991961163118369,\"label\":\"武汉分拣中心\",\"name\":\"武汉分拣中心\",\"parentId\":1024990726519403457,\"parentStatus\":true,\"sortValue\":0,\"status\":true,\"treePath\":\",1024990726519403457,\",\"updateTime\":\"2022-09-29T10:32:07\",\"updateUser\":1}],\"createTime\":\"2022-09-29T10:27:13\",\"createUser\":1,\"describe\":\"\",\"id\":1024990726519403457,\"label\":\"华中转运中心\",\"name\":\"华中转运中心\",\"parentId\":0,\"sortValue\":0,\"status\":true,\"treePath\":\",\",\"updateTime\":\"2022-09-29T10:27:13\",\"updateUser\":1},{\"abbreviation\":\"\",\"children\":[{\"abbreviation\":\"\",\"children\":[{\"abbreviation\":\"\",\"createTime\":\"2022-09-28T19:59:46\",\"createUser\":1,\"describe\":\"\",\"id\":1024772425923018049,\"label\":\"长安区营业部\",\"name\":\"长安区营业部\",\"parentId\":1024772115791985729,\"parentStatus\":true,\"sortValue\":0,\"status\":true,\"treePath\":\",1024704844486756641,1024772115791985729,\",\"updateTime\":\"2022-09-28T19:59:46\",\"updateUser\":1},{\"abbreviation\":\"\",\"createTime\":\"2022-09-28T19:59:16\",\"createUser\":1,\"describe\":\"\",\"id\":1024772301733870785,\"label\":\"碑林区营业部\",\"name\":\"碑林区营业部\",\"parentId\":1024772115791985729,\"parentStatus\":true,\"sortValue\":0,\"status\":true,\"treePath\":\",1024704844486756641,1024772115791985729,\",\"updateTime\":\"2022-09-28T19:59:16\",\"updateUser\":1}],\"createTime\":\"2022-09-28T19:58:32\",\"createUser\":1,\"describe\":\"\",\"id\":1024772115791985729,\"label\":\"西安分拣中心\",\"name\":\"西安分拣中心\",\"parentId\":1024704844486756641,\"parentStatus\":true,\"sortValue\":0,\"status\":true,\"treePath\":\",1024704844486756641,\",\"updateTime\":\"2022-09-28T19:58:32\",\"updateUser\":1}],\"createTime\":\"2022-09-28T15:31:13\",\"createUser\":1,\"describe\":\"\",\"id\":1024704844486756641,\"label\":\"西北转运中心\",\"managerId\":1,\"name\":\"西北转运中心\",\"parentId\":0,\"sortValue\":0,\"status\":true,\"treePath\":\",\",\"updateTime\":\"2022-09-28T15:31:13\",\"updateUser\":1},{\"abbreviation\":\"\",\"children\":[{\"abbreviation\":\"\",\"children\":[{\"abbreviation\":\"\",\"createTime\":\"2022-09-29T09:49:44\",\"createUser\":1,\"describe\":\"\",\"id\":1024981295454874273,\"label\":\"虹口区营业部\",\"name\":\"虹口区营业部\",\"parentId\":1024980990084376673,\"parentStatus\":true,\"sortValue\":0,\"status\":true,\"treePath\":\",1024980958136362977,1024980990084376673,\",\"updateTime\":\"2022-09-29T09:49:44\",\"updateUser\":1},{\"abbreviation\":\"\",\"createTime\":\"2022-09-29T09:49:31\",\"createUser\":1,\"describe\":\"\",\"id\":1024981239465110017,\"label\":\"浦东新区营业部\",\"name\":\"浦东新区营业部\",\"parentId\":1024980990084376673,\"parentStatus\":true,\"sortValue\":0,\"status\":true,\"treePath\":\",1024980958136362977,1024980990084376673,\",\"updateTime\":\"2022-09-29T09:49:31\",\"updateUser\":1}],\"createTime\":\"2022-09-29T09:48:31\",\"createUser\":1,\"describe\":\"\",\"id\":1024980990084376673,\"label\":\"上海分拣中心\",\"name\":\"上海分拣中心\",\"parentId\":1024980958136362977,\"parentStatus\":true,\"sortValue\":0,\"status\":true,\"treePath\":\",1024980958136362977,\",\"updateTime\":\"2022-09-29T09:48:31\",\"updateUser\":1}],\"createTime\":\"2022-09-29T09:48:24\",\"createUser\":1,\"describe\":\"\",\"id\":1024980958136362977,\"label\":\"华东转运中心\",\"name\":\"华东转运中心\",\"parentId\":0,\"sortValue\":0,\"status\":true,\"treePath\":\",\",\"updateTime\":\"2022-09-29T09:48:24\",\"updateUser\":1},{\"abbreviation\":\"\",\"children\":[{\"abbreviation\":\"\",\"children\":[{\"abbreviation\":\"\",\"createTime\":\"2022-09-29T09:47:54\",\"createUser\":1,\"describe\":\"\",\"id\":1024980833938827105,\"label\":\"顺义区营业部\",\"name\":\"顺义区营业部\",\"parentId\":1024980728632436289,\"parentStatus\":true,\"sortValue\":0,\"status\":true,\"treePath\":\",1024980634071852417,1024980728632436289,\",\"updateTime\":\"2022-09-29T09:47:54\",\"updateUser\":1},{\"abbreviation\":\"\",\"createTime\":\"2022-09-29T09:47:46\",\"createUser\":1,\"describe\":\"\",\"id\":1024980800111765185,\"label\":\"昌平区营业部\",\"name\":\"昌平区营业部\",\"parentId\":1024980728632436289,\"parentStatus\":true,\"sortValue\":0,\"status\":true,\"treePath\":\",1024980634071852417,1024980728632436289,\",\"updateTime\":\"2022-09-29T09:47:46\",\"updateUser\":1}],\"createTime\":\"2022-09-29T09:47:29\",\"createUser\":1,\"describe\":\"\",\"id\":1024980728632436289,\"label\":\"北京分拣中心\",\"name\":\"北京分拣中心\",\"parentId\":1024980634071852417,\"parentStatus\":true,\"sortValue\":0,\"status\":true,\"treePath\":\",1024980634071852417,\",\"updateTime\":\"2022-09-29T09:47:29\",\"updateUser\":1}],\"createTime\":\"2022-09-29T09:47:07\",\"createUser\":1,\"describe\":\"\",\"id\":1024980634071852417,\"label\":\"华北转运中心\",\"name\":\"华北转运中心\",\"parentId\":0,\"sortValue\":0,\"status\":true,\"treePath\":\",\",\"updateTime\":\"2022-09-29T09:47:07\",\"updateUser\":1},{\"abbreviation\":\"\",\"children\":[{\"abbreviation\":\"\",\"children\":[{\"abbreviation\":\"\",\"createTime\":\"2022-09-28T19:57:06\",\"createUser\":1,\"describe\":\"\",\"id\":1024771753995515873,\"label\":\"青羊区营业部\",\"name\":\"青羊区营业部\",\"parentId\":1024706903290237921,\"parentStatus\":true,\"sortValue\":0,\"status\":true,\"treePath\":\",1024706655985685345,1024706903290237921,\",\"updateTime\":\"2022-09-28T19:57:06\",\"updateUser\":1},{\"abbreviation\":\"\",\"createTime\":\"2022-09-28T19:55:57\",\"createUser\":1,\"describe\":\"\",\"id\":1024771466287232801,\"label\":\"金牛区营业部\",\"name\":\"金牛区营业部\",\"parentId\":1024706903290237921,\"parentStatus\":true,\"sortValue\":0,\"status\":true,\"treePath\":\",1024706655985685345,1024706903290237921,\",\"updateTime\":\"2022-09-28T19:55:57\",\"updateUser\":1}],\"createTime\":\"2022-09-28T15:39:24\",\"createUser\":1,\"describe\":\"\",\"id\":1024706903290237921,\"label\":\"成都分拣中心\",\"name\":\"成都分拣中心\",\"parentId\":1024706655985685345,\"parentStatus\":true,\"sortValue\":0,\"status\":true,\"treePath\":\",1024706655985685345,\",\"updateTime\":\"2022-09-28T15:39:24\",\"updateUser\":1}],\"createTime\":\"2022-09-28T15:38:25\",\"createUser\":1,\"describe\":\"\",\"id\":1024706655985685345,\"label\":\"西南转运中心\",\"name\":\"西南转运中心\",\"parentId\":0,\"sortValue\":0,\"status\":true,\"treePath\":\",\",\"updateTime\":\"2022-09-28T15:38:25\",\"updateUser\":1},{\"abbreviation\":\"\",\"children\":[{\"abbreviation\":\"\",\"children\":[{\"abbreviation\":\"\",\"createTime\":\"2022-09-29T10:05:29\",\"createUser\":1,\"describe\":\"\",\"id\":1024985257948084801,\"label\":\"和平区营业部\",\"managerId\":1024705709255773345,\"name\":\"和平区营业部\",\"parentId\":1024984540818568481,\"parentStatus\":true,\"sortValue\":0,\"status\":true,\"treePath\":\",1024982867475820033,1024984540818568481,\",\"updateTime\":\"2022-09-29T10:05:29\",\"updateUser\":1},{\"abbreviation\":\"\",\"createTime\":\"2022-09-29T10:04:58\",\"createUser\":1,\"describe\":\"\",\"id\":1024985129287809409,\"label\":\"皇姑区营业部\",\"managerId\":1024705709255773345,\"name\":\"皇姑区营业部\",\"parentId\":1024984540818568481,\"parentStatus\":true,\"sortValue\":0,\"status\":true,\"treePath\":\",1024982867475820033,1024984540818568481,\",\"updateTime\":\"2022-09-29T10:04:58\",\"updateUser\":1}],\"createTime\":\"2022-09-29T10:02:38\",\"createUser\":1,\"describe\":\"\",\"id\":1024984540818568481,\"label\":\"沈阳分拣中心\",\"managerId\":1024705709255773345,\"name\":\"沈阳分拣中心\",\"parentId\":1024982867475820033,\"parentStatus\":true,\"sortValue\":0,\"status\":true,\"treePath\":\",1024982867475820033,\",\"updateTime\":\"2022-09-29T10:02:38\",\"updateUser\":1}],\"createTime\":\"2022-09-29T09:55:59\",\"createUser\":1,\"describe\":\"\",\"id\":1024982867475820033,\"label\":\"东北转运中心\",\"managerId\":1024705709255773345,\"name\":\"东北转运中心\",\"parentId\":0,\"sortValue\":1,\"status\":true,\"treePath\":\",\",\"updateTime\":\"2022-09-29T09:55:59\",\"updateUser\":1}],\"isError\":false,\"isSuccess\":true,\"msg\":\"ok\",\"timestamp\":1695012243555}',NULL,NULL,'2023-09-18 12:44:04','2023-09-18 12:44:04',33,'Mozilla/5.0 (Windows NT 10.0; Win64; x64) AppleWebKit/537.36 (KHTML, like Gecko) Chrome/117.0.0.0 Safari/537.36 Edg/117.0.2045.31','2023-09-18 12:44:04',1),(1153310638945075905,'192.168.150.1','OPT','平台管理员','组织-删除组织','com.itheima.authority.controller.core.OrgController','delete','/api/authority/org','DELETE','[[1153310467607757409]]','{\"code\":0,\"data\":[],\"isError\":false,\"isSuccess\":true,\"msg\":\"ok\",\"timestamp\":1695012283999}',NULL,NULL,'2023-09-18 12:44:44','2023-09-18 12:44:44',61,'Mozilla/5.0 (Windows NT 10.0; Win64; x64) AppleWebKit/537.36 (KHTML, like Gecko) Chrome/117.0.0.0 Safari/537.36 Edg/117.0.2045.31','2023-09-18 12:44:44',1),(1153310639372894945,'192.168.150.1','OPT','平台管理员','组织-查询系统所有的组织树','com.itheima.authority.controller.core.OrgController','tree','/api/authority/org/tree','GET','[, null]','{\"code\":0,\"data\":[{\"abbreviation\":\"\",\"children\":[{\"abbreviation\":\"\",\"children\":[{\"abbreviation\":\"\",\"createTime\":\"2022-09-29T18:15:46\",\"createUser\":1,\"describe\":\"\",\"id\":1025108643500246881,\"label\":\"光明区营业部\",\"name\":\"光明区营业部\",\"parentId\":1025103512826260673,\"parentStatus\":true,\"sortValue\":0,\"status\":true,\"treePath\":\",1025103176946395585,1025103512826260673,\",\"updateTime\":\"2022-09-29T18:15:46\",\"updateUser\":1},{\"abbreviation\":\"\",\"createTime\":\"2022-09-29T18:15:30\",\"createUser\":1,\"describe\":\"\",\"id\":1025108572721366561,\"label\":\" 宝安区营业部\",\"name\":\" 宝安区营业部\",\"parentId\":1025103512826260673,\"parentStatus\":true,\"sortValue\":0,\"status\":true,\"treePath\":\",1025103176946395585,1025103512826260673,\",\"updateTime\":\"2022-09-29T18:15:30\",\"updateUser\":1}],\"createTime\":\"2022-09-29T17:55:23\",\"createUser\":1,\"describe\":\"\",\"id\":1025103512826260673,\"label\":\"深圳分拣中心\",\"name\":\"深圳分拣中心\",\"parentId\":1025103176946395585,\"parentStatus\":true,\"sortValue\":0,\"status\":true,\"treePath\":\",1025103176946395585,\",\"updateTime\":\"2022-09-29T17:55:23\",\"updateUser\":1},{\"abbreviation\":\"\",\"children\":[{\"abbreviation\":\"\",\"createTime\":\"2022-09-29T18:16:20\",\"createUser\":1,\"describe\":\"\",\"id\":1025108784911206497,\"label\":\"越秀区营业部\",\"name\":\"越秀区营业部\",\"parentId\":1025103442882046977,\"parentStatus\":true,\"sortValue\":0,\"status\":true,\"treePath\":\",1025103176946395585,1025103442882046977,\",\"updateTime\":\"2022-09-29T18:16:20\",\"updateUser\":1},{\"abbreviation\":\"\",\"createTime\":\"2022-09-29T18:15:59\",\"createUser\":1,\"describe\":\"\",\"id\":1025108696675633121,\"label\":\"花都营业部\",\"name\":\"花都营业部\",\"parentId\":1025103442882046977,\"parentStatus\":true,\"sortValue\":0,\"status\":true,\"treePath\":\",1025103176946395585,1025103442882046977,\",\"updateTime\":\"2022-09-29T18:15:59\",\"updateUser\":1}],\"createTime\":\"2022-09-29T17:55:06\",\"createUser\":1,\"describe\":\"\",\"id\":1025103442882046977,\"label\":\"广州分拣中心\",\"name\":\"广州分拣中心\",\"parentId\":1025103176946395585,\"parentStatus\":true,\"sortValue\":0,\"status\":true,\"treePath\":\",1025103176946395585,\",\"updateTime\":\"2022-09-29T17:55:06\",\"updateUser\":1}],\"createTime\":\"2022-09-29T17:54:03\",\"createUser\":1,\"describe\":\"\",\"id\":1025103176946395585,\"label\":\"华南转运中心\",\"managerId\":1024705709255773345,\"name\":\"华南转运中心\",\"parentId\":0,\"sortValue\":0,\"status\":true,\"treePath\":\",\",\"updateTime\":\"2022-09-29T17:54:03\",\"updateUser\":1},{\"abbreviation\":\"\",\"children\":[{\"abbreviation\":\"\",\"children\":[{\"abbreviation\":\"\",\"createTime\":\"2022-09-29T10:38:26\",\"createUser\":1,\"describe\":\"\",\"id\":1024993548853984385,\"label\":\"江汉营业部\",\"name\":\"江汉营业部\",\"parentId\":1024991961163118369,\"parentStatus\":true,\"sortValue\":0,\"status\":true,\"treePath\":\",1024990726519403457,1024991961163118369,\",\"updateTime\":\"2022-09-29T10:38:26\",\"updateUser\":1},{\"abbreviation\":\"\",\"createTime\":\"2022-09-29T10:37:56\",\"createUser\":1,\"describe\":\"\",\"id\":1024993422324415489,\"label\":\"武昌营业部\",\"managerId\":1024705709255773345,\"name\":\"武昌营业部\",\"parentId\":1024991961163118369,\"parentStatus\":true,\"sortValue\":0,\"status\":true,\"treePath\":\",1024990726519403457,1024991961163118369,\",\"updateTime\":\"2022-09-29T10:37:56\",\"updateUser\":1}],\"createTime\":\"2022-09-29T10:32:07\",\"createUser\":1,\"describe\":\"\",\"id\":1024991961163118369,\"label\":\"武汉分拣中心\",\"name\":\"武汉分拣中心\",\"parentId\":1024990726519403457,\"parentStatus\":true,\"sortValue\":0,\"status\":true,\"treePath\":\",1024990726519403457,\",\"updateTime\":\"2022-09-29T10:32:07\",\"updateUser\":1}],\"createTime\":\"2022-09-29T10:27:13\",\"createUser\":1,\"describe\":\"\",\"id\":1024990726519403457,\"label\":\"华中转运中心\",\"name\":\"华中转运中心\",\"parentId\":0,\"sortValue\":0,\"status\":true,\"treePath\":\",\",\"updateTime\":\"2022-09-29T10:27:13\",\"updateUser\":1},{\"abbreviation\":\"\",\"children\":[{\"abbreviation\":\"\",\"children\":[{\"abbreviation\":\"\",\"createTime\":\"2022-09-28T19:59:46\",\"createUser\":1,\"describe\":\"\",\"id\":1024772425923018049,\"label\":\"长安区营业部\",\"name\":\"长安区营业部\",\"parentId\":1024772115791985729,\"parentStatus\":true,\"sortValue\":0,\"status\":true,\"treePath\":\",1024704844486756641,1024772115791985729,\",\"updateTime\":\"2022-09-28T19:59:46\",\"updateUser\":1},{\"abbreviation\":\"\",\"createTime\":\"2022-09-28T19:59:16\",\"createUser\":1,\"describe\":\"\",\"id\":1024772301733870785,\"label\":\"碑林区营业部\",\"name\":\"碑林区营业部\",\"parentId\":1024772115791985729,\"parentStatus\":true,\"sortValue\":0,\"status\":true,\"treePath\":\",1024704844486756641,1024772115791985729,\",\"updateTime\":\"2022-09-28T19:59:16\",\"updateUser\":1}],\"createTime\":\"2022-09-28T19:58:32\",\"createUser\":1,\"describe\":\"\",\"id\":1024772115791985729,\"label\":\"西安分拣中心\",\"name\":\"西安分拣中心\",\"parentId\":1024704844486756641,\"parentStatus\":true,\"sortValue\":0,\"status\":true,\"treePath\":\",1024704844486756641,\",\"updateTime\":\"2022-09-28T19:58:32\",\"updateUser\":1}],\"createTime\":\"2022-09-28T15:31:13\",\"createUser\":1,\"describe\":\"\",\"id\":1024704844486756641,\"label\":\"西北转运中心\",\"managerId\":1,\"name\":\"西北转运中心\",\"parentId\":0,\"sortValue\":0,\"status\":true,\"treePath\":\",\",\"updateTime\":\"2022-09-28T15:31:13\",\"updateUser\":1},{\"abbreviation\":\"\",\"children\":[{\"abbreviation\":\"\",\"children\":[{\"abbreviation\":\"\",\"createTime\":\"2022-09-29T09:49:44\",\"createUser\":1,\"describe\":\"\",\"id\":1024981295454874273,\"label\":\"虹口区营业部\",\"name\":\"虹口区营业部\",\"parentId\":1024980990084376673,\"parentStatus\":true,\"sortValue\":0,\"status\":true,\"treePath\":\",1024980958136362977,1024980990084376673,\",\"updateTime\":\"2022-09-29T09:49:44\",\"updateUser\":1},{\"abbreviation\":\"\",\"createTime\":\"2022-09-29T09:49:31\",\"createUser\":1,\"describe\":\"\",\"id\":1024981239465110017,\"label\":\"浦东新区营业部\",\"name\":\"浦东新区营业部\",\"parentId\":1024980990084376673,\"parentStatus\":true,\"sortValue\":0,\"status\":true,\"treePath\":\",1024980958136362977,1024980990084376673,\",\"updateTime\":\"2022-09-29T09:49:31\",\"updateUser\":1}],\"createTime\":\"2022-09-29T09:48:31\",\"createUser\":1,\"describe\":\"\",\"id\":1024980990084376673,\"label\":\"上海分拣中心\",\"name\":\"上海分拣中心\",\"parentId\":1024980958136362977,\"parentStatus\":true,\"sortValue\":0,\"status\":true,\"treePath\":\",1024980958136362977,\",\"updateTime\":\"2022-09-29T09:48:31\",\"updateUser\":1}],\"createTime\":\"2022-09-29T09:48:24\",\"createUser\":1,\"describe\":\"\",\"id\":1024980958136362977,\"label\":\"华东转运中心\",\"name\":\"华东转运中心\",\"parentId\":0,\"sortValue\":0,\"status\":true,\"treePath\":\",\",\"updateTime\":\"2022-09-29T09:48:24\",\"updateUser\":1},{\"abbreviation\":\"\",\"children\":[{\"abbreviation\":\"\",\"children\":[{\"abbreviation\":\"\",\"createTime\":\"2022-09-29T09:47:54\",\"createUser\":1,\"describe\":\"\",\"id\":1024980833938827105,\"label\":\"顺义区营业部\",\"name\":\"顺义区营业部\",\"parentId\":1024980728632436289,\"parentStatus\":true,\"sortValue\":0,\"status\":true,\"treePath\":\",1024980634071852417,1024980728632436289,\",\"updateTime\":\"2022-09-29T09:47:54\",\"updateUser\":1},{\"abbreviation\":\"\",\"createTime\":\"2022-09-29T09:47:46\",\"createUser\":1,\"describe\":\"\",\"id\":1024980800111765185,\"label\":\"昌平区营业部\",\"name\":\"昌平区营业部\",\"parentId\":1024980728632436289,\"parentStatus\":true,\"sortValue\":0,\"status\":true,\"treePath\":\",1024980634071852417,1024980728632436289,\",\"updateTime\":\"2022-09-29T09:47:46\",\"updateUser\":1}],\"createTime\":\"2022-09-29T09:47:29\",\"createUser\":1,\"describe\":\"\",\"id\":1024980728632436289,\"label\":\"北京分拣中心\",\"name\":\"北京分拣中心\",\"parentId\":1024980634071852417,\"parentStatus\":true,\"sortValue\":0,\"status\":true,\"treePath\":\",1024980634071852417,\",\"updateTime\":\"2022-09-29T09:47:29\",\"updateUser\":1}],\"createTime\":\"2022-09-29T09:47:07\",\"createUser\":1,\"describe\":\"\",\"id\":1024980634071852417,\"label\":\"华北转运中心\",\"name\":\"华北转运中心\",\"parentId\":0,\"sortValue\":0,\"status\":true,\"treePath\":\",\",\"updateTime\":\"2022-09-29T09:47:07\",\"updateUser\":1},{\"abbreviation\":\"\",\"children\":[{\"abbreviation\":\"\",\"children\":[{\"abbreviation\":\"\",\"createTime\":\"2022-09-28T19:57:06\",\"createUser\":1,\"describe\":\"\",\"id\":1024771753995515873,\"label\":\"青羊区营业部\",\"name\":\"青羊区营业部\",\"parentId\":1024706903290237921,\"parentStatus\":true,\"sortValue\":0,\"status\":true,\"treePath\":\",1024706655985685345,1024706903290237921,\",\"updateTime\":\"2022-09-28T19:57:06\",\"updateUser\":1},{\"abbreviation\":\"\",\"createTime\":\"2022-09-28T19:55:57\",\"createUser\":1,\"describe\":\"\",\"id\":1024771466287232801,\"label\":\"金牛区营业部\",\"name\":\"金牛区营业部\",\"parentId\":1024706903290237921,\"parentStatus\":true,\"sortValue\":0,\"status\":true,\"treePath\":\",1024706655985685345,1024706903290237921,\",\"updateTime\":\"2022-09-28T19:55:57\",\"updateUser\":1}],\"createTime\":\"2022-09-28T15:39:24\",\"createUser\":1,\"describe\":\"\",\"id\":1024706903290237921,\"label\":\"成都分拣中心\",\"name\":\"成都分拣中心\",\"parentId\":1024706655985685345,\"parentStatus\":true,\"sortValue\":0,\"status\":true,\"treePath\":\",1024706655985685345,\",\"updateTime\":\"2022-09-28T15:39:24\",\"updateUser\":1}],\"createTime\":\"2022-09-28T15:38:25\",\"createUser\":1,\"describe\":\"\",\"id\":1024706655985685345,\"label\":\"西南转运中心\",\"name\":\"西南转运中心\",\"parentId\":0,\"sortValue\":0,\"status\":true,\"treePath\":\",\",\"updateTime\":\"2022-09-28T15:38:25\",\"updateUser\":1},{\"abbreviation\":\"\",\"children\":[{\"abbreviation\":\"\",\"children\":[{\"abbreviation\":\"\",\"createTime\":\"2022-09-29T10:05:29\",\"createUser\":1,\"describe\":\"\",\"id\":1024985257948084801,\"label\":\"和平区营业部\",\"managerId\":1024705709255773345,\"name\":\"和平区营业部\",\"parentId\":1024984540818568481,\"parentStatus\":true,\"sortValue\":0,\"status\":true,\"treePath\":\",1024982867475820033,1024984540818568481,\",\"updateTime\":\"2022-09-29T10:05:29\",\"updateUser\":1},{\"abbreviation\":\"\",\"createTime\":\"2022-09-29T10:04:58\",\"createUser\":1,\"describe\":\"\",\"id\":1024985129287809409,\"label\":\"皇姑区营业部\",\"managerId\":1024705709255773345,\"name\":\"皇姑区营业部\",\"parentId\":1024984540818568481,\"parentStatus\":true,\"sortValue\":0,\"status\":true,\"treePath\":\",1024982867475820033,1024984540818568481,\",\"updateTime\":\"2022-09-29T10:04:58\",\"updateUser\":1}],\"createTime\":\"2022-09-29T10:02:38\",\"createUser\":1,\"describe\":\"\",\"id\":1024984540818568481,\"label\":\"沈阳分拣中心\",\"managerId\":1024705709255773345,\"name\":\"沈阳分拣中心\",\"parentId\":1024982867475820033,\"parentStatus\":true,\"sortValue\":0,\"status\":true,\"treePath\":\",1024982867475820033,\",\"updateTime\":\"2022-09-29T10:02:38\",\"updateUser\":1}],\"createTime\":\"2022-09-29T09:55:59\",\"createUser\":1,\"describe\":\"\",\"id\":1024982867475820033,\"label\":\"东北转运中心\",\"managerId\":1024705709255773345,\"name\":\"东北转运中心\",\"parentId\":0,\"sortValue\":1,\"status\":true,\"treePath\":\",\",\"updateTime\":\"2022-09-29T09:55:59\",\"updateUser\":1}],\"isError\":false,\"isSuccess\":true,\"msg\":\"ok\",\"timestamp\":1695012284107}',NULL,NULL,'2023-09-18 12:44:44','2023-09-18 12:44:44',48,'Mozilla/5.0 (Windows NT 10.0; Win64; x64) AppleWebKit/537.36 (KHTML, like Gecko) Chrome/117.0.0.0 Safari/537.36 Edg/117.0.2045.31','2023-09-18 12:44:44',1),(1153310903504995073,'192.168.150.1','OPT','平台管理员','组织-查询系统所有的组织树','com.itheima.authority.controller.core.OrgController','tree','/api/authority/org/tree','GET','[, null]','{\"code\":0,\"data\":[{\"abbreviation\":\"\",\"children\":[{\"abbreviation\":\"\",\"children\":[{\"abbreviation\":\"\",\"createTime\":\"2022-09-29T18:15:46\",\"createUser\":1,\"describe\":\"\",\"id\":1025108643500246881,\"label\":\"光明区营业部\",\"name\":\"光明区营业部\",\"parentId\":1025103512826260673,\"parentStatus\":true,\"sortValue\":0,\"status\":true,\"treePath\":\",1025103176946395585,1025103512826260673,\",\"updateTime\":\"2022-09-29T18:15:46\",\"updateUser\":1},{\"abbreviation\":\"\",\"createTime\":\"2022-09-29T18:15:30\",\"createUser\":1,\"describe\":\"\",\"id\":1025108572721366561,\"label\":\" 宝安区营业部\",\"name\":\" 宝安区营业部\",\"parentId\":1025103512826260673,\"parentStatus\":true,\"sortValue\":0,\"status\":true,\"treePath\":\",1025103176946395585,1025103512826260673,\",\"updateTime\":\"2022-09-29T18:15:30\",\"updateUser\":1}],\"createTime\":\"2022-09-29T17:55:23\",\"createUser\":1,\"describe\":\"\",\"id\":1025103512826260673,\"label\":\"深圳分拣中心\",\"name\":\"深圳分拣中心\",\"parentId\":1025103176946395585,\"parentStatus\":true,\"sortValue\":0,\"status\":true,\"treePath\":\",1025103176946395585,\",\"updateTime\":\"2022-09-29T17:55:23\",\"updateUser\":1},{\"abbreviation\":\"\",\"children\":[{\"abbreviation\":\"\",\"createTime\":\"2022-09-29T18:16:20\",\"createUser\":1,\"describe\":\"\",\"id\":1025108784911206497,\"label\":\"越秀区营业部\",\"name\":\"越秀区营业部\",\"parentId\":1025103442882046977,\"parentStatus\":true,\"sortValue\":0,\"status\":true,\"treePath\":\",1025103176946395585,1025103442882046977,\",\"updateTime\":\"2022-09-29T18:16:20\",\"updateUser\":1},{\"abbreviation\":\"\",\"createTime\":\"2022-09-29T18:15:59\",\"createUser\":1,\"describe\":\"\",\"id\":1025108696675633121,\"label\":\"花都营业部\",\"name\":\"花都营业部\",\"parentId\":1025103442882046977,\"parentStatus\":true,\"sortValue\":0,\"status\":true,\"treePath\":\",1025103176946395585,1025103442882046977,\",\"updateTime\":\"2022-09-29T18:15:59\",\"updateUser\":1}],\"createTime\":\"2022-09-29T17:55:06\",\"createUser\":1,\"describe\":\"\",\"id\":1025103442882046977,\"label\":\"广州分拣中心\",\"name\":\"广州分拣中心\",\"parentId\":1025103176946395585,\"parentStatus\":true,\"sortValue\":0,\"status\":true,\"treePath\":\",1025103176946395585,\",\"updateTime\":\"2022-09-29T17:55:06\",\"updateUser\":1}],\"createTime\":\"2022-09-29T17:54:03\",\"createUser\":1,\"describe\":\"\",\"id\":1025103176946395585,\"label\":\"华南转运中心\",\"managerId\":1024705709255773345,\"name\":\"华南转运中心\",\"parentId\":0,\"sortValue\":0,\"status\":true,\"treePath\":\",\",\"updateTime\":\"2022-09-29T17:54:03\",\"updateUser\":1},{\"abbreviation\":\"\",\"children\":[{\"abbreviation\":\"\",\"children\":[{\"abbreviation\":\"\",\"createTime\":\"2022-09-29T10:38:26\",\"createUser\":1,\"describe\":\"\",\"id\":1024993548853984385,\"label\":\"江汉营业部\",\"name\":\"江汉营业部\",\"parentId\":1024991961163118369,\"parentStatus\":true,\"sortValue\":0,\"status\":true,\"treePath\":\",1024990726519403457,1024991961163118369,\",\"updateTime\":\"2022-09-29T10:38:26\",\"updateUser\":1},{\"abbreviation\":\"\",\"createTime\":\"2022-09-29T10:37:56\",\"createUser\":1,\"describe\":\"\",\"id\":1024993422324415489,\"label\":\"武昌营业部\",\"managerId\":1024705709255773345,\"name\":\"武昌营业部\",\"parentId\":1024991961163118369,\"parentStatus\":true,\"sortValue\":0,\"status\":true,\"treePath\":\",1024990726519403457,1024991961163118369,\",\"updateTime\":\"2022-09-29T10:37:56\",\"updateUser\":1}],\"createTime\":\"2022-09-29T10:32:07\",\"createUser\":1,\"describe\":\"\",\"id\":1024991961163118369,\"label\":\"武汉分拣中心\",\"name\":\"武汉分拣中心\",\"parentId\":1024990726519403457,\"parentStatus\":true,\"sortValue\":0,\"status\":true,\"treePath\":\",1024990726519403457,\",\"updateTime\":\"2022-09-29T10:32:07\",\"updateUser\":1}],\"createTime\":\"2022-09-29T10:27:13\",\"createUser\":1,\"describe\":\"\",\"id\":1024990726519403457,\"label\":\"华中转运中心\",\"name\":\"华中转运中心\",\"parentId\":0,\"sortValue\":0,\"status\":true,\"treePath\":\",\",\"updateTime\":\"2022-09-29T10:27:13\",\"updateUser\":1},{\"abbreviation\":\"\",\"children\":[{\"abbreviation\":\"\",\"children\":[{\"abbreviation\":\"\",\"createTime\":\"2022-09-28T19:59:46\",\"createUser\":1,\"describe\":\"\",\"id\":1024772425923018049,\"label\":\"长安区营业部\",\"name\":\"长安区营业部\",\"parentId\":1024772115791985729,\"parentStatus\":true,\"sortValue\":0,\"status\":true,\"treePath\":\",1024704844486756641,1024772115791985729,\",\"updateTime\":\"2022-09-28T19:59:46\",\"updateUser\":1},{\"abbreviation\":\"\",\"createTime\":\"2022-09-28T19:59:16\",\"createUser\":1,\"describe\":\"\",\"id\":1024772301733870785,\"label\":\"碑林区营业部\",\"name\":\"碑林区营业部\",\"parentId\":1024772115791985729,\"parentStatus\":true,\"sortValue\":0,\"status\":true,\"treePath\":\",1024704844486756641,1024772115791985729,\",\"updateTime\":\"2022-09-28T19:59:16\",\"updateUser\":1}],\"createTime\":\"2022-09-28T19:58:32\",\"createUser\":1,\"describe\":\"\",\"id\":1024772115791985729,\"label\":\"西安分拣中心\",\"name\":\"西安分拣中心\",\"parentId\":1024704844486756641,\"parentStatus\":true,\"sortValue\":0,\"status\":true,\"treePath\":\",1024704844486756641,\",\"updateTime\":\"2022-09-28T19:58:32\",\"updateUser\":1}],\"createTime\":\"2022-09-28T15:31:13\",\"createUser\":1,\"describe\":\"\",\"id\":1024704844486756641,\"label\":\"西北转运中心\",\"managerId\":1,\"name\":\"西北转运中心\",\"parentId\":0,\"sortValue\":0,\"status\":true,\"treePath\":\",\",\"updateTime\":\"2022-09-28T15:31:13\",\"updateUser\":1},{\"abbreviation\":\"\",\"children\":[{\"abbreviation\":\"\",\"children\":[{\"abbreviation\":\"\",\"createTime\":\"2022-09-29T09:49:44\",\"createUser\":1,\"describe\":\"\",\"id\":1024981295454874273,\"label\":\"虹口区营业部\",\"name\":\"虹口区营业部\",\"parentId\":1024980990084376673,\"parentStatus\":true,\"sortValue\":0,\"status\":true,\"treePath\":\",1024980958136362977,1024980990084376673,\",\"updateTime\":\"2022-09-29T09:49:44\",\"updateUser\":1},{\"abbreviation\":\"\",\"createTime\":\"2022-09-29T09:49:31\",\"createUser\":1,\"describe\":\"\",\"id\":1024981239465110017,\"label\":\"浦东新区营业部\",\"name\":\"浦东新区营业部\",\"parentId\":1024980990084376673,\"parentStatus\":true,\"sortValue\":0,\"status\":true,\"treePath\":\",1024980958136362977,1024980990084376673,\",\"updateTime\":\"2022-09-29T09:49:31\",\"updateUser\":1}],\"createTime\":\"2022-09-29T09:48:31\",\"createUser\":1,\"describe\":\"\",\"id\":1024980990084376673,\"label\":\"上海分拣中心\",\"name\":\"上海分拣中心\",\"parentId\":1024980958136362977,\"parentStatus\":true,\"sortValue\":0,\"status\":true,\"treePath\":\",1024980958136362977,\",\"updateTime\":\"2022-09-29T09:48:31\",\"updateUser\":1}],\"createTime\":\"2022-09-29T09:48:24\",\"createUser\":1,\"describe\":\"\",\"id\":1024980958136362977,\"label\":\"华东转运中心\",\"name\":\"华东转运中心\",\"parentId\":0,\"sortValue\":0,\"status\":true,\"treePath\":\",\",\"updateTime\":\"2022-09-29T09:48:24\",\"updateUser\":1},{\"abbreviation\":\"\",\"children\":[{\"abbreviation\":\"\",\"children\":[{\"abbreviation\":\"\",\"createTime\":\"2022-09-29T09:47:54\",\"createUser\":1,\"describe\":\"\",\"id\":1024980833938827105,\"label\":\"顺义区营业部\",\"name\":\"顺义区营业部\",\"parentId\":1024980728632436289,\"parentStatus\":true,\"sortValue\":0,\"status\":true,\"treePath\":\",1024980634071852417,1024980728632436289,\",\"updateTime\":\"2022-09-29T09:47:54\",\"updateUser\":1},{\"abbreviation\":\"\",\"createTime\":\"2022-09-29T09:47:46\",\"createUser\":1,\"describe\":\"\",\"id\":1024980800111765185,\"label\":\"昌平区营业部\",\"name\":\"昌平区营业部\",\"parentId\":1024980728632436289,\"parentStatus\":true,\"sortValue\":0,\"status\":true,\"treePath\":\",1024980634071852417,1024980728632436289,\",\"updateTime\":\"2022-09-29T09:47:46\",\"updateUser\":1}],\"createTime\":\"2022-09-29T09:47:29\",\"createUser\":1,\"describe\":\"\",\"id\":1024980728632436289,\"label\":\"北京分拣中心\",\"name\":\"北京分拣中心\",\"parentId\":1024980634071852417,\"parentStatus\":true,\"sortValue\":0,\"status\":true,\"treePath\":\",1024980634071852417,\",\"updateTime\":\"2022-09-29T09:47:29\",\"updateUser\":1}],\"createTime\":\"2022-09-29T09:47:07\",\"createUser\":1,\"describe\":\"\",\"id\":1024980634071852417,\"label\":\"华北转运中心\",\"name\":\"华北转运中心\",\"parentId\":0,\"sortValue\":0,\"status\":true,\"treePath\":\",\",\"updateTime\":\"2022-09-29T09:47:07\",\"updateUser\":1},{\"abbreviation\":\"\",\"children\":[{\"abbreviation\":\"\",\"children\":[{\"abbreviation\":\"\",\"createTime\":\"2022-09-28T19:57:06\",\"createUser\":1,\"describe\":\"\",\"id\":1024771753995515873,\"label\":\"青羊区营业部\",\"name\":\"青羊区营业部\",\"parentId\":1024706903290237921,\"parentStatus\":true,\"sortValue\":0,\"status\":true,\"treePath\":\",1024706655985685345,1024706903290237921,\",\"updateTime\":\"2022-09-28T19:57:06\",\"updateUser\":1},{\"abbreviation\":\"\",\"createTime\":\"2022-09-28T19:55:57\",\"createUser\":1,\"describe\":\"\",\"id\":1024771466287232801,\"label\":\"金牛区营业部\",\"name\":\"金牛区营业部\",\"parentId\":1024706903290237921,\"parentStatus\":true,\"sortValue\":0,\"status\":true,\"treePath\":\",1024706655985685345,1024706903290237921,\",\"updateTime\":\"2022-09-28T19:55:57\",\"updateUser\":1}],\"createTime\":\"2022-09-28T15:39:24\",\"createUser\":1,\"describe\":\"\",\"id\":1024706903290237921,\"label\":\"成都分拣中心\",\"name\":\"成都分拣中心\",\"parentId\":1024706655985685345,\"parentStatus\":true,\"sortValue\":0,\"status\":true,\"treePath\":\",1024706655985685345,\",\"updateTime\":\"2022-09-28T15:39:24\",\"updateUser\":1}],\"createTime\":\"2022-09-28T15:38:25\",\"createUser\":1,\"describe\":\"\",\"id\":1024706655985685345,\"label\":\"西南转运中心\",\"name\":\"西南转运中心\",\"parentId\":0,\"sortValue\":0,\"status\":true,\"treePath\":\",\",\"updateTime\":\"2022-09-28T15:38:25\",\"updateUser\":1},{\"abbreviation\":\"\",\"children\":[{\"abbreviation\":\"\",\"children\":[{\"abbreviation\":\"\",\"createTime\":\"2022-09-29T10:05:29\",\"createUser\":1,\"describe\":\"\",\"id\":1024985257948084801,\"label\":\"和平区营业部\",\"managerId\":1024705709255773345,\"name\":\"和平区营业部\",\"parentId\":1024984540818568481,\"parentStatus\":true,\"sortValue\":0,\"status\":true,\"treePath\":\",1024982867475820033,1024984540818568481,\",\"updateTime\":\"2022-09-29T10:05:29\",\"updateUser\":1},{\"abbreviation\":\"\",\"createTime\":\"2022-09-29T10:04:58\",\"createUser\":1,\"describe\":\"\",\"id\":1024985129287809409,\"label\":\"皇姑区营业部\",\"managerId\":1024705709255773345,\"name\":\"皇姑区营业部\",\"parentId\":1024984540818568481,\"parentStatus\":true,\"sortValue\":0,\"status\":true,\"treePath\":\",1024982867475820033,1024984540818568481,\",\"updateTime\":\"2022-09-29T10:04:58\",\"updateUser\":1}],\"createTime\":\"2022-09-29T10:02:38\",\"createUser\":1,\"describe\":\"\",\"id\":1024984540818568481,\"label\":\"沈阳分拣中心\",\"managerId\":1024705709255773345,\"name\":\"沈阳分拣中心\",\"parentId\":1024982867475820033,\"parentStatus\":true,\"sortValue\":0,\"status\":true,\"treePath\":\",1024982867475820033,\",\"updateTime\":\"2022-09-29T10:02:38\",\"updateUser\":1}],\"createTime\":\"2022-09-29T09:55:59\",\"createUser\":1,\"describe\":\"\",\"id\":1024982867475820033,\"label\":\"东北转运中心\",\"managerId\":1024705709255773345,\"name\":\"东北转运中心\",\"parentId\":0,\"sortValue\":1,\"status\":true,\"treePath\":\",\",\"updateTime\":\"2022-09-29T09:55:59\",\"updateUser\":1}],\"isError\":false,\"isSuccess\":true,\"msg\":\"ok\",\"timestamp\":1695012347083}',NULL,NULL,'2023-09-18 12:45:47','2023-09-18 12:45:47',56,'Mozilla/5.0 (Windows NT 10.0; Win64; x64) AppleWebKit/537.36 (KHTML, like Gecko) Chrome/117.0.0.0 Safari/537.36 Edg/117.0.2045.31','2023-09-18 12:45:47',1),(1153310953165554497,'192.168.150.1','OPT','平台管理员','组织-新增组织','com.itheima.authority.controller.core.OrgController','save','/api/authority/org','POST','[{\"managerId\":1,\"name\":\" test\",\"parentId\":0,\"sortValue\":0,\"status\":true}]','{\"code\":0,\"data\":{\"createTime\":\"2023-09-18T04:45:58.912184000\",\"createUser\":1,\"id\":1153310953106834209,\"managerId\":1,\"name\":\" test\",\"parentId\":0,\"sortValue\":0,\"status\":true,\"treePath\":\",\",\"updateTime\":\"2023-09-18T04:45:58.912243000\",\"updateUser\":1},\"isError\":false,\"isSuccess\":true,\"msg\":\"ok\",\"timestamp\":1695012358922}',NULL,NULL,'2023-09-18 12:45:59','2023-09-18 12:45:59',12,'Mozilla/5.0 (Windows NT 10.0; Win64; x64) AppleWebKit/537.36 (KHTML, like Gecko) Chrome/117.0.0.0 Safari/537.36 Edg/117.0.2045.31','2023-09-18 12:45:59',1),(1153310953522070369,'192.168.150.1','OPT','平台管理员','组织-查询系统所有的组织树','com.itheima.authority.controller.core.OrgController','tree','/api/authority/org/tree','GET','[, null]','{\"code\":0,\"data\":[{\"abbreviation\":\"\",\"children\":[{\"abbreviation\":\"\",\"children\":[{\"abbreviation\":\"\",\"createTime\":\"2022-09-28T19:57:06\",\"createUser\":1,\"describe\":\"\",\"id\":1024771753995515873,\"label\":\"青羊区营业部\",\"name\":\"青羊区营业部\",\"parentId\":1024706903290237921,\"parentStatus\":true,\"sortValue\":0,\"status\":true,\"treePath\":\",1024706655985685345,1024706903290237921,\",\"updateTime\":\"2022-09-28T19:57:06\",\"updateUser\":1},{\"abbreviation\":\"\",\"createTime\":\"2022-09-28T19:55:57\",\"createUser\":1,\"describe\":\"\",\"id\":1024771466287232801,\"label\":\"金牛区营业部\",\"name\":\"金牛区营业部\",\"parentId\":1024706903290237921,\"parentStatus\":true,\"sortValue\":0,\"status\":true,\"treePath\":\",1024706655985685345,1024706903290237921,\",\"updateTime\":\"2022-09-28T19:55:57\",\"updateUser\":1}],\"createTime\":\"2022-09-28T15:39:24\",\"createUser\":1,\"describe\":\"\",\"id\":1024706903290237921,\"label\":\"成都分拣中心\",\"name\":\"成都分拣中心\",\"parentId\":1024706655985685345,\"parentStatus\":true,\"sortValue\":0,\"status\":true,\"treePath\":\",1024706655985685345,\",\"updateTime\":\"2022-09-28T15:39:24\",\"updateUser\":1}],\"createTime\":\"2022-09-28T15:38:25\",\"createUser\":1,\"describe\":\"\",\"id\":1024706655985685345,\"label\":\"西南转运中心\",\"name\":\"西南转运中心\",\"parentId\":0,\"sortValue\":0,\"status\":true,\"treePath\":\",\",\"updateTime\":\"2022-09-28T15:38:25\",\"updateUser\":1},{\"abbreviation\":\"\",\"createTime\":\"2023-09-18T12:45:59\",\"createUser\":1,\"describe\":\"\",\"id\":1153310953106834209,\"label\":\" test\",\"managerId\":1,\"name\":\" test\",\"parentId\":0,\"sortValue\":0,\"status\":true,\"treePath\":\",\",\"updateTime\":\"2023-09-18T12:45:59\",\"updateUser\":1},{\"abbreviation\":\"\",\"children\":[{\"abbreviation\":\"\",\"children\":[{\"abbreviation\":\"\",\"createTime\":\"2022-09-29T18:15:46\",\"createUser\":1,\"describe\":\"\",\"id\":1025108643500246881,\"label\":\"光明区营业部\",\"name\":\"光明区营业部\",\"parentId\":1025103512826260673,\"parentStatus\":true,\"sortValue\":0,\"status\":true,\"treePath\":\",1025103176946395585,1025103512826260673,\",\"updateTime\":\"2022-09-29T18:15:46\",\"updateUser\":1},{\"abbreviation\":\"\",\"createTime\":\"2022-09-29T18:15:30\",\"createUser\":1,\"describe\":\"\",\"id\":1025108572721366561,\"label\":\" 宝安区营业部\",\"name\":\" 宝安区营业部\",\"parentId\":1025103512826260673,\"parentStatus\":true,\"sortValue\":0,\"status\":true,\"treePath\":\",1025103176946395585,1025103512826260673,\",\"updateTime\":\"2022-09-29T18:15:30\",\"updateUser\":1}],\"createTime\":\"2022-09-29T17:55:23\",\"createUser\":1,\"describe\":\"\",\"id\":1025103512826260673,\"label\":\"深圳分拣中心\",\"name\":\"深圳分拣中心\",\"parentId\":1025103176946395585,\"parentStatus\":true,\"sortValue\":0,\"status\":true,\"treePath\":\",1025103176946395585,\",\"updateTime\":\"2022-09-29T17:55:23\",\"updateUser\":1},{\"abbreviation\":\"\",\"children\":[{\"abbreviation\":\"\",\"createTime\":\"2022-09-29T18:16:20\",\"createUser\":1,\"describe\":\"\",\"id\":1025108784911206497,\"label\":\"越秀区营业部\",\"name\":\"越秀区营业部\",\"parentId\":1025103442882046977,\"parentStatus\":true,\"sortValue\":0,\"status\":true,\"treePath\":\",1025103176946395585,1025103442882046977,\",\"updateTime\":\"2022-09-29T18:16:20\",\"updateUser\":1},{\"abbreviation\":\"\",\"createTime\":\"2022-09-29T18:15:59\",\"createUser\":1,\"describe\":\"\",\"id\":1025108696675633121,\"label\":\"花都营业部\",\"name\":\"花都营业部\",\"parentId\":1025103442882046977,\"parentStatus\":true,\"sortValue\":0,\"status\":true,\"treePath\":\",1025103176946395585,1025103442882046977,\",\"updateTime\":\"2022-09-29T18:15:59\",\"updateUser\":1}],\"createTime\":\"2022-09-29T17:55:06\",\"createUser\":1,\"describe\":\"\",\"id\":1025103442882046977,\"label\":\"广州分拣中心\",\"name\":\"广州分拣中心\",\"parentId\":1025103176946395585,\"parentStatus\":true,\"sortValue\":0,\"status\":true,\"treePath\":\",1025103176946395585,\",\"updateTime\":\"2022-09-29T17:55:06\",\"updateUser\":1}],\"createTime\":\"2022-09-29T17:54:03\",\"createUser\":1,\"describe\":\"\",\"id\":1025103176946395585,\"label\":\"华南转运中心\",\"managerId\":1024705709255773345,\"name\":\"华南转运中心\",\"parentId\":0,\"sortValue\":0,\"status\":true,\"treePath\":\",\",\"updateTime\":\"2022-09-29T17:54:03\",\"updateUser\":1},{\"abbreviation\":\"\",\"children\":[{\"abbreviation\":\"\",\"children\":[{\"abbreviation\":\"\",\"createTime\":\"2022-09-29T10:38:26\",\"createUser\":1,\"describe\":\"\",\"id\":1024993548853984385,\"label\":\"江汉营业部\",\"name\":\"江汉营业部\",\"parentId\":1024991961163118369,\"parentStatus\":true,\"sortValue\":0,\"status\":true,\"treePath\":\",1024990726519403457,1024991961163118369,\",\"updateTime\":\"2022-09-29T10:38:26\",\"updateUser\":1},{\"abbreviation\":\"\",\"createTime\":\"2022-09-29T10:37:56\",\"createUser\":1,\"describe\":\"\",\"id\":1024993422324415489,\"label\":\"武昌营业部\",\"managerId\":1024705709255773345,\"name\":\"武昌营业部\",\"parentId\":1024991961163118369,\"parentStatus\":true,\"sortValue\":0,\"status\":true,\"treePath\":\",1024990726519403457,1024991961163118369,\",\"updateTime\":\"2022-09-29T10:37:56\",\"updateUser\":1}],\"createTime\":\"2022-09-29T10:32:07\",\"createUser\":1,\"describe\":\"\",\"id\":1024991961163118369,\"label\":\"武汉分拣中心\",\"name\":\"武汉分拣中心\",\"parentId\":1024990726519403457,\"parentStatus\":true,\"sortValue\":0,\"status\":true,\"treePath\":\",1024990726519403457,\",\"updateTime\":\"2022-09-29T10:32:07\",\"updateUser\":1}],\"createTime\":\"2022-09-29T10:27:13\",\"createUser\":1,\"describe\":\"\",\"id\":1024990726519403457,\"label\":\"华中转运中心\",\"name\":\"华中转运中心\",\"parentId\":0,\"sortValue\":0,\"status\":true,\"treePath\":\",\",\"updateTime\":\"2022-09-29T10:27:13\",\"updateUser\":1},{\"abbreviation\":\"\",\"children\":[{\"abbreviation\":\"\",\"children\":[{\"abbreviation\":\"\",\"createTime\":\"2022-09-29T09:49:44\",\"createUser\":1,\"describe\":\"\",\"id\":1024981295454874273,\"label\":\"虹口区营业部\",\"name\":\"虹口区营业部\",\"parentId\":1024980990084376673,\"parentStatus\":true,\"sortValue\":0,\"status\":true,\"treePath\":\",1024980958136362977,1024980990084376673,\",\"updateTime\":\"2022-09-29T09:49:44\",\"updateUser\":1},{\"abbreviation\":\"\",\"createTime\":\"2022-09-29T09:49:31\",\"createUser\":1,\"describe\":\"\",\"id\":1024981239465110017,\"label\":\"浦东新区营业部\",\"name\":\"浦东新区营业部\",\"parentId\":1024980990084376673,\"parentStatus\":true,\"sortValue\":0,\"status\":true,\"treePath\":\",1024980958136362977,1024980990084376673,\",\"updateTime\":\"2022-09-29T09:49:31\",\"updateUser\":1}],\"createTime\":\"2022-09-29T09:48:31\",\"createUser\":1,\"describe\":\"\",\"id\":1024980990084376673,\"label\":\"上海分拣中心\",\"name\":\"上海分拣中心\",\"parentId\":1024980958136362977,\"parentStatus\":true,\"sortValue\":0,\"status\":true,\"treePath\":\",1024980958136362977,\",\"updateTime\":\"2022-09-29T09:48:31\",\"updateUser\":1}],\"createTime\":\"2022-09-29T09:48:24\",\"createUser\":1,\"describe\":\"\",\"id\":1024980958136362977,\"label\":\"华东转运中心\",\"name\":\"华东转运中心\",\"parentId\":0,\"sortValue\":0,\"status\":true,\"treePath\":\",\",\"updateTime\":\"2022-09-29T09:48:24\",\"updateUser\":1},{\"abbreviation\":\"\",\"children\":[{\"abbreviation\":\"\",\"children\":[{\"abbreviation\":\"\",\"createTime\":\"2022-09-29T09:47:54\",\"createUser\":1,\"describe\":\"\",\"id\":1024980833938827105,\"label\":\"顺义区营业部\",\"name\":\"顺义区营业部\",\"parentId\":1024980728632436289,\"parentStatus\":true,\"sortValue\":0,\"status\":true,\"treePath\":\",1024980634071852417,1024980728632436289,\",\"updateTime\":\"2022-09-29T09:47:54\",\"updateUser\":1},{\"abbreviation\":\"\",\"createTime\":\"2022-09-29T09:47:46\",\"createUser\":1,\"describe\":\"\",\"id\":1024980800111765185,\"label\":\"昌平区营业部\",\"name\":\"昌平区营业部\",\"parentId\":1024980728632436289,\"parentStatus\":true,\"sortValue\":0,\"status\":true,\"treePath\":\",1024980634071852417,1024980728632436289,\",\"updateTime\":\"2022-09-29T09:47:46\",\"updateUser\":1}],\"createTime\":\"2022-09-29T09:47:29\",\"createUser\":1,\"describe\":\"\",\"id\":1024980728632436289,\"label\":\"北京分拣中心\",\"name\":\"北京分拣中心\",\"parentId\":1024980634071852417,\"parentStatus\":true,\"sortValue\":0,\"status\":true,\"treePath\":\",1024980634071852417,\",\"updateTime\":\"2022-09-29T09:47:29\",\"updateUser\":1}],\"createTime\":\"2022-09-29T09:47:07\",\"createUser\":1,\"describe\":\"\",\"id\":1024980634071852417,\"label\":\"华北转运中心\",\"name\":\"华北转运中心\",\"parentId\":0,\"sortValue\":0,\"status\":true,\"treePath\":\",\",\"updateTime\":\"2022-09-29T09:47:07\",\"updateUser\":1},{\"abbreviation\":\"\",\"children\":[{\"abbreviation\":\"\",\"children\":[{\"abbreviation\":\"\",\"createTime\":\"2022-09-28T19:59:46\",\"createUser\":1,\"describe\":\"\",\"id\":1024772425923018049,\"label\":\"长安区营业部\",\"name\":\"长安区营业部\",\"parentId\":1024772115791985729,\"parentStatus\":true,\"sortValue\":0,\"status\":true,\"treePath\":\",1024704844486756641,1024772115791985729,\",\"updateTime\":\"2022-09-28T19:59:46\",\"updateUser\":1},{\"abbreviation\":\"\",\"createTime\":\"2022-09-28T19:59:16\",\"createUser\":1,\"describe\":\"\",\"id\":1024772301733870785,\"label\":\"碑林区营业部\",\"name\":\"碑林区营业部\",\"parentId\":1024772115791985729,\"parentStatus\":true,\"sortValue\":0,\"status\":true,\"treePath\":\",1024704844486756641,1024772115791985729,\",\"updateTime\":\"2022-09-28T19:59:16\",\"updateUser\":1}],\"createTime\":\"2022-09-28T19:58:32\",\"createUser\":1,\"describe\":\"\",\"id\":1024772115791985729,\"label\":\"西安分拣中心\",\"name\":\"西安分拣中心\",\"parentId\":1024704844486756641,\"parentStatus\":true,\"sortValue\":0,\"status\":true,\"treePath\":\",1024704844486756641,\",\"updateTime\":\"2022-09-28T19:58:32\",\"updateUser\":1}],\"createTime\":\"2022-09-28T15:31:13\",\"createUser\":1,\"describe\":\"\",\"id\":1024704844486756641,\"label\":\"西北转运中心\",\"managerId\":1,\"name\":\"西北转运中心\",\"parentId\":0,\"sortValue\":0,\"status\":true,\"treePath\":\",\",\"updateTime\":\"2022-09-28T15:31:13\",\"updateUser\":1},{\"abbreviation\":\"\",\"children\":[{\"abbreviation\":\"\",\"children\":[{\"abbreviation\":\"\",\"createTime\":\"2022-09-29T10:05:29\",\"createUser\":1,\"describe\":\"\",\"id\":1024985257948084801,\"label\":\"和平区营业部\",\"managerId\":1024705709255773345,\"name\":\"和平区营业部\",\"parentId\":1024984540818568481,\"parentStatus\":true,\"sortValue\":0,\"status\":true,\"treePath\":\",1024982867475820033,1024984540818568481,\",\"updateTime\":\"2022-09-29T10:05:29\",\"updateUser\":1},{\"abbreviation\":\"\",\"createTime\":\"2022-09-29T10:04:58\",\"createUser\":1,\"describe\":\"\",\"id\":1024985129287809409,\"label\":\"皇姑区营业部\",\"managerId\":1024705709255773345,\"name\":\"皇姑区营业部\",\"parentId\":1024984540818568481,\"parentStatus\":true,\"sortValue\":0,\"status\":true,\"treePath\":\",1024982867475820033,1024984540818568481,\",\"updateTime\":\"2022-09-29T10:04:58\",\"updateUser\":1}],\"createTime\":\"2022-09-29T10:02:38\",\"createUser\":1,\"describe\":\"\",\"id\":1024984540818568481,\"label\":\"沈阳分拣中心\",\"managerId\":1024705709255773345,\"name\":\"沈阳分拣中心\",\"parentId\":1024982867475820033,\"parentStatus\":true,\"sortValue\":0,\"status\":true,\"treePath\":\",1024982867475820033,\",\"updateTime\":\"2022-09-29T10:02:38\",\"updateUser\":1}],\"createTime\":\"2022-09-29T09:55:59\",\"createUser\":1,\"describe\":\"\",\"id\":1024982867475820033,\"label\":\"东北转运中心\",\"managerId\":1024705709255773345,\"name\":\"东北转运中心\",\"parentId\":0,\"sortValue\":1,\"status\":true,\"treePath\":\",\",\"updateTime\":\"2022-09-29T09:55:59\",\"updateUser\":1}],\"isError\":false,\"isSuccess\":true,\"msg\":\"ok\",\"timestamp\":1695012359007}',NULL,NULL,'2023-09-18 12:45:59','2023-09-18 12:45:59',43,'Mozilla/5.0 (Windows NT 10.0; Win64; x64) AppleWebKit/537.36 (KHTML, like Gecko) Chrome/117.0.0.0 Safari/537.36 Edg/117.0.2045.31','2023-09-18 12:45:59',1),(1153311049634546561,'192.168.150.1','OPT','平台管理员','组织-删除组织','com.itheima.authority.controller.core.OrgController','delete','/api/authority/org','DELETE','[[1153310953106834209]]','{\"code\":0,\"data\":[],\"isError\":false,\"isSuccess\":true,\"msg\":\"ok\",\"timestamp\":1695012381921}',NULL,NULL,'2023-09-18 12:46:22','2023-09-18 12:46:22',24,'Mozilla/5.0 (Windows NT 10.0; Win64; x64) AppleWebKit/537.36 (KHTML, like Gecko) Chrome/117.0.0.0 Safari/537.36 Edg/117.0.2045.31','2023-09-18 12:46:22',1),(1153311049907176353,'192.168.150.1','OPT','平台管理员','组织-查询系统所有的组织树','com.itheima.authority.controller.core.OrgController','tree','/api/authority/org/tree','GET','[, null]','{\"code\":0,\"data\":[{\"abbreviation\":\"\",\"children\":[{\"abbreviation\":\"\",\"children\":[{\"abbreviation\":\"\",\"createTime\":\"2022-09-29T18:15:46\",\"createUser\":1,\"describe\":\"\",\"id\":1025108643500246881,\"label\":\"光明区营业部\",\"name\":\"光明区营业部\",\"parentId\":1025103512826260673,\"parentStatus\":true,\"sortValue\":0,\"status\":true,\"treePath\":\",1025103176946395585,1025103512826260673,\",\"updateTime\":\"2022-09-29T18:15:46\",\"updateUser\":1},{\"abbreviation\":\"\",\"createTime\":\"2022-09-29T18:15:30\",\"createUser\":1,\"describe\":\"\",\"id\":1025108572721366561,\"label\":\" 宝安区营业部\",\"name\":\" 宝安区营业部\",\"parentId\":1025103512826260673,\"parentStatus\":true,\"sortValue\":0,\"status\":true,\"treePath\":\",1025103176946395585,1025103512826260673,\",\"updateTime\":\"2022-09-29T18:15:30\",\"updateUser\":1}],\"createTime\":\"2022-09-29T17:55:23\",\"createUser\":1,\"describe\":\"\",\"id\":1025103512826260673,\"label\":\"深圳分拣中心\",\"name\":\"深圳分拣中心\",\"parentId\":1025103176946395585,\"parentStatus\":true,\"sortValue\":0,\"status\":true,\"treePath\":\",1025103176946395585,\",\"updateTime\":\"2022-09-29T17:55:23\",\"updateUser\":1},{\"abbreviation\":\"\",\"children\":[{\"abbreviation\":\"\",\"createTime\":\"2022-09-29T18:16:20\",\"createUser\":1,\"describe\":\"\",\"id\":1025108784911206497,\"label\":\"越秀区营业部\",\"name\":\"越秀区营业部\",\"parentId\":1025103442882046977,\"parentStatus\":true,\"sortValue\":0,\"status\":true,\"treePath\":\",1025103176946395585,1025103442882046977,\",\"updateTime\":\"2022-09-29T18:16:20\",\"updateUser\":1},{\"abbreviation\":\"\",\"createTime\":\"2022-09-29T18:15:59\",\"createUser\":1,\"describe\":\"\",\"id\":1025108696675633121,\"label\":\"花都营业部\",\"name\":\"花都营业部\",\"parentId\":1025103442882046977,\"parentStatus\":true,\"sortValue\":0,\"status\":true,\"treePath\":\",1025103176946395585,1025103442882046977,\",\"updateTime\":\"2022-09-29T18:15:59\",\"updateUser\":1}],\"createTime\":\"2022-09-29T17:55:06\",\"createUser\":1,\"describe\":\"\",\"id\":1025103442882046977,\"label\":\"广州分拣中心\",\"name\":\"广州分拣中心\",\"parentId\":1025103176946395585,\"parentStatus\":true,\"sortValue\":0,\"status\":true,\"treePath\":\",1025103176946395585,\",\"updateTime\":\"2022-09-29T17:55:06\",\"updateUser\":1}],\"createTime\":\"2022-09-29T17:54:03\",\"createUser\":1,\"describe\":\"\",\"id\":1025103176946395585,\"label\":\"华南转运中心\",\"managerId\":1024705709255773345,\"name\":\"华南转运中心\",\"parentId\":0,\"sortValue\":0,\"status\":true,\"treePath\":\",\",\"updateTime\":\"2022-09-29T17:54:03\",\"updateUser\":1},{\"abbreviation\":\"\",\"children\":[{\"abbreviation\":\"\",\"children\":[{\"abbreviation\":\"\",\"createTime\":\"2022-09-29T10:38:26\",\"createUser\":1,\"describe\":\"\",\"id\":1024993548853984385,\"label\":\"江汉营业部\",\"name\":\"江汉营业部\",\"parentId\":1024991961163118369,\"parentStatus\":true,\"sortValue\":0,\"status\":true,\"treePath\":\",1024990726519403457,1024991961163118369,\",\"updateTime\":\"2022-09-29T10:38:26\",\"updateUser\":1},{\"abbreviation\":\"\",\"createTime\":\"2022-09-29T10:37:56\",\"createUser\":1,\"describe\":\"\",\"id\":1024993422324415489,\"label\":\"武昌营业部\",\"managerId\":1024705709255773345,\"name\":\"武昌营业部\",\"parentId\":1024991961163118369,\"parentStatus\":true,\"sortValue\":0,\"status\":true,\"treePath\":\",1024990726519403457,1024991961163118369,\",\"updateTime\":\"2022-09-29T10:37:56\",\"updateUser\":1}],\"createTime\":\"2022-09-29T10:32:07\",\"createUser\":1,\"describe\":\"\",\"id\":1024991961163118369,\"label\":\"武汉分拣中心\",\"name\":\"武汉分拣中心\",\"parentId\":1024990726519403457,\"parentStatus\":true,\"sortValue\":0,\"status\":true,\"treePath\":\",1024990726519403457,\",\"updateTime\":\"2022-09-29T10:32:07\",\"updateUser\":1}],\"createTime\":\"2022-09-29T10:27:13\",\"createUser\":1,\"describe\":\"\",\"id\":1024990726519403457,\"label\":\"华中转运中心\",\"name\":\"华中转运中心\",\"parentId\":0,\"sortValue\":0,\"status\":true,\"treePath\":\",\",\"updateTime\":\"2022-09-29T10:27:13\",\"updateUser\":1},{\"abbreviation\":\"\",\"children\":[{\"abbreviation\":\"\",\"children\":[{\"abbreviation\":\"\",\"createTime\":\"2022-09-28T19:59:46\",\"createUser\":1,\"describe\":\"\",\"id\":1024772425923018049,\"label\":\"长安区营业部\",\"name\":\"长安区营业部\",\"parentId\":1024772115791985729,\"parentStatus\":true,\"sortValue\":0,\"status\":true,\"treePath\":\",1024704844486756641,1024772115791985729,\",\"updateTime\":\"2022-09-28T19:59:46\",\"updateUser\":1},{\"abbreviation\":\"\",\"createTime\":\"2022-09-28T19:59:16\",\"createUser\":1,\"describe\":\"\",\"id\":1024772301733870785,\"label\":\"碑林区营业部\",\"name\":\"碑林区营业部\",\"parentId\":1024772115791985729,\"parentStatus\":true,\"sortValue\":0,\"status\":true,\"treePath\":\",1024704844486756641,1024772115791985729,\",\"updateTime\":\"2022-09-28T19:59:16\",\"updateUser\":1}],\"createTime\":\"2022-09-28T19:58:32\",\"createUser\":1,\"describe\":\"\",\"id\":1024772115791985729,\"label\":\"西安分拣中心\",\"name\":\"西安分拣中心\",\"parentId\":1024704844486756641,\"parentStatus\":true,\"sortValue\":0,\"status\":true,\"treePath\":\",1024704844486756641,\",\"updateTime\":\"2022-09-28T19:58:32\",\"updateUser\":1}],\"createTime\":\"2022-09-28T15:31:13\",\"createUser\":1,\"describe\":\"\",\"id\":1024704844486756641,\"label\":\"西北转运中心\",\"managerId\":1,\"name\":\"西北转运中心\",\"parentId\":0,\"sortValue\":0,\"status\":true,\"treePath\":\",\",\"updateTime\":\"2022-09-28T15:31:13\",\"updateUser\":1},{\"abbreviation\":\"\",\"children\":[{\"abbreviation\":\"\",\"children\":[{\"abbreviation\":\"\",\"createTime\":\"2022-09-29T09:49:44\",\"createUser\":1,\"describe\":\"\",\"id\":1024981295454874273,\"label\":\"虹口区营业部\",\"name\":\"虹口区营业部\",\"parentId\":1024980990084376673,\"parentStatus\":true,\"sortValue\":0,\"status\":true,\"treePath\":\",1024980958136362977,1024980990084376673,\",\"updateTime\":\"2022-09-29T09:49:44\",\"updateUser\":1},{\"abbreviation\":\"\",\"createTime\":\"2022-09-29T09:49:31\",\"createUser\":1,\"describe\":\"\",\"id\":1024981239465110017,\"label\":\"浦东新区营业部\",\"name\":\"浦东新区营业部\",\"parentId\":1024980990084376673,\"parentStatus\":true,\"sortValue\":0,\"status\":true,\"treePath\":\",1024980958136362977,1024980990084376673,\",\"updateTime\":\"2022-09-29T09:49:31\",\"updateUser\":1}],\"createTime\":\"2022-09-29T09:48:31\",\"createUser\":1,\"describe\":\"\",\"id\":1024980990084376673,\"label\":\"上海分拣中心\",\"name\":\"上海分拣中心\",\"parentId\":1024980958136362977,\"parentStatus\":true,\"sortValue\":0,\"status\":true,\"treePath\":\",1024980958136362977,\",\"updateTime\":\"2022-09-29T09:48:31\",\"updateUser\":1}],\"createTime\":\"2022-09-29T09:48:24\",\"createUser\":1,\"describe\":\"\",\"id\":1024980958136362977,\"label\":\"华东转运中心\",\"name\":\"华东转运中心\",\"parentId\":0,\"sortValue\":0,\"status\":true,\"treePath\":\",\",\"updateTime\":\"2022-09-29T09:48:24\",\"updateUser\":1},{\"abbreviation\":\"\",\"children\":[{\"abbreviation\":\"\",\"children\":[{\"abbreviation\":\"\",\"createTime\":\"2022-09-29T09:47:54\",\"createUser\":1,\"describe\":\"\",\"id\":1024980833938827105,\"label\":\"顺义区营业部\",\"name\":\"顺义区营业部\",\"parentId\":1024980728632436289,\"parentStatus\":true,\"sortValue\":0,\"status\":true,\"treePath\":\",1024980634071852417,1024980728632436289,\",\"updateTime\":\"2022-09-29T09:47:54\",\"updateUser\":1},{\"abbreviation\":\"\",\"createTime\":\"2022-09-29T09:47:46\",\"createUser\":1,\"describe\":\"\",\"id\":1024980800111765185,\"label\":\"昌平区营业部\",\"name\":\"昌平区营业部\",\"parentId\":1024980728632436289,\"parentStatus\":true,\"sortValue\":0,\"status\":true,\"treePath\":\",1024980634071852417,1024980728632436289,\",\"updateTime\":\"2022-09-29T09:47:46\",\"updateUser\":1}],\"createTime\":\"2022-09-29T09:47:29\",\"createUser\":1,\"describe\":\"\",\"id\":1024980728632436289,\"label\":\"北京分拣中心\",\"name\":\"北京分拣中心\",\"parentId\":1024980634071852417,\"parentStatus\":true,\"sortValue\":0,\"status\":true,\"treePath\":\",1024980634071852417,\",\"updateTime\":\"2022-09-29T09:47:29\",\"updateUser\":1}],\"createTime\":\"2022-09-29T09:47:07\",\"createUser\":1,\"describe\":\"\",\"id\":1024980634071852417,\"label\":\"华北转运中心\",\"name\":\"华北转运中心\",\"parentId\":0,\"sortValue\":0,\"status\":true,\"treePath\":\",\",\"updateTime\":\"2022-09-29T09:47:07\",\"updateUser\":1},{\"abbreviation\":\"\",\"children\":[{\"abbreviation\":\"\",\"children\":[{\"abbreviation\":\"\",\"createTime\":\"2022-09-28T19:57:06\",\"createUser\":1,\"describe\":\"\",\"id\":1024771753995515873,\"label\":\"青羊区营业部\",\"name\":\"青羊区营业部\",\"parentId\":1024706903290237921,\"parentStatus\":true,\"sortValue\":0,\"status\":true,\"treePath\":\",1024706655985685345,1024706903290237921,\",\"updateTime\":\"2022-09-28T19:57:06\",\"updateUser\":1},{\"abbreviation\":\"\",\"createTime\":\"2022-09-28T19:55:57\",\"createUser\":1,\"describe\":\"\",\"id\":1024771466287232801,\"label\":\"金牛区营业部\",\"name\":\"金牛区营业部\",\"parentId\":1024706903290237921,\"parentStatus\":true,\"sortValue\":0,\"status\":true,\"treePath\":\",1024706655985685345,1024706903290237921,\",\"updateTime\":\"2022-09-28T19:55:57\",\"updateUser\":1}],\"createTime\":\"2022-09-28T15:39:24\",\"createUser\":1,\"describe\":\"\",\"id\":1024706903290237921,\"label\":\"成都分拣中心\",\"name\":\"成都分拣中心\",\"parentId\":1024706655985685345,\"parentStatus\":true,\"sortValue\":0,\"status\":true,\"treePath\":\",1024706655985685345,\",\"updateTime\":\"2022-09-28T15:39:24\",\"updateUser\":1}],\"createTime\":\"2022-09-28T15:38:25\",\"createUser\":1,\"describe\":\"\",\"id\":1024706655985685345,\"label\":\"西南转运中心\",\"name\":\"西南转运中心\",\"parentId\":0,\"sortValue\":0,\"status\":true,\"treePath\":\",\",\"updateTime\":\"2022-09-28T15:38:25\",\"updateUser\":1},{\"abbreviation\":\"\",\"children\":[{\"abbreviation\":\"\",\"children\":[{\"abbreviation\":\"\",\"createTime\":\"2022-09-29T10:05:29\",\"createUser\":1,\"describe\":\"\",\"id\":1024985257948084801,\"label\":\"和平区营业部\",\"managerId\":1024705709255773345,\"name\":\"和平区营业部\",\"parentId\":1024984540818568481,\"parentStatus\":true,\"sortValue\":0,\"status\":true,\"treePath\":\",1024982867475820033,1024984540818568481,\",\"updateTime\":\"2022-09-29T10:05:29\",\"updateUser\":1},{\"abbreviation\":\"\",\"createTime\":\"2022-09-29T10:04:58\",\"createUser\":1,\"describe\":\"\",\"id\":1024985129287809409,\"label\":\"皇姑区营业部\",\"managerId\":1024705709255773345,\"name\":\"皇姑区营业部\",\"parentId\":1024984540818568481,\"parentStatus\":true,\"sortValue\":0,\"status\":true,\"treePath\":\",1024982867475820033,1024984540818568481,\",\"updateTime\":\"2022-09-29T10:04:58\",\"updateUser\":1}],\"createTime\":\"2022-09-29T10:02:38\",\"createUser\":1,\"describe\":\"\",\"id\":1024984540818568481,\"label\":\"沈阳分拣中心\",\"managerId\":1024705709255773345,\"name\":\"沈阳分拣中心\",\"parentId\":1024982867475820033,\"parentStatus\":true,\"sortValue\":0,\"status\":true,\"treePath\":\",1024982867475820033,\",\"updateTime\":\"2022-09-29T10:02:38\",\"updateUser\":1}],\"createTime\":\"2022-09-29T09:55:59\",\"createUser\":1,\"describe\":\"\",\"id\":1024982867475820033,\"label\":\"东北转运中心\",\"managerId\":1024705709255773345,\"name\":\"东北转运中心\",\"parentId\":0,\"sortValue\":1,\"status\":true,\"treePath\":\",\",\"updateTime\":\"2022-09-29T09:55:59\",\"updateUser\":1}],\"isError\":false,\"isSuccess\":true,\"msg\":\"ok\",\"timestamp\":1695012381988}',NULL,NULL,'2023-09-18 12:46:22','2023-09-18 12:46:22',32,'Mozilla/5.0 (Windows NT 10.0; Win64; x64) AppleWebKit/537.36 (KHTML, like Gecko) Chrome/117.0.0.0 Safari/537.36 Edg/117.0.2045.31','2023-09-18 12:46:22',1);
/*!40000 ALTER TABLE `itcast_common_opt_log` ENABLE KEYS */;
UNLOCK TABLES;

--
-- Table structure for table `itcast_core_org`
--

DROP TABLE IF EXISTS `itcast_core_org`;
/*!40101 SET @saved_cs_client     = @@character_set_client */;
/*!50503 SET character_set_client = utf8mb4 */;
CREATE TABLE `itcast_core_org` (
  `id` bigint NOT NULL COMMENT 'ID',
  `name` varchar(100) CHARACTER SET utf8mb4 COLLATE utf8mb4_0900_ai_ci NOT NULL DEFAULT '' COMMENT '名称',
  `abbreviation` varchar(255) CHARACTER SET utf8mb4 COLLATE utf8mb4_0900_ai_ci DEFAULT '' COMMENT '简称',
  `parent_id` bigint DEFAULT '0' COMMENT '父ID',
  `org_type` tinyint(1) DEFAULT NULL COMMENT '部门类型 1为分公司，2为一级转运中心 3为二级转运中心 4为网点',
  `province_id` bigint DEFAULT NULL COMMENT '省',
  `city_id` bigint DEFAULT NULL COMMENT '市',
  `county_id` bigint DEFAULT NULL COMMENT '区',
  `address` varchar(255) CHARACTER SET utf8mb4 COLLATE utf8mb4_0900_ai_ci DEFAULT NULL COMMENT '地址',
  `contract_number` varchar(20) CHARACTER SET utf8mb4 COLLATE utf8mb4_0900_ai_ci DEFAULT NULL COMMENT '联系电话',
  `manager_id` bigint DEFAULT NULL COMMENT '负责人id',
  `tree_path` varchar(255) CHARACTER SET utf8mb4 COLLATE utf8mb4_0900_ai_ci DEFAULT ',' COMMENT '树结构',
  `sort_value` int DEFAULT '1' COMMENT '排序',
  `status` bit(1) DEFAULT b'0' COMMENT '状态',
  `describe_` varchar(255) CHARACTER SET utf8mb4 COLLATE utf8mb4_0900_ai_ci DEFAULT '' COMMENT '描述',
  `create_time` datetime DEFAULT NULL,
  `create_user` bigint DEFAULT NULL,
  `update_time` datetime DEFAULT NULL,
  `update_user` bigint DEFAULT NULL,
  PRIMARY KEY (`id`) USING BTREE,
  UNIQUE KEY `PCO_NAME` (`name`) USING BTREE,
  FULLTEXT KEY `FU_PATH` (`tree_path`)
) ENGINE=InnoDB DEFAULT CHARSET=utf8mb4 COLLATE=utf8mb4_0900_ai_ci COMMENT='组织';
/*!40101 SET character_set_client = @saved_cs_client */;

--
-- Dumping data for table `itcast_core_org`
--

LOCK TABLES `itcast_core_org` WRITE;
/*!40000 ALTER TABLE `itcast_core_org` DISABLE KEYS */;
INSERT INTO `itcast_core_org` VALUES (1024704844486756641,'西北转运中心','',0,NULL,NULL,NULL,NULL,NULL,NULL,1,',',0,_binary '','','2022-09-28 15:31:13',1,'2022-09-28 15:31:13',1),(1024706655985685345,'西南转运中心','',0,NULL,NULL,NULL,NULL,NULL,NULL,NULL,',',0,_binary '','','2022-09-28 15:38:25',1,'2022-09-28 15:38:25',1),(1024706903290237921,'成都分拣中心','',1024706655985685345,NULL,NULL,NULL,NULL,NULL,NULL,NULL,',1024706655985685345,',0,_binary '','','2022-09-28 15:39:24',1,'2022-09-28 15:39:24',1),(1024771466287232801,'金牛区营业部','',1024706903290237921,NULL,NULL,NULL,NULL,NULL,NULL,NULL,',1024706655985685345,1024706903290237921,',0,_binary '','','2022-09-28 19:55:57',1,'2022-09-28 19:55:57',1),(1024771753995515873,'青羊区营业部','',1024706903290237921,NULL,NULL,NULL,NULL,NULL,NULL,NULL,',1024706655985685345,1024706903290237921,',0,_binary '','','2022-09-28 19:57:06',1,'2022-09-28 19:57:06',1),(1024772115791985729,'西安分拣中心','',1024704844486756641,NULL,NULL,NULL,NULL,NULL,NULL,NULL,',1024704844486756641,',0,_binary '','','2022-09-28 19:58:32',1,'2022-09-28 19:58:32',1),(1024772301733870785,'碑林区营业部','',1024772115791985729,NULL,NULL,NULL,NULL,NULL,NULL,NULL,',1024704844486756641,1024772115791985729,',0,_binary '','','2022-09-28 19:59:16',1,'2022-09-28 19:59:16',1),(1024772425923018049,'长安区营业部','',1024772115791985729,NULL,NULL,NULL,NULL,NULL,NULL,NULL,',1024704844486756641,1024772115791985729,',0,_binary '','','2022-09-28 19:59:46',1,'2022-09-28 19:59:46',1),(1024980634071852417,'华北转运中心','',0,NULL,NULL,NULL,NULL,NULL,NULL,NULL,',',0,_binary '','','2022-09-29 09:47:07',1,'2022-09-29 09:47:07',1),(1024980728632436289,'北京分拣中心','',1024980634071852417,NULL,NULL,NULL,NULL,NULL,NULL,NULL,',1024980634071852417,',0,_binary '','','2022-09-29 09:47:29',1,'2022-09-29 09:47:29',1),(1024980800111765185,'昌平区营业部','',1024980728632436289,NULL,NULL,NULL,NULL,NULL,NULL,NULL,',1024980634071852417,1024980728632436289,',0,_binary '','','2022-09-29 09:47:46',1,'2022-09-29 09:47:46',1),(1024980833938827105,'顺义区营业部','',1024980728632436289,NULL,NULL,NULL,NULL,NULL,NULL,NULL,',1024980634071852417,1024980728632436289,',0,_binary '','','2022-09-29 09:47:54',1,'2022-09-29 09:47:54',1),(1024980958136362977,'华东转运中心','',0,NULL,NULL,NULL,NULL,NULL,NULL,NULL,',',0,_binary '','','2022-09-29 09:48:24',1,'2022-09-29 09:48:24',1),(1024980990084376673,'上海分拣中心','',1024980958136362977,NULL,NULL,NULL,NULL,NULL,NULL,NULL,',1024980958136362977,',0,_binary '','','2022-09-29 09:48:31',1,'2022-09-29 09:48:31',1),(1024981239465110017,'浦东新区营业部','',1024980990084376673,NULL,NULL,NULL,NULL,NULL,NULL,NULL,',1024980958136362977,1024980990084376673,',0,_binary '','','2022-09-29 09:49:31',1,'2022-09-29 09:49:31',1),(1024981295454874273,'虹口区营业部','',1024980990084376673,NULL,NULL,NULL,NULL,NULL,NULL,NULL,',1024980958136362977,1024980990084376673,',0,_binary '','','2022-09-29 09:49:44',1,'2022-09-29 09:49:44',1),(1024982867475820033,'东北转运中心','',0,NULL,NULL,NULL,NULL,NULL,NULL,1024705709255773345,',',1,_binary '','','2022-09-29 09:55:59',1,'2022-09-29 09:55:59',1),(1024984540818568481,'沈阳分拣中心','',1024982867475820033,NULL,NULL,NULL,NULL,NULL,NULL,1024705709255773345,',1024982867475820033,',0,_binary '','','2022-09-29 10:02:38',1,'2022-09-29 10:02:38',1),(1024985129287809409,'皇姑区营业部','',1024984540818568481,NULL,NULL,NULL,NULL,NULL,NULL,1024705709255773345,',1024982867475820033,1024984540818568481,',0,_binary '','','2022-09-29 10:04:58',1,'2022-09-29 10:04:58',1),(1024985257948084801,'和平区营业部','',1024984540818568481,NULL,NULL,NULL,NULL,NULL,NULL,1024705709255773345,',1024982867475820033,1024984540818568481,',0,_binary '','','2022-09-29 10:05:29',1,'2022-09-29 10:05:29',1),(1024990726519403457,'华中转运中心','',0,NULL,NULL,NULL,NULL,NULL,NULL,NULL,',',0,_binary '','','2022-09-29 10:27:13',1,'2022-09-29 10:27:13',1),(1024991961163118369,'武汉分拣中心','',1024990726519403457,NULL,NULL,NULL,NULL,NULL,NULL,NULL,',1024990726519403457,',0,_binary '','','2022-09-29 10:32:07',1,'2022-09-29 10:32:07',1),(1024993422324415489,'武昌营业部','',1024991961163118369,NULL,NULL,NULL,NULL,NULL,NULL,1024705709255773345,',1024990726519403457,1024991961163118369,',0,_binary '','','2022-09-29 10:37:56',1,'2022-09-29 10:37:56',1),(1024993548853984385,'江汉营业部','',1024991961163118369,NULL,NULL,NULL,NULL,NULL,NULL,NULL,',1024990726519403457,1024991961163118369,',0,_binary '','','2022-09-29 10:38:26',1,'2022-09-29 10:38:26',1),(1025103176946395585,'华南转运中心','',0,NULL,NULL,NULL,NULL,NULL,NULL,1024705709255773345,',',0,_binary '','','2022-09-29 17:54:03',1,'2022-09-29 17:54:03',1),(1025103442882046977,'广州分拣中心','',1025103176946395585,NULL,NULL,NULL,NULL,NULL,NULL,NULL,',1025103176946395585,',0,_binary '','','2022-09-29 17:55:06',1,'2022-09-29 17:55:06',1),(1025103512826260673,'深圳分拣中心','',1025103176946395585,NULL,NULL,NULL,NULL,NULL,NULL,NULL,',1025103176946395585,',0,_binary '','','2022-09-29 17:55:23',1,'2022-09-29 17:55:23',1),(1025108572721366561,' 宝安区营业部','',1025103512826260673,NULL,NULL,NULL,NULL,NULL,NULL,NULL,',1025103176946395585,1025103512826260673,',0,_binary '','','2022-09-29 18:15:30',1,'2022-09-29 18:15:30',1),(1025108643500246881,'光明区营业部','',1025103512826260673,NULL,NULL,NULL,NULL,NULL,NULL,NULL,',1025103176946395585,1025103512826260673,',0,_binary '','','2022-09-29 18:15:46',1,'2022-09-29 18:15:46',1),(1025108696675633121,'花都营业部','',1025103442882046977,NULL,NULL,NULL,NULL,NULL,NULL,NULL,',1025103176946395585,1025103442882046977,',0,_binary '','','2022-09-29 18:15:59',1,'2022-09-29 18:15:59',1),(1025108784911206497,'越秀区营业部','',1025103442882046977,NULL,NULL,NULL,NULL,NULL,NULL,NULL,',1025103176946395585,1025103442882046977,',0,_binary '','','2022-09-29 18:16:20',1,'2022-09-29 18:16:20',1);
/*!40000 ALTER TABLE `itcast_core_org` ENABLE KEYS */;
UNLOCK TABLES;

--
-- Table structure for table `itcast_core_station`
--

DROP TABLE IF EXISTS `itcast_core_station`;
/*!40101 SET @saved_cs_client     = @@character_set_client */;
/*!50503 SET character_set_client = utf8mb4 */;
CREATE TABLE `itcast_core_station` (
  `id` bigint NOT NULL COMMENT 'ID',
  `name` varchar(100) CHARACTER SET utf8mb4 COLLATE utf8mb4_0900_ai_ci NOT NULL DEFAULT '' COMMENT '名称',
  `org_id` bigint DEFAULT '0' COMMENT '组织ID\n#c_core_org',
  `status` bit(1) DEFAULT b'1' COMMENT '状态',
  `describe_` varchar(255) CHARACTER SET utf8mb4 COLLATE utf8mb4_0900_ai_ci DEFAULT '' COMMENT '描述',
  `create_time` datetime DEFAULT NULL,
  `create_user` bigint DEFAULT NULL,
  `update_time` datetime DEFAULT NULL,
  `update_user` bigint DEFAULT NULL,
  PRIMARY KEY (`id`) USING BTREE,
  UNIQUE KEY `PCS_NAME` (`name`) USING BTREE
) ENGINE=InnoDB DEFAULT CHARSET=utf8mb4 COLLATE=utf8mb4_0900_ai_ci COMMENT='岗位';
/*!40101 SET character_set_client = @saved_cs_client */;

--
-- Dumping data for table `itcast_core_station`
--

LOCK TABLES `itcast_core_station` WRITE;
/*!40000 ALTER TABLE `itcast_core_station` DISABLE KEYS */;
INSERT INTO `itcast_core_station` VALUES (1024705489436494721,'神领管理员',0,_binary '','','2022-09-28 15:33:47',1,'2022-09-28 15:33:47',1),(1024707516816250081,'快递员',0,_binary '','','2022-09-28 15:41:50',1,'2022-09-28 15:41:50',1),(1024707535891944769,'司机',0,_binary '','','2022-09-28 15:41:55',1,'2022-09-28 15:41:55',1);
/*!40000 ALTER TABLE `itcast_core_station` ENABLE KEYS */;
UNLOCK TABLES;

--
-- Dumping routines for database 'itcast_auth'
--
/*!40103 SET TIME_ZONE=@OLD_TIME_ZONE */;

/*!40101 SET SQL_MODE=@OLD_SQL_MODE */;
/*!40014 SET FOREIGN_KEY_CHECKS=@OLD_FOREIGN_KEY_CHECKS */;
/*!40014 SET UNIQUE_CHECKS=@OLD_UNIQUE_CHECKS */;
/*!40101 SET CHARACTER_SET_CLIENT=@OLD_CHARACTER_SET_CLIENT */;
/*!40101 SET CHARACTER_SET_RESULTS=@OLD_CHARACTER_SET_RESULTS */;
/*!40101 SET COLLATION_CONNECTION=@OLD_COLLATION_CONNECTION */;
/*!40111 SET SQL_NOTES=@OLD_SQL_NOTES */;

-- Dump completed on 2023-09-27 19:57:37
